source,line,utc,et,event,campaign_id,action,policy,reason,waypoint,phase,pos_before,price,evidence_kind,evidence_side,evidence_range,ts_utc,mono_us,simulated_position_quantity,live_position_quantity,active_risk_anchor,active_risk_anchor_evidence_id,root_risk_anchor,root_risk_anchor_evidence_id,armed_waypoint_id,suppress_adds_until,execution_attempt_count,max_retry,retries_remaining,execution_pause_reason,execution_paused_at,execution_accepted,execution_shadow,execution_order_id,execution_message,kind,mid_price,band_side,band_state,band_min,band_max,band_score,candidate_side,candidate_min,candidate_max,candidate_score
kahn,10814,2026-08-27T18:18:01.192970Z,14:18:01,policy_decision,es-2026-08-27-short-upper-supply-vwap-7754-7756,SuppressAdd,no_add_zone,inside_no_add_zone,no-add-7728-7738,BuildTrial,2,7733.875,PriceTouch,None,,,,,,,,,,,,,,,,,,,,,,,,,,,,,,,
kahn,10815,2026-08-27T18:18:01.193576Z,14:18:01,campaign_state,es-2026-08-27-short-upper-supply-vwap-7754-7756,,,,,BuildTrial,,,,,,2026-08-27T18:18:01.1935760Z,6609780180,2,2,"{'lower': 7743.75, 'upper': 7747.25}",live-ll-37-RailOwned-639234504886562358,"{'lower': 7751.25, 'upper': 7751.5}",live-ll-28-RailHeld-639234491436131978,,2026-08-27T18:19:31.1919561+00:00,1,3,2,,,True,False,,state-only decision,,,,,,,,,,,
kahn,10817,2026-08-27T18:18:04.216063Z,14:18:04,ll_transition,,,,,,,,,,,,,,,,,,,,,,,,,,,,,,,RailTested,7734.75,Supply,Tested,7735.5,7735.5,11.928916589862665,,,,
kahn,10818,2026-08-27T18:18:06.441772Z,14:18:06,policy_decision,es-2026-08-27-short-upper-supply-vwap-7754-7756,SuppressAdd,no_add_zone,inside_no_add_zone,no-add-7728-7738,BuildTrial,2,7735.375,PriceTouch,None,,,,,,,,,,,,,,,,,,,,,,,,,,,,,,,
kahn,10819,2026-08-27T18:18:06.442091Z,14:18:06,campaign_state,es-2026-08-27-short-upper-supply-vwap-7754-7756,,,,,BuildTrial,,,,,,2026-08-27T18:18:06.4420913Z,6615028515,2,2,"{'lower': 7743.75, 'upper': 7747.25}",live-ll-37-RailOwned-639234504886562358,"{'lower': 7751.25, 'upper': 7751.5}",live-ll-28-RailHeld-639234491436131978,,2026-08-27T18:19:36.4411857+00:00,1,3,2,,,True,False,,state-only decision,,,,,,,,,,,
kahn,10821,2026-08-27T18:18:11.687748Z,14:18:11,policy_decision,es-2026-08-27-short-upper-supply-vwap-7754-7756,SuppressAdd,no_add_zone,inside_no_add_zone,no-add-7728-7738,BuildTrial,2,7735.125,PriceTouch,None,,,,,,,,,,,,,,,,,,,,,,,,,,,,,,,
kahn,10822,2026-08-27T18:18:11.688346Z,14:18:11,campaign_state,es-2026-08-27-short-upper-supply-vwap-7754-7756,,,,,BuildTrial,,,,,,2026-08-27T18:18:11.6883463Z,6620274591,2,2,"{'lower': 7743.75, 'upper': 7747.25}",live-ll-37-RailOwned-639234504886562358,"{'lower': 7751.25, 'upper': 7751.5}",live-ll-28-RailHeld-639234491436131978,,2026-08-27T18:19:41.6867377+00:00,1,3,2,,,True,False,,state-only decision,,,,,,,,,,,
kahn,10825,2026-08-27T18:18:16.691574Z,14:18:16,policy_decision,es-2026-08-27-short-upper-supply-vwap-7754-7756,SuppressAdd,no_add_zone,inside_no_add_zone,no-add-7728-7738,BuildTrial,2,7734.625,PriceTouch,None,,,,,,,,,,,,,,,,,,,,,,,,,,,,,,,
kahn,10826,2026-08-27T18:18:16.692154Z,14:18:16,campaign_state,es-2026-08-27-short-upper-supply-vwap-7754-7756,,,,,BuildTrial,,,,,,2026-08-27T18:18:16.6921545Z,6625278228,2,2,"{'lower': 7743.75, 'upper': 7747.25}",live-ll-37-RailOwned-639234504886562358,"{'lower': 7751.25, 'upper': 7751.5}",live-ll-28-RailHeld-639234491436131978,,2026-08-27T18:19:46.6908007+00:00,1,3,2,,,True,False,,state-only decision,,,,,,,,,,,
kahn,10828,2026-08-27T18:18:21.691976Z,14:18:21,policy_decision,es-2026-08-27-short-upper-supply-vwap-7754-7756,SuppressAdd,no_add_zone,inside_no_add_zone,no-add-7728-7738,BuildTrial,2,7734.875,PriceTouch,None,,,,,,,,,,,,,,,,,,,,,,,,,,,,,,,
kahn,10829,2026-08-27T18:18:21.692535Z,14:18:21,campaign_state,es-2026-08-27-short-upper-supply-vwap-7754-7756,,,,,BuildTrial,,,,,,2026-08-27T18:18:21.6925354Z,6630278438,2,2,"{'lower': 7743.75, 'upper': 7747.25}",live-ll-37-RailOwned-639234504886562358,"{'lower': 7751.25, 'upper': 7751.5}",live-ll-28-RailHeld-639234491436131978,,2026-08-27T18:19:51.6908347+00:00,1,3,2,,,True,False,,state-only decision,,,,,,,,,,,
kahn,10831,2026-08-27T18:18:26.940213Z,14:18:26,policy_decision,es-2026-08-27-short-upper-supply-vwap-7754-7756,SuppressAdd,no_add_zone,inside_no_add_zone,no-add-7728-7738,BuildTrial,2,7734.625,PriceTouch,None,,,,,,,,,,,,,,,,,,,,,,,,,,,,,,,
kahn,10832,2026-08-27T18:18:26.941702Z,14:18:26,campaign_state,es-2026-08-27-short-upper-supply-vwap-7754-7756,,,,,BuildTrial,,,,,,2026-08-27T18:18:26.9417029Z,6635527428,2,2,"{'lower': 7743.75, 'upper': 7747.25}",live-ll-37-RailOwned-639234504886562358,"{'lower': 7751.25, 'upper': 7751.5}",live-ll-28-RailHeld-639234491436131978,,2026-08-27T18:19:56.9394040+00:00,1,3,2,,,True,False,,state-only decision,,,,,,,,,,,
kahn,10833,2026-08-27T18:18:32.191448Z,14:18:32,policy_decision,es-2026-08-27-short-upper-supply-vwap-7754-7756,SuppressAdd,no_add_zone,inside_no_add_zone,no-add-7728-7738,BuildTrial,2,7734.625,PriceTouch,None,,,,,,,,,,,,,,,,,,,,,,,,,,,,,,,
kahn,10834,2026-08-27T18:18:32.192467Z,14:18:32,campaign_state,es-2026-08-27-short-upper-supply-vwap-7754-7756,,,,,BuildTrial,,,,,,2026-08-27T18:18:32.1924673Z,6640778016,2,2,"{'lower': 7743.75, 'upper': 7747.25}",live-ll-37-RailOwned-639234504886562358,"{'lower': 7751.25, 'upper': 7751.5}",live-ll-28-RailHeld-639234491436131978,,2026-08-27T18:20:02.1907490+00:00,1,3,2,,,True,False,,state-only decision,,,,,,,,,,,
kahn,10836,2026-08-27T18:18:37.432765Z,14:18:37,policy_decision,es-2026-08-27-short-upper-supply-vwap-7754-7756,SuppressAdd,no_add_zone,inside_no_add_zone,no-add-7728-7738,BuildTrial,2,7734.375,PriceTouch,None,,,,,,,,,,,,,,,,,,,,,,,,,,,,,,,
kahn,10837,2026-08-27T18:18:37.433347Z,14:18:37,campaign_state,es-2026-08-27-short-upper-supply-vwap-7754-7756,,,,,BuildTrial,,,,,,2026-08-27T18:18:37.4333472Z,6646018710,2,2,"{'lower': 7743.75, 'upper': 7747.25}",live-ll-37-RailOwned-639234504886562358,"{'lower': 7751.25, 'upper': 7751.5}",live-ll-28-RailHeld-639234491436131978,,2026-08-27T18:20:07.4320696+00:00,1,3,2,,,True,False,,state-only decision,,,,,,,,,,,
kahn,10838,2026-08-27T18:18:42.448164Z,14:18:42,policy_decision,es-2026-08-27-short-upper-supply-vwap-7754-7756,SuppressAdd,no_add_zone,inside_no_add_zone,no-add-7728-7738,BuildTrial,2,7734.375,PriceTouch,None,,,,,,,,,,,,,,,,,,,,,,,,,,,,,,,
kahn,10839,2026-08-27T18:18:42.448574Z,14:18:42,campaign_state,es-2026-08-27-short-upper-supply-vwap-7754-7756,,,,,BuildTrial,,,,,,2026-08-27T18:18:42.4485748Z,6651033775,2,2,"{'lower': 7743.75, 'upper': 7747.25}",live-ll-37-RailOwned-639234504886562358,"{'lower': 7751.25, 'upper': 7751.5}",live-ll-28-RailHeld-639234491436131978,,2026-08-27T18:20:12.4454425+00:00,1,3,2,,,True,False,,state-only decision,,,,,,,,,,,
kahn,10840,2026-08-27T18:18:47.689638Z,14:18:47,policy_decision,es-2026-08-27-short-upper-supply-vwap-7754-7756,SuppressAdd,no_add_zone,inside_no_add_zone,no-add-7728-7738,BuildTrial,2,7734.375,PriceTouch,None,,,,,,,,,,,,,,,,,,,,,,,,,,,,,,,
kahn,10841,2026-08-27T18:18:47.690092Z,14:18:47,campaign_state,es-2026-08-27-short-upper-supply-vwap-7754-7756,,,,,BuildTrial,,,,,,2026-08-27T18:18:47.6900924Z,6656275103,2,2,"{'lower': 7743.75, 'upper': 7747.25}",live-ll-37-RailOwned-639234504886562358,"{'lower': 7751.25, 'upper': 7751.5}",live-ll-28-RailHeld-639234491436131978,,2026-08-27T18:20:17.6887158+00:00,1,3,2,,,True,False,,state-only decision,,,,,,,,,,,
kahn,10843,2026-08-27T18:18:52.692395Z,14:18:52,policy_decision,es-2026-08-27-short-upper-supply-vwap-7754-7756,SuppressAdd,no_add_zone,inside_no_add_zone,no-add-7728-7738,BuildTrial,2,7735.375,PriceTouch,None,,,,,,,,,,,,,,,,,,,,,,,,,,,,,,,
kahn,10844,2026-08-27T18:18:52.692723Z,14:18:52,campaign_state,es-2026-08-27-short-upper-supply-vwap-7754-7756,,,,,BuildTrial,,,,,,2026-08-27T18:18:52.6927231Z,6661277563,2,2,"{'lower': 7743.75, 'upper': 7747.25}",live-ll-37-RailOwned-639234504886562358,"{'lower': 7751.25, 'upper': 7751.5}",live-ll-28-RailHeld-639234491436131978,,2026-08-27T18:20:22.6916783+00:00,1,3,2,,,True,False,,state-only decision,,,,,,,,,,,
kahn,10846,2026-08-27T18:18:57.942853Z,14:18:57,policy_decision,es-2026-08-27-short-upper-supply-vwap-7754-7756,SuppressAdd,no_add_zone,inside_no_add_zone,no-add-7728-7738,BuildTrial,2,7735.375,PriceTouch,None,,,,,,,,,,,,,,,,,,,,,,,,,,,,,,,
kahn,10847,2026-08-27T18:18:57.945146Z,14:18:57,campaign_state,es-2026-08-27-short-upper-supply-vwap-7754-7756,,,,,BuildTrial,,,,,,2026-08-27T18:18:57.9451463Z,6666529809,2,2,"{'lower': 7743.75, 'upper': 7747.25}",live-ll-37-RailOwned-639234504886562358,"{'lower': 7751.25, 'upper': 7751.5}",live-ll-28-RailHeld-639234491436131978,,2026-08-27T18:20:27.9416603+00:00,1,3,2,,,True,False,,state-only decision,,,,,,,,,,,
kahn,10849,2026-08-27T18:19:03.197999Z,14:19:03,policy_decision,es-2026-08-27-short-upper-supply-vwap-7754-7756,SuppressAdd,no_add_zone,inside_no_add_zone,no-add-7728-7738,BuildTrial,2,7735.875,PriceTouch,None,,,,,,,,,,,,,,,,,,,,,,,,,,,,,,,
kahn,10850,2026-08-27T18:19:03.210834Z,14:19:03,campaign_state,es-2026-08-27-short-upper-supply-vwap-7754-7756,,,,,BuildTrial,,,,,,2026-08-27T18:19:03.2108341Z,6671795316,2,2,"{'lower': 7743.75, 'upper': 7747.25}",live-ll-37-RailOwned-639234504886562358,"{'lower': 7751.25, 'upper': 7751.5}",live-ll-28-RailHeld-639234491436131978,,2026-08-27T18:20:33.1948362+00:00,1,3,2,,,True,False,,state-only decision,,,,,,,,,,,
kahn,10852,2026-08-27T18:19:08.443645Z,14:19:08,policy_decision,es-2026-08-27-short-upper-supply-vwap-7754-7756,SuppressAdd,no_add_zone,inside_no_add_zone,no-add-7728-7738,BuildTrial,2,7735.625,PriceTouch,None,,,,,,,,,,,,,,,,,,,,,,,,,,,,,,,
kahn,10853,2026-08-27T18:19:08.444078Z,14:19:08,campaign_state,es-2026-08-27-short-upper-supply-vwap-7754-7756,,,,,BuildTrial,,,,,,2026-08-27T18:19:08.4440785Z,6677028380,2,2,"{'lower': 7743.75, 'upper': 7747.25}",live-ll-37-RailOwned-639234504886562358,"{'lower': 7751.25, 'upper': 7751.5}",live-ll-28-RailHeld-639234491436131978,,2026-08-27T18:20:38.4425390+00:00,1,3,2,,,True,False,,state-only decision,,,,,,,,,,,
kahn,10854,2026-08-27T18:19:12.441019Z,14:19:12,ll_transition,,,,time,,,,,,,,,,,,,,,,,,,,,,,,,,,RailFailed,7735.5,Supply,Failed,7734.25,7734.25,8.194202188759384,,,,
kahn,10855,2026-08-27T18:19:12.441607Z,14:19:12,ll_transition,,,,NoOwner,,,,,,,,,,,,,,,,,,,,,,,,,,,GreyUpdated,7735.5,Demand,NoOwner,7734.25,7752.5,193.95335225583776,,,,
kahn,10856,2026-08-27T18:19:12.441686Z,14:19:12,ll_transition,,,,Contested,,,,,,,,,,,,,,,,,,,,,,,,,,,GreyUpdated,7735.5,Demand,Contested,7734.25,7752.5,193.95335225583776,,,,
kahn,10857,2026-08-27T18:19:13.692597Z,14:19:13,policy_decision,es-2026-08-27-short-upper-supply-vwap-7754-7756,SuppressAdd,no_add_zone,inside_no_add_zone,no-add-7728-7738,BuildTrial,2,7735.625,PriceTouch,None,,,,,,,,,,,,,,,,,,,,,,,,,,,,,,,
kahn,10858,2026-08-27T18:19:13.692870Z,14:19:13,campaign_state,es-2026-08-27-short-upper-supply-vwap-7754-7756,,,,,BuildTrial,,,,,,2026-08-27T18:19:13.6928707Z,6682276991,2,2,"{'lower': 7743.75, 'upper': 7747.25}",live-ll-37-RailOwned-639234504886562358,"{'lower': 7751.25, 'upper': 7751.5}",live-ll-28-RailHeld-639234491436131978,,2026-08-27T18:20:43.6919682+00:00,1,3,2,,,True,False,,state-only decision,,,,,,,,,,,
kahn,10860,2026-08-27T18:19:16.693319Z,14:19:16,ll_transition,,,,,,,,,,,,,,,,,,,,,,,,,,,,,,,RailTested,7736.0,Supply,Tested,7737.0,7737.5,8.806215575379758,,,,
kahn,10861,2026-08-27T18:19:16.693650Z,14:19:16,policy_decision,es-2026-08-27-short-upper-supply-vwap-7754-7756,SuppressAdd,evaluate_zone,inside_evaluate_zone,evaluate-7738-7742,BuildTrial,2,7736.0,RailTested,Supply,"{'lower': 7737, 'upper': 7737.5}",,,,,,,,,,,,,,,,,,,,,,,,,,,,,,
kahn,10862,2026-08-27T18:19:16.694041Z,14:19:16,campaign_state,es-2026-08-27-short-upper-supply-vwap-7754-7756,,,,,BuildTrial,,,,,,2026-08-27T18:19:16.6940413Z,6685278059,2,2,"{'lower': 7743.75, 'upper': 7747.25}",live-ll-37-RailOwned-639234504886562358,"{'lower': 7751.25, 'upper': 7751.5}",live-ll-28-RailHeld-639234491436131978,,2026-08-27T18:20:46.6934727+00:00,1,3,2,,,True,False,,state-only decision,,,,,,,,,,,
kahn,10864,2026-08-27T18:19:18.694894Z,14:19:18,policy_decision,es-2026-08-27-short-upper-supply-vwap-7754-7756,SuppressAdd,no_add_zone,inside_no_add_zone,no-add-7728-7738,BuildTrial,2,7736.125,PriceTouch,None,,,,,,,,,,,,,,,,,,,,,,,,,,,,,,,
kahn,10865,2026-08-27T18:19:18.695717Z,14:19:18,campaign_state,es-2026-08-27-short-upper-supply-vwap-7754-7756,,,,,BuildTrial,,,,,,2026-08-27T18:19:18.6957173Z,6687279668,2,2,"{'lower': 7743.75, 'upper': 7747.25}",live-ll-37-RailOwned-639234504886562358,"{'lower': 7751.25, 'upper': 7751.5}",live-ll-28-RailHeld-639234491436131978,,2026-08-27T18:20:48.6936715+00:00,1,3,2,,,True,False,,state-only decision,,,,,,,,,,,
kahn,10867,2026-08-27T18:19:23.941416Z,14:19:23,policy_decision,es-2026-08-27-short-upper-supply-vwap-7754-7756,SuppressAdd,no_add_zone,inside_no_add_zone,no-add-7728-7738,BuildTrial,2,7735.625,PriceTouch,None,,,,,,,,,,,,,,,,,,,,,,,,,,,,,,,
kahn,10868,2026-08-27T18:19:23.941908Z,14:19:23,campaign_state,es-2026-08-27-short-upper-supply-vwap-7754-7756,,,,,BuildTrial,,,,,,2026-08-27T18:19:23.9419082Z,6692525678,2,2,"{'lower': 7743.75, 'upper': 7747.25}",live-ll-37-RailOwned-639234504886562358,"{'lower': 7751.25, 'upper': 7751.5}",live-ll-28-RailHeld-639234491436131978,,2026-08-27T18:20:53.9406824+00:00,1,3,2,,,True,False,,state-only decision,,,,,,,,,,,
kahn,10869,2026-08-27T18:19:28.965670Z,14:19:28,policy_decision,es-2026-08-27-short-upper-supply-vwap-7754-7756,SuppressAdd,no_add_zone,inside_no_add_zone,no-add-7728-7738,BuildTrial,2,7735.375,PriceTouch,None,,,,,,,,,,,,,,,,,,,,,,,,,,,,,,,
kahn,10870,2026-08-27T18:19:28.966137Z,14:19:28,campaign_state,es-2026-08-27-short-upper-supply-vwap-7754-7756,,,,,BuildTrial,,,,,,2026-08-27T18:19:28.9661377Z,6697549735,2,2,"{'lower': 7743.75, 'upper': 7747.25}",live-ll-37-RailOwned-639234504886562358,"{'lower': 7751.25, 'upper': 7751.5}",live-ll-28-RailHeld-639234491436131978,,2026-08-27T18:20:58.9497562+00:00,1,3,2,,,True,False,,state-only decision,,,,,,,,,,,
kahn,10872,2026-08-27T18:19:34.192921Z,14:19:34,policy_decision,es-2026-08-27-short-upper-supply-vwap-7754-7756,SuppressAdd,no_add_zone,inside_no_add_zone,no-add-7728-7738,BuildTrial,2,7734.875,PriceTouch,None,,,,,,,,,,,,,,,,,,,,,,,,,,,,,,,
kahn,10873,2026-08-27T18:19:34.193438Z,14:19:34,campaign_state,es-2026-08-27-short-upper-supply-vwap-7754-7756,,,,,BuildTrial,,,,,,2026-08-27T18:19:34.1934384Z,6702776858,2,2,"{'lower': 7743.75, 'upper': 7747.25}",live-ll-37-RailOwned-639234504886562358,"{'lower': 7751.25, 'upper': 7751.5}",live-ll-28-RailHeld-639234491436131978,,2026-08-27T18:21:04.1917917+00:00,1,3,2,,,True,False,,state-only decision,,,,,,,,,,,
kahn,10874,2026-08-27T18:19:35.942504Z,14:19:35,ll_transition,,,,,,,,,,,,,,,,,,,,,,,,,,,,,,,RailHeld,7734.5,Supply,Owned,7737.0,7737.5,8.806215575379758,,,,
kahn,10875,2026-08-27T18:19:35.942856Z,14:19:35,policy_decision,es-2026-08-27-short-upper-supply-vwap-7754-7756,SuppressAdd,evaluate_zone,inside_evaluate_zone,evaluate-7738-7742,BuildTrial,2,7734.5,RailHeld,Supply,"{'lower': 7737, 'upper': 7737.5}",,,,,,,,,,,,,,,,,,,,,,,,,,,,,,
kahn,10876,2026-08-27T18:19:35.943188Z,14:19:35,campaign_state,es-2026-08-27-short-upper-supply-vwap-7754-7756,,,,,BuildTrial,,,,,,2026-08-27T18:19:35.9431880Z,6704526546,2,2,"{'lower': 7743.75, 'upper': 7747.25}",live-ll-37-RailOwned-639234504886562358,"{'lower': 7751.25, 'upper': 7751.5}",live-ll-28-RailHeld-639234491436131978,,2026-08-27T18:21:05.9426593+00:00,1,3,2,,,True,False,,state-only decision,,,,,,,,,,,
kahn,10877,2026-08-27T18:19:39.448072Z,14:19:39,policy_decision,es-2026-08-27-short-upper-supply-vwap-7754-7756,SuppressAdd,no_add_zone,inside_no_add_zone,no-add-7728-7738,BuildTrial,2,7734.375,PriceTouch,None,,,,,,,,,,,,,,,,,,,,,,,,,,,,,,,
kahn,10878,2026-08-27T18:19:39.448889Z,14:19:39,campaign_state,es-2026-08-27-short-upper-supply-vwap-7754-7756,,,,,BuildTrial,,,,,,2026-08-27T18:19:39.4488891Z,6708032129,2,2,"{'lower': 7743.75, 'upper': 7747.25}",live-ll-37-RailOwned-639234504886562358,"{'lower': 7751.25, 'upper': 7751.5}",live-ll-28-RailHeld-639234491436131978,,2026-08-27T18:21:09.4469635+00:00,1,3,2,,,True,False,,state-only decision,,,,,,,,,,,
kahn,10881,2026-08-27T18:19:44.454470Z,14:19:44,policy_decision,es-2026-08-27-short-upper-supply-vwap-7754-7756,SuppressAdd,no_add_zone,inside_no_add_zone,no-add-7728-7738,BuildTrial,2,7733.875,PriceTouch,None,,,,,,,,,,,,,,,,,,,,,,,,,,,,,,,
kahn,10882,2026-08-27T18:19:44.454822Z,14:19:44,campaign_state,es-2026-08-27-short-upper-supply-vwap-7754-7756,,,,,BuildTrial,,,,,,2026-08-27T18:19:44.4548222Z,6713037889,2,2,"{'lower': 7743.75, 'upper': 7747.25}",live-ll-37-RailOwned-639234504886562358,"{'lower': 7751.25, 'upper': 7751.5}",live-ll-28-RailHeld-639234491436131978,,2026-08-27T18:21:14.4487817+00:00,1,3,2,,,True,False,,state-only decision,,,,,,,,,,,
kahn,10884,2026-08-27T18:19:49.698494Z,14:19:49,policy_decision,es-2026-08-27-short-upper-supply-vwap-7754-7756,SuppressAdd,no_add_zone,inside_no_add_zone,no-add-7728-7738,BuildTrial,2,7733.875,PriceTouch,None,,,,,,,,,,,,,,,,,,,,,,,,,,,,,,,
kahn,10885,2026-08-27T18:19:49.698748Z,14:19:49,campaign_state,es-2026-08-27-short-upper-supply-vwap-7754-7756,,,,,BuildTrial,,,,,,2026-08-27T18:19:49.6987489Z,6718281636,2,2,"{'lower': 7743.75, 'upper': 7747.25}",live-ll-37-RailOwned-639234504886562358,"{'lower': 7751.25, 'upper': 7751.5}",live-ll-28-RailHeld-639234491436131978,,2026-08-27T18:21:19.6977538+00:00,1,3,2,,,True,False,,state-only decision,,,,,,,,,,,
kahn,10888,2026-08-27T18:19:54.940753Z,14:19:54,policy_decision,es-2026-08-27-short-upper-supply-vwap-7754-7756,SuppressAdd,no_add_zone,inside_no_add_zone,no-add-7728-7738,BuildTrial,2,7734.125,PriceTouch,None,,,,,,,,,,,,,,,,,,,,,,,,,,,,,,,
kahn,10889,2026-08-27T18:19:54.942308Z,14:19:54,campaign_state,es-2026-08-27-short-upper-supply-vwap-7754-7756,,,,,BuildTrial,,,,,,2026-08-27T18:19:54.9423080Z,6723525018,2,2,"{'lower': 7743.75, 'upper': 7747.25}",live-ll-37-RailOwned-639234504886562358,"{'lower': 7751.25, 'upper': 7751.5}",live-ll-28-RailHeld-639234491436131978,,2026-08-27T18:21:24.9394731+00:00,1,3,2,,,True,False,,state-only decision,,,,,,,,,,,
kahn,10890,2026-08-27T18:20:00.185542Z,14:20:00,policy_decision,es-2026-08-27-short-upper-supply-vwap-7754-7756,SuppressAdd,no_add_zone,inside_no_add_zone,no-add-7728-7738,BuildTrial,2,7734.125,PriceTouch,None,,,,,,,,,,,,,,,,,,,,,,,,,,,,,,,
kahn,10891,2026-08-27T18:20:00.199180Z,14:20:00,campaign_state,es-2026-08-27-short-upper-supply-vwap-7754-7756,,,,,BuildTrial,,,,,,2026-08-27T18:20:00.1991800Z,6728781741,2,2,"{'lower': 7743.75, 'upper': 7747.25}",live-ll-37-RailOwned-639234504886562358,"{'lower': 7751.25, 'upper': 7751.5}",live-ll-28-RailHeld-639234491436131978,,2026-08-27T18:21:30.1841612+00:00,1,3,2,,,True,False,,state-only decision,,,,,,,,,,,
kahn,10892,2026-08-27T18:20:05.213074Z,14:20:05,policy_decision,es-2026-08-27-short-upper-supply-vwap-7754-7756,SuppressAdd,no_add_zone,inside_no_add_zone,no-add-7728-7738,BuildTrial,2,7733.875,PriceTouch,None,,,,,,,,,,,,,,,,,,,,,,,,,,,,,,,
kahn,10893,2026-08-27T18:20:05.213746Z,14:20:05,campaign_state,es-2026-08-27-short-upper-supply-vwap-7754-7756,,,,,BuildTrial,,,,,,2026-08-27T18:20:05.2137466Z,6733796103,2,2,"{'lower': 7743.75, 'upper': 7747.25}",live-ll-37-RailOwned-639234504886562358,"{'lower': 7751.25, 'upper': 7751.5}",live-ll-28-RailHeld-639234491436131978,,2026-08-27T18:21:35.1976545+00:00,1,3,2,,,True,False,,state-only decision,,,,,,,,,,,
kahn,10895,2026-08-27T18:20:10.437887Z,14:20:10,policy_decision,es-2026-08-27-short-upper-supply-vwap-7754-7756,SuppressAdd,no_add_zone,inside_no_add_zone,no-add-7728-7738,BuildTrial,2,7734.625,PriceTouch,None,,,,,,,,,,,,,,,,,,,,,,,,,,,,,,,
kahn,10896,2026-08-27T18:20:10.438180Z,14:20:10,campaign_state,es-2026-08-27-short-upper-supply-vwap-7754-7756,,,,,BuildTrial,,,,,,2026-08-27T18:20:10.4381802Z,6739020357,2,2,"{'lower': 7743.75, 'upper': 7747.25}",live-ll-37-RailOwned-639234504886562358,"{'lower': 7751.25, 'upper': 7751.5}",live-ll-28-RailHeld-639234491436131978,,2026-08-27T18:21:40.4368762+00:00,1,3,2,,,True,False,,state-only decision,,,,,,,,,,,
kahn,10898,2026-08-27T18:20:15.445395Z,14:20:15,policy_decision,es-2026-08-27-short-upper-supply-vwap-7754-7756,SuppressAdd,no_add_zone,inside_no_add_zone,no-add-7728-7738,BuildTrial,2,7734.875,PriceTouch,None,,,,,,,,,,,,,,,,,,,,,,,,,,,,,,,
kahn,10899,2026-08-27T18:20:15.445805Z,14:20:15,campaign_state,es-2026-08-27-short-upper-supply-vwap-7754-7756,,,,,BuildTrial,,,,,,2026-08-27T18:20:15.4458058Z,6744027811,2,2,"{'lower': 7743.75, 'upper': 7747.25}",live-ll-37-RailOwned-639234504886562358,"{'lower': 7751.25, 'upper': 7751.5}",live-ll-28-RailHeld-639234491436131978,,2026-08-27T18:21:45.4440663+00:00,1,3,2,,,True,False,,state-only decision,,,,,,,,,,,
kahn,10901,2026-08-27T18:20:20.450022Z,14:20:20,policy_decision,es-2026-08-27-short-upper-supply-vwap-7754-7756,SuppressAdd,no_add_zone,inside_no_add_zone,no-add-7728-7738,BuildTrial,2,7734.625,PriceTouch,None,,,,,,,,,,,,,,,,,,,,,,,,,,,,,,,
kahn,10902,2026-08-27T18:20:20.450515Z,14:20:20,campaign_state,es-2026-08-27-short-upper-supply-vwap-7754-7756,,,,,BuildTrial,,,,,,2026-08-27T18:20:20.4505152Z,6749032349,2,2,"{'lower': 7743.75, 'upper': 7747.25}",live-ll-37-RailOwned-639234504886562358,"{'lower': 7751.25, 'upper': 7751.5}",live-ll-28-RailHeld-639234491436131978,,2026-08-27T18:21:50.4447514+00:00,1,3,2,,,True,False,,state-only decision,,,,,,,,,,,
kahn,10905,2026-08-27T18:20:25.445967Z,14:20:25,policy_decision,es-2026-08-27-short-upper-supply-vwap-7754-7756,SuppressAdd,no_add_zone,inside_no_add_zone,no-add-7728-7738,BuildTrial,2,7735.125,PriceTouch,None,,,,,,,,,,,,,,,,,,,,,,,,,,,,,,,
kahn,10906,2026-08-27T18:20:25.458830Z,14:20:25,campaign_state,es-2026-08-27-short-upper-supply-vwap-7754-7756,,,,,BuildTrial,,,,,,2026-08-27T18:20:25.4588306Z,6754040496,2,2,"{'lower': 7743.75, 'upper': 7747.25}",live-ll-37-RailOwned-639234504886562358,"{'lower': 7751.25, 'upper': 7751.5}",live-ll-28-RailHeld-639234491436131978,,2026-08-27T18:21:55.4452182+00:00,1,3,2,,,True,False,,state-only decision,,,,,,,,,,,
kahn,10909,2026-08-27T18:20:30.694034Z,14:20:30,policy_decision,es-2026-08-27-short-upper-supply-vwap-7754-7756,SuppressAdd,no_add_zone,inside_no_add_zone,no-add-7728-7738,BuildTrial,2,7734.875,PriceTouch,None,,,,,,,,,,,,,,,,,,,,,,,,,,,,,,,
kahn,10910,2026-08-27T18:20:30.694322Z,14:20:30,campaign_state,es-2026-08-27-short-upper-supply-vwap-7754-7756,,,,,BuildTrial,,,,,,2026-08-27T18:20:30.6943223Z,6759275806,2,2,"{'lower': 7743.75, 'upper': 7747.25}",live-ll-37-RailOwned-639234504886562358,"{'lower': 7751.25, 'upper': 7751.5}",live-ll-28-RailHeld-639234491436131978,,2026-08-27T18:22:00.6933483+00:00,1,3,2,,,True,False,,state-only decision,,,,,,,,,,,
kahn,10912,2026-08-27T18:20:35.949172Z,14:20:35,policy_decision,es-2026-08-27-short-upper-supply-vwap-7754-7756,SuppressAdd,no_add_zone,inside_no_add_zone,no-add-7728-7738,BuildTrial,2,7735.375,PriceTouch,None,,,,,,,,,,,,,,,,,,,,,,,,,,,,,,,
kahn,10913,2026-08-27T18:20:35.950232Z,14:20:35,campaign_state,es-2026-08-27-short-upper-supply-vwap-7754-7756,,,,,BuildTrial,,,,,,2026-08-27T18:20:35.9502328Z,6764531537,2,2,"{'lower': 7743.75, 'upper': 7747.25}",live-ll-37-RailOwned-639234504886562358,"{'lower': 7751.25, 'upper': 7751.5}",live-ll-28-RailHeld-639234491436131978,,2026-08-27T18:22:05.9477724+00:00,1,3,2,,,True,False,,state-only decision,,,,,,,,,,,
kahn,10914,2026-08-27T18:20:41.191342Z,14:20:41,policy_decision,es-2026-08-27-short-upper-supply-vwap-7754-7756,SuppressAdd,no_add_zone,inside_no_add_zone,no-add-7728-7738,BuildTrial,2,7735.625,PriceTouch,None,,,,,,,,,,,,,,,,,,,,,,,,,,,,,,,
kahn,10915,2026-08-27T18:20:41.192045Z,14:20:41,campaign_state,es-2026-08-27-short-upper-supply-vwap-7754-7756,,,,,BuildTrial,,,,,,2026-08-27T18:20:41.1920455Z,6769773169,2,2,"{'lower': 7743.75, 'upper': 7747.25}",live-ll-37-RailOwned-639234504886562358,"{'lower': 7751.25, 'upper': 7751.5}",live-ll-28-RailHeld-639234491436131978,,2026-08-27T18:22:11.1902243+00:00,1,3,2,,,True,False,,state-only decision,,,,,,,,,,,
kahn,10917,2026-08-27T18:20:46.944247Z,14:20:46,policy_decision,es-2026-08-27-short-upper-supply-vwap-7754-7756,SuppressAdd,no_add_zone,inside_no_add_zone,no-add-7728-7738,BuildTrial,2,7735.625,PriceTouch,None,,,,,,,,,,,,,,,,,,,,,,,,,,,,,,,
kahn,10918,2026-08-27T18:20:46.944614Z,14:20:46,campaign_state,es-2026-08-27-short-upper-supply-vwap-7754-7756,,,,,BuildTrial,,,,,,2026-08-27T18:20:46.9446143Z,6775525541,2,2,"{'lower': 7743.75, 'upper': 7747.25}",live-ll-37-RailOwned-639234504886562358,"{'lower': 7751.25, 'upper': 7751.5}",live-ll-28-RailHeld-639234491436131978,,2026-08-27T18:22:16.9435400+00:00,1,3,2,,,True,False,,state-only decision,,,,,,,,,,,
kahn,10919,2026-08-27T18:20:52.187949Z,14:20:52,policy_decision,es-2026-08-27-short-upper-supply-vwap-7754-7756,SuppressAdd,no_add_zone,inside_no_add_zone,no-add-7728-7738,BuildTrial,2,7735.625,PriceTouch,None,,,,,,,,,,,,,,,,,,,,,,,,,,,,,,,
kahn,10920,2026-08-27T18:20:52.188253Z,14:20:52,campaign_state,es-2026-08-27-short-upper-supply-vwap-7754-7756,,,,,BuildTrial,,,,,,2026-08-27T18:20:52.1882534Z,6780769000,2,2,"{'lower': 7743.75, 'upper': 7747.25}",live-ll-37-RailOwned-639234504886562358,"{'lower': 7751.25, 'upper': 7751.5}",live-ll-28-RailHeld-639234491436131978,,2026-08-27T18:22:22.1873743+00:00,1,3,2,,,True,False,,state-only decision,,,,,,,,,,,
kahn,10922,2026-08-27T18:20:55.733286Z,14:20:55,ll_transition,,,,,,,,,,,,,,,,,,,,,,,,,,,,,,,CandidateFormed,7734.75,,,,,,Demand,7734.75,7735.0,8.322532066720541
kahn,10923,2026-08-27T18:20:57.193380Z,14:20:57,policy_decision,es-2026-08-27-short-upper-supply-vwap-7754-7756,SuppressAdd,no_add_zone,inside_no_add_zone,no-add-7728-7738,BuildTrial,2,7735.125,PriceTouch,None,,,,,,,,,,,,,,,,,,,,,,,,,,,,,,,
kahn,10924,2026-08-27T18:20:57.194005Z,14:20:57,campaign_state,es-2026-08-27-short-upper-supply-vwap-7754-7756,,,,,BuildTrial,,,,,,2026-08-27T18:20:57.1940059Z,6785774583,2,2,"{'lower': 7743.75, 'upper': 7747.25}",live-ll-37-RailOwned-639234504886562358,"{'lower': 7751.25, 'upper': 7751.5}",live-ll-28-RailHeld-639234491436131978,,2026-08-27T18:22:27.1918981+00:00,1,3,2,,,True,False,,state-only decision,,,,,,,,,,,
kahn,10925,2026-08-27T18:21:02.194870Z,14:21:02,policy_decision,es-2026-08-27-short-upper-supply-vwap-7754-7756,SuppressAdd,no_add_zone,inside_no_add_zone,no-add-7728-7738,BuildTrial,2,7735.125,PriceTouch,None,,,,,,,,,,,,,,,,,,,,,,,,,,,,,,,
kahn,10926,2026-08-27T18:21:02.196043Z,14:21:02,campaign_state,es-2026-08-27-short-upper-supply-vwap-7754-7756,,,,,BuildTrial,,,,,,2026-08-27T18:21:02.1960434Z,6790776449,2,2,"{'lower': 7743.75, 'upper': 7747.25}",live-ll-37-RailOwned-639234504886562358,"{'lower': 7751.25, 'upper': 7751.5}",live-ll-28-RailHeld-639234491436131978,,2026-08-27T18:22:32.1940826+00:00,1,3,2,,,True,False,,state-only decision,,,,,,,,,,,
kahn,10928,2026-08-27T18:21:07.195704Z,14:21:07,policy_decision,es-2026-08-27-short-upper-supply-vwap-7754-7756,SuppressAdd,no_add_zone,inside_no_add_zone,no-add-7728-7738,BuildTrial,2,7735.375,PriceTouch,None,,,,,,,,,,,,,,,,,,,,,,,,,,,,,,,
kahn,10929,2026-08-27T18:21:07.196048Z,14:21:07,campaign_state,es-2026-08-27-short-upper-supply-vwap-7754-7756,,,,,BuildTrial,,,,,,2026-08-27T18:21:07.1960480Z,6795776281,2,2,"{'lower': 7743.75, 'upper': 7747.25}",live-ll-37-RailOwned-639234504886562358,"{'lower': 7751.25, 'upper': 7751.5}",live-ll-28-RailHeld-639234491436131978,,2026-08-27T18:22:37.1950513+00:00,1,3,2,,,True,False,,state-only decision,,,,,,,,,,,
kahn,10931,2026-08-27T18:21:12.443199Z,14:21:12,policy_decision,es-2026-08-27-short-upper-supply-vwap-7754-7756,SuppressAdd,no_add_zone,inside_no_add_zone,no-add-7728-7738,BuildTrial,2,7735.375,PriceTouch,None,,,,,,,,,,,,,,,,,,,,,,,,,,,,,,,
kahn,10932,2026-08-27T18:21:12.443724Z,14:21:12,campaign_state,es-2026-08-27-short-upper-supply-vwap-7754-7756,,,,,BuildTrial,,,,,,2026-08-27T18:21:12.4437243Z,6801023778,2,2,"{'lower': 7743.75, 'upper': 7747.25}",live-ll-37-RailOwned-639234504886562358,"{'lower': 7751.25, 'upper': 7751.5}",live-ll-28-RailHeld-639234491436131978,,2026-08-27T18:22:42.4425314+00:00,1,3,2,,,True,False,,state-only decision,,,,,,,,,,,
kahn,10935,2026-08-27T18:21:17.447591Z,14:21:17,policy_decision,es-2026-08-27-short-upper-supply-vwap-7754-7756,SuppressAdd,no_add_zone,inside_no_add_zone,no-add-7728-7738,BuildTrial,2,7734.875,PriceTouch,None,,,,,,,,,,,,,,,,,,,,,,,,,,,,,,,
kahn,10936,2026-08-27T18:21:17.448407Z,14:21:17,campaign_state,es-2026-08-27-short-upper-supply-vwap-7754-7756,,,,,BuildTrial,,,,,,2026-08-27T18:21:17.4484078Z,6806028291,2,2,"{'lower': 7743.75, 'upper': 7747.25}",live-ll-37-RailOwned-639234504886562358,"{'lower': 7751.25, 'upper': 7751.5}",live-ll-28-RailHeld-639234491436131978,,2026-08-27T18:22:47.4466694+00:00,1,3,2,,,True,False,,state-only decision,,,,,,,,,,,
kahn,10938,2026-08-27T18:21:22.709924Z,14:21:22,policy_decision,es-2026-08-27-short-upper-supply-vwap-7754-7756,SuppressAdd,no_add_zone,inside_no_add_zone,no-add-7728-7738,BuildTrial,2,7734.375,PriceTouch,None,,,,,,,,,,,,,,,,,,,,,,,,,,,,,,,
kahn,10939,2026-08-27T18:21:22.710222Z,14:21:22,campaign_state,es-2026-08-27-short-upper-supply-vwap-7754-7756,,,,,BuildTrial,,,,,,2026-08-27T18:21:22.7102220Z,6811289923,2,2,"{'lower': 7743.75, 'upper': 7747.25}",live-ll-37-RailOwned-639234504886562358,"{'lower': 7751.25, 'upper': 7751.5}",live-ll-28-RailHeld-639234491436131978,,2026-08-27T18:22:52.6996101+00:00,1,3,2,,,True,False,,state-only decision,,,,,,,,,,,
kahn,10942,2026-08-27T18:21:27.943243Z,14:21:27,policy_decision,es-2026-08-27-short-upper-supply-vwap-7754-7756,SuppressAdd,no_add_zone,inside_no_add_zone,no-add-7728-7738,BuildTrial,2,7733.875,PriceTouch,None,,,,,,,,,,,,,,,,,,,,,,,,,,,,,,,
kahn,10943,2026-08-27T18:21:27.944307Z,14:21:27,campaign_state,es-2026-08-27-short-upper-supply-vwap-7754-7756,,,,,BuildTrial,,,,,,2026-08-27T18:21:27.9443071Z,6816523832,2,2,"{'lower': 7743.75, 'upper': 7747.25}",live-ll-37-RailOwned-639234504886562358,"{'lower': 7751.25, 'upper': 7751.5}",live-ll-28-RailHeld-639234491436131978,,2026-08-27T18:22:57.9418956+00:00,1,3,2,,,True,False,,state-only decision,,,,,,,,,,,
kahn,10945,2026-08-27T18:21:33.207938Z,14:21:33,policy_decision,es-2026-08-27-short-upper-supply-vwap-7754-7756,SuppressAdd,no_add_zone,inside_no_add_zone,no-add-7728-7738,BuildTrial,2,7734.125,PriceTouch,None,,,,,,,,,,,,,,,,,,,,,,,,,,,,,,,
kahn,10946,2026-08-27T18:21:33.221198Z,14:21:33,campaign_state,es-2026-08-27-short-upper-supply-vwap-7754-7756,,,,,BuildTrial,,,,,,2026-08-27T18:21:33.2211987Z,6821800544,2,2,"{'lower': 7743.75, 'upper': 7747.25}",live-ll-37-RailOwned-639234504886562358,"{'lower': 7751.25, 'upper': 7751.5}",live-ll-28-RailHeld-639234491436131978,,2026-08-27T18:23:03.2014438+00:00,1,3,2,,,True,False,,state-only decision,,,,,,,,,,,
kahn,10948,2026-08-27T18:21:38.447015Z,14:21:38,policy_decision,es-2026-08-27-short-upper-supply-vwap-7754-7756,SuppressAdd,no_add_zone,inside_no_add_zone,no-add-7728-7738,BuildTrial,2,7734.375,PriceTouch,None,,,,,,,,,,,,,,,,,,,,,,,,,,,,,,,
kahn,10949,2026-08-27T18:21:38.450306Z,14:21:38,campaign_state,es-2026-08-27-short-upper-supply-vwap-7754-7756,,,,,BuildTrial,,,,,,2026-08-27T18:21:38.4503063Z,6827029477,2,2,"{'lower': 7743.75, 'upper': 7747.25}",live-ll-37-RailOwned-639234504886562358,"{'lower': 7751.25, 'upper': 7751.5}",live-ll-28-RailHeld-639234491436131978,,2026-08-27T18:23:08.4462570+00:00,1,3,2,,,True,False,,state-only decision,,,,,,,,,,,
kahn,10952,2026-08-27T18:21:43.693171Z,14:21:43,policy_decision,es-2026-08-27-short-upper-supply-vwap-7754-7756,SuppressAdd,no_add_zone,inside_no_add_zone,no-add-7728-7738,BuildTrial,2,7734.875,PriceTouch,None,,,,,,,,,,,,,,,,,,,,,,,,,,,,,,,
kahn,10953,2026-08-27T18:21:43.694826Z,14:21:43,campaign_state,es-2026-08-27-short-upper-supply-vwap-7754-7756,,,,,BuildTrial,,,,,,2026-08-27T18:21:43.6948263Z,6832273857,2,2,"{'lower': 7743.75, 'upper': 7747.25}",live-ll-37-RailOwned-639234504886562358,"{'lower': 7751.25, 'upper': 7751.5}",live-ll-28-RailHeld-639234491436131978,,2026-08-27T18:23:13.6924944+00:00,1,3,2,,,True,False,,state-only decision,,,,,,,,,,,
kahn,10955,2026-08-27T18:21:48.700940Z,14:21:48,policy_decision,es-2026-08-27-short-upper-supply-vwap-7754-7756,SuppressAdd,no_add_zone,inside_no_add_zone,no-add-7728-7738,BuildTrial,2,7734.375,PriceTouch,None,,,,,,,,,,,,,,,,,,,,,,,,,,,,,,,
kahn,10956,2026-08-27T18:21:48.701359Z,14:21:48,campaign_state,es-2026-08-27-short-upper-supply-vwap-7754-7756,,,,,BuildTrial,,,,,,2026-08-27T18:21:48.7013592Z,6837280172,2,2,"{'lower': 7743.75, 'upper': 7747.25}",live-ll-37-RailOwned-639234504886562358,"{'lower': 7751.25, 'upper': 7751.5}",live-ll-28-RailHeld-639234491436131978,,2026-08-27T18:23:18.7002245+00:00,1,3,2,,,True,False,,state-only decision,,,,,,,,,,,
kahn,10958,2026-08-27T18:21:53.942532Z,14:21:53,policy_decision,es-2026-08-27-short-upper-supply-vwap-7754-7756,SuppressAdd,no_add_zone,inside_no_add_zone,no-add-7728-7738,BuildTrial,2,7734.125,PriceTouch,None,,,,,,,,,,,,,,,,,,,,,,,,,,,,,,,
kahn,10959,2026-08-27T18:21:53.943035Z,14:21:53,campaign_state,es-2026-08-27-short-upper-supply-vwap-7754-7756,,,,,BuildTrial,,,,,,2026-08-27T18:21:53.9430352Z,6842521667,2,2,"{'lower': 7743.75, 'upper': 7747.25}",live-ll-37-RailOwned-639234504886562358,"{'lower': 7751.25, 'upper': 7751.5}",live-ll-28-RailHeld-639234491436131978,,2026-08-27T18:23:23.9418713+00:00,1,3,2,,,True,False,,state-only decision,,,,,,,,,,,
kahn,10960,2026-08-27T18:21:58.950461Z,14:21:58,policy_decision,es-2026-08-27-short-upper-supply-vwap-7754-7756,SuppressAdd,no_add_zone,inside_no_add_zone,no-add-7728-7738,BuildTrial,2,7734.125,PriceTouch,None,,,,,,,,,,,,,,,,,,,,,,,,,,,,,,,
kahn,10961,2026-08-27T18:21:58.950904Z,14:21:58,campaign_state,es-2026-08-27-short-upper-supply-vwap-7754-7756,,,,,BuildTrial,,,,,,2026-08-27T18:21:58.9509046Z,6847529365,2,2,"{'lower': 7743.75, 'upper': 7747.25}",live-ll-37-RailOwned-639234504886562358,"{'lower': 7751.25, 'upper': 7751.5}",live-ll-28-RailHeld-639234491436131978,,2026-08-27T18:23:28.9433813+00:00,1,3,2,,,True,False,,state-only decision,,,,,,,,,,,
kahn,10964,2026-08-27T18:22:04.200709Z,14:22:04,policy_decision,es-2026-08-27-short-upper-supply-vwap-7754-7756,SuppressAdd,no_add_zone,inside_no_add_zone,no-add-7728-7738,BuildTrial,2,7734.625,PriceTouch,None,,,,,,,,,,,,,,,,,,,,,,,,,,,,,,,
kahn,10965,2026-08-27T18:22:04.201103Z,14:22:04,campaign_state,es-2026-08-27-short-upper-supply-vwap-7754-7756,,,,,BuildTrial,,,,,,2026-08-27T18:22:04.2011031Z,6852779384,2,2,"{'lower': 7743.75, 'upper': 7747.25}",live-ll-37-RailOwned-639234504886562358,"{'lower': 7751.25, 'upper': 7751.5}",live-ll-28-RailHeld-639234491436131978,,2026-08-27T18:23:34.1996475+00:00,1,3,2,,,True,False,,state-only decision,,,,,,,,,,,
kahn,10967,2026-08-27T18:22:09.205477Z,14:22:09,policy_decision,es-2026-08-27-short-upper-supply-vwap-7754-7756,SuppressAdd,no_add_zone,inside_no_add_zone,no-add-7728-7738,BuildTrial,2,7735.375,PriceTouch,None,,,,,,,,,,,,,,,,,,,,,,,,,,,,,,,
kahn,10968,2026-08-27T18:22:09.205790Z,14:22:09,campaign_state,es-2026-08-27-short-upper-supply-vwap-7754-7756,,,,,BuildTrial,,,,,,2026-08-27T18:22:09.2057904Z,6857783899,2,2,"{'lower': 7743.75, 'upper': 7747.25}",live-ll-37-RailOwned-639234504886562358,"{'lower': 7751.25, 'upper': 7751.5}",live-ll-28-RailHeld-639234491436131978,,2026-08-27T18:23:39.2003190+00:00,1,3,2,,,True,False,,state-only decision,,,,,,,,,,,
kahn,10971,2026-08-27T18:22:14.444193Z,14:22:14,policy_decision,es-2026-08-27-short-upper-supply-vwap-7754-7756,SuppressAdd,no_add_zone,inside_no_add_zone,no-add-7728-7738,BuildTrial,2,7735.375,PriceTouch,None,,,,,,,,,,,,,,,,,,,,,,,,,,,,,,,
kahn,10972,2026-08-27T18:22:14.444516Z,14:22:14,campaign_state,es-2026-08-27-short-upper-supply-vwap-7754-7756,,,,,BuildTrial,,,,,,2026-08-27T18:22:14.4445166Z,6863022446,2,2,"{'lower': 7743.75, 'upper': 7747.25}",live-ll-37-RailOwned-639234504886562358,"{'lower': 7751.25, 'upper': 7751.5}",live-ll-28-RailHeld-639234491436131978,,2026-08-27T18:23:44.4435013+00:00,1,3,2,,,True,False,,state-only decision,,,,,,,,,,,
kahn,10973,2026-08-27T18:22:19.460443Z,14:22:19,policy_decision,es-2026-08-27-short-upper-supply-vwap-7754-7756,SuppressAdd,no_add_zone,inside_no_add_zone,no-add-7728-7738,BuildTrial,2,7735.375,PriceTouch,None,,,,,,,,,,,,,,,,,,,,,,,,,,,,,,,
kahn,10974,2026-08-27T18:22:19.461587Z,14:22:19,campaign_state,es-2026-08-27-short-upper-supply-vwap-7754-7756,,,,,BuildTrial,,,,,,2026-08-27T18:22:19.4615879Z,6868039348,2,2,"{'lower': 7743.75, 'upper': 7747.25}",live-ll-37-RailOwned-639234504886562358,"{'lower': 7751.25, 'upper': 7751.5}",live-ll-28-RailHeld-639234491436131978,,2026-08-27T18:23:49.4524434+00:00,1,3,2,,,True,False,,state-only decision,,,,,,,,,,,
kahn,10976,2026-08-27T18:22:24.695068Z,14:22:24,policy_decision,es-2026-08-27-short-upper-supply-vwap-7754-7756,SuppressAdd,no_add_zone,inside_no_add_zone,no-add-7728-7738,BuildTrial,2,7735.125,PriceTouch,None,,,,,,,,,,,,,,,,,,,,,,,,,,,,,,,
kahn,10977,2026-08-27T18:22:24.695537Z,14:22:24,campaign_state,es-2026-08-27-short-upper-supply-vwap-7754-7756,,,,,BuildTrial,,,,,,2026-08-27T18:22:24.6955377Z,6873273117,2,2,"{'lower': 7743.75, 'upper': 7747.25}",live-ll-37-RailOwned-639234504886562358,"{'lower': 7751.25, 'upper': 7751.5}",live-ll-28-RailHeld-639234491436131978,,2026-08-27T18:23:54.6942977+00:00,1,3,2,,,True,False,,state-only decision,,,,,,,,,,,
kahn,10979,2026-08-27T18:22:29.704574Z,14:22:29,policy_decision,es-2026-08-27-short-upper-supply-vwap-7754-7756,SuppressAdd,no_add_zone,inside_no_add_zone,no-add-7728-7738,BuildTrial,2,7735.625,PriceTouch,None,,,,,,,,,,,,,,,,,,,,,,,,,,,,,,,
kahn,10980,2026-08-27T18:22:29.705069Z,14:22:29,campaign_state,es-2026-08-27-short-upper-supply-vwap-7754-7756,,,,,BuildTrial,,,,,,2026-08-27T18:22:29.7050694Z,6878282530,2,2,"{'lower': 7743.75, 'upper': 7747.25}",live-ll-37-RailOwned-639234504886562358,"{'lower': 7751.25, 'upper': 7751.5}",live-ll-28-RailHeld-639234491436131978,,2026-08-27T18:23:59.7033893+00:00,1,3,2,,,True,False,,state-only decision,,,,,,,,,,,
kahn,10983,2026-08-27T18:22:34.951381Z,14:22:34,policy_decision,es-2026-08-27-short-upper-supply-vwap-7754-7756,SuppressAdd,no_add_zone,inside_no_add_zone,no-add-7728-7738,BuildTrial,2,7734.875,PriceTouch,None,,,,,,,,,,,,,,,,,,,,,,,,,,,,,,,
kahn,10984,2026-08-27T18:22:34.951937Z,14:22:34,campaign_state,es-2026-08-27-short-upper-supply-vwap-7754-7756,,,,,BuildTrial,,,,,,2026-08-27T18:22:34.9519373Z,6883529165,2,2,"{'lower': 7743.75, 'upper': 7747.25}",live-ll-37-RailOwned-639234504886562358,"{'lower': 7751.25, 'upper': 7751.5}",live-ll-28-RailHeld-639234491436131978,,2026-08-27T18:24:04.9505470+00:00,1,3,2,,,True,False,,state-only decision,,,,,,,,,,,
kahn,10987,2026-08-27T18:22:40.196595Z,14:22:40,policy_decision,es-2026-08-27-short-upper-supply-vwap-7754-7756,SuppressAdd,no_add_zone,inside_no_add_zone,no-add-7728-7738,BuildTrial,2,7734.375,PriceTouch,None,,,,,,,,,,,,,,,,,,,,,,,,,,,,,,,
kahn,10988,2026-08-27T18:22:40.197163Z,14:22:40,campaign_state,es-2026-08-27-short-upper-supply-vwap-7754-7756,,,,,BuildTrial,,,,,,2026-08-27T18:22:40.1971632Z,6888774211,2,2,"{'lower': 7743.75, 'upper': 7747.25}",live-ll-37-RailOwned-639234504886562358,"{'lower': 7751.25, 'upper': 7751.5}",live-ll-28-RailHeld-639234491436131978,,2026-08-27T18:24:10.1932040+00:00,1,3,2,,,True,False,,state-only decision,,,,,,,,,,,
kahn,10990,2026-08-27T18:22:45.198982Z,14:22:45,policy_decision,es-2026-08-27-short-upper-supply-vwap-7754-7756,SuppressAdd,no_add_zone,inside_no_add_zone,no-add-7728-7738,BuildTrial,2,7734.125,PriceTouch,None,,,,,,,,,,,,,,,,,,,,,,,,,,,,,,,
kahn,10991,2026-08-27T18:22:45.199553Z,14:22:45,campaign_state,es-2026-08-27-short-upper-supply-vwap-7754-7756,,,,,BuildTrial,,,,,,2026-08-27T18:22:45.1995533Z,6893776430,2,2,"{'lower': 7743.75, 'upper': 7747.25}",live-ll-37-RailOwned-639234504886562358,"{'lower': 7751.25, 'upper': 7751.5}",live-ll-28-RailHeld-639234491436131978,,2026-08-27T18:24:15.1980367+00:00,1,3,2,,,True,False,,state-only decision,,,,,,,,,,,
kahn,10993,2026-08-27T18:22:50.442100Z,14:22:50,policy_decision,es-2026-08-27-short-upper-supply-vwap-7754-7756,SuppressAdd,no_add_zone,inside_no_add_zone,no-add-7728-7738,BuildTrial,2,7733.875,PriceTouch,None,,,,,,,,,,,,,,,,,,,,,,,,,,,,,,,
kahn,10994,2026-08-27T18:22:50.442446Z,14:22:50,campaign_state,es-2026-08-27-short-upper-supply-vwap-7754-7756,,,,,BuildTrial,,,,,,2026-08-27T18:22:50.4424463Z,6899019143,2,2,"{'lower': 7743.75, 'upper': 7747.25}",live-ll-37-RailOwned-639234504886562358,"{'lower': 7751.25, 'upper': 7751.5}",live-ll-28-RailHeld-639234491436131978,,2026-08-27T18:24:20.4410782+00:00,1,3,2,,,True,False,,state-only decision,,,,,,,,,,,
kahn,10996,2026-08-27T18:22:55.460573Z,14:22:55,policy_decision,es-2026-08-27-short-upper-supply-vwap-7754-7756,SuppressAdd,no_add_zone,inside_no_add_zone,no-add-7728-7738,BuildTrial,2,7734.375,PriceTouch,None,,,,,,,,,,,,,,,,,,,,,,,,,,,,,,,
kahn,10997,2026-08-27T18:22:55.461418Z,14:22:55,campaign_state,es-2026-08-27-short-upper-supply-vwap-7754-7756,,,,,BuildTrial,,,,,,2026-08-27T18:22:55.4614183Z,6904037948,2,2,"{'lower': 7743.75, 'upper': 7747.25}",live-ll-37-RailOwned-639234504886562358,"{'lower': 7751.25, 'upper': 7751.5}",live-ll-28-RailHeld-639234491436131978,,2026-08-27T18:24:25.4505397+00:00,1,3,2,,,True,False,,state-only decision,,,,,,,,,,,
kahn,11000,2026-08-27T18:23:00.695823Z,14:23:00,policy_decision,es-2026-08-27-short-upper-supply-vwap-7754-7756,SuppressAdd,no_add_zone,inside_no_add_zone,no-add-7728-7738,BuildTrial,2,7734.125,PriceTouch,None,,,,,,,,,,,,,,,,,,,,,,,,,,,,,,,
kahn,11001,2026-08-27T18:23:00.696494Z,14:23:00,campaign_state,es-2026-08-27-short-upper-supply-vwap-7754-7756,,,,,BuildTrial,,,,,,2026-08-27T18:23:00.6964948Z,6909272840,2,2,"{'lower': 7743.75, 'upper': 7747.25}",live-ll-37-RailOwned-639234504886562358,"{'lower': 7751.25, 'upper': 7751.5}",live-ll-28-RailHeld-639234491436131978,,2026-08-27T18:24:30.6945090+00:00,1,3,2,,,True,False,,state-only decision,,,,,,,,,,,
kahn,11002,2026-08-27T18:23:05.956124Z,14:23:05,policy_decision,es-2026-08-27-short-upper-supply-vwap-7754-7756,SuppressAdd,no_add_zone,inside_no_add_zone,no-add-7728-7738,BuildTrial,2,7734.125,PriceTouch,None,,,,,,,,,,,,,,,,,,,,,,,,,,,,,,,
kahn,11003,2026-08-27T18:23:05.956553Z,14:23:05,campaign_state,es-2026-08-27-short-upper-supply-vwap-7754-7756,,,,,BuildTrial,,,,,,2026-08-27T18:23:05.9565532Z,6914532719,2,2,"{'lower': 7743.75, 'upper': 7747.25}",live-ll-37-RailOwned-639234504886562358,"{'lower': 7751.25, 'upper': 7751.5}",live-ll-28-RailHeld-639234491436131978,,2026-08-27T18:24:35.9496829+00:00,1,3,2,,,True,False,,state-only decision,,,,,,,,,,,
kahn,11004,2026-08-27T18:23:11.217095Z,14:23:11,policy_decision,es-2026-08-27-short-upper-supply-vwap-7754-7756,SuppressAdd,no_add_zone,inside_no_add_zone,no-add-7728-7738,BuildTrial,2,7734.375,PriceTouch,None,,,,,,,,,,,,,,,,,,,,,,,,,,,,,,,
kahn,11005,2026-08-27T18:23:11.218628Z,14:23:11,campaign_state,es-2026-08-27-short-upper-supply-vwap-7754-7756,,,,,BuildTrial,,,,,,2026-08-27T18:23:11.2186289Z,6919794617,2,2,"{'lower': 7743.75, 'upper': 7747.25}",live-ll-37-RailOwned-639234504886562358,"{'lower': 7751.25, 'upper': 7751.5}",live-ll-28-RailHeld-639234491436131978,,2026-08-27T18:24:41.2038810+00:00,1,3,2,,,True,False,,state-only decision,,,,,,,,,,,
kahn,11006,2026-08-27T18:23:16.441110Z,14:23:16,policy_decision,es-2026-08-27-short-upper-supply-vwap-7754-7756,SuppressAdd,no_add_zone,inside_no_add_zone,no-add-7728-7738,BuildTrial,2,7734.125,PriceTouch,None,,,,,,,,,,,,,,,,,,,,,,,,,,,,,,,
kahn,11007,2026-08-27T18:23:16.441534Z,14:23:16,campaign_state,es-2026-08-27-short-upper-supply-vwap-7754-7756,,,,,BuildTrial,,,,,,2026-08-27T18:23:16.4415342Z,6925017341,2,2,"{'lower': 7743.75, 'upper': 7747.25}",live-ll-37-RailOwned-639234504886562358,"{'lower': 7751.25, 'upper': 7751.5}",live-ll-28-RailHeld-639234491436131978,,2026-08-27T18:24:46.4403004+00:00,1,3,2,,,True,False,,state-only decision,,,,,,,,,,,
kahn,11009,2026-08-27T18:23:20.766655Z,14:23:20,ll_transition,,,,,,,,,,,,,,,,,,,,,,,,,,,,,,,CandidateFormed,7734.5,,,,,,Supply,7734.25,7734.5,10.318232222515897
kahn,11010,2026-08-27T18:23:21.445161Z,14:23:21,policy_decision,es-2026-08-27-short-upper-supply-vwap-7754-7756,SuppressAdd,no_add_zone,inside_no_add_zone,no-add-7728-7738,BuildTrial,2,7734.375,PriceTouch,None,,,,,,,,,,,,,,,,,,,,,,,,,,,,,,,
kahn,11011,2026-08-27T18:23:21.446034Z,14:23:21,campaign_state,es-2026-08-27-short-upper-supply-vwap-7754-7756,,,,,BuildTrial,,,,,,2026-08-27T18:23:21.4460341Z,6930021670,2,2,"{'lower': 7743.75, 'upper': 7747.25}",live-ll-37-RailOwned-639234504886562358,"{'lower': 7751.25, 'upper': 7751.5}",live-ll-28-RailHeld-639234491436131978,,2026-08-27T18:24:51.4439142+00:00,1,3,2,,,True,False,,state-only decision,,,,,,,,,,,
kahn,11012,2026-08-27T18:23:26.707504Z,14:23:26,policy_decision,es-2026-08-27-short-upper-supply-vwap-7754-7756,SuppressAdd,no_add_zone,inside_no_add_zone,no-add-7728-7738,BuildTrial,2,7734.125,PriceTouch,None,,,,,,,,,,,,,,,,,,,,,,,,,,,,,,,
kahn,11013,2026-08-27T18:23:26.708540Z,14:23:26,campaign_state,es-2026-08-27-short-upper-supply-vwap-7754-7756,,,,,BuildTrial,,,,,,2026-08-27T18:23:26.7085407Z,6935283996,2,2,"{'lower': 7743.75, 'upper': 7747.25}",live-ll-37-RailOwned-639234504886562358,"{'lower': 7751.25, 'upper': 7751.5}",live-ll-28-RailHeld-639234491436131978,,2026-08-27T18:24:56.7068773+00:00,1,3,2,,,True,False,,state-only decision,,,,,,,,,,,
kahn,11016,2026-08-27T18:23:31.718156Z,14:23:31,policy_decision,es-2026-08-27-short-upper-supply-vwap-7754-7756,SuppressAdd,no_add_zone,inside_no_add_zone,no-add-7728-7738,BuildTrial,2,7734.375,PriceTouch,None,,,,,,,,,,,,,,,,,,,,,,,,,,,,,,,
kahn,11017,2026-08-27T18:23:31.718866Z,14:23:31,campaign_state,es-2026-08-27-short-upper-supply-vwap-7754-7756,,,,,BuildTrial,,,,,,2026-08-27T18:23:31.7188660Z,6940294150,2,2,"{'lower': 7743.75, 'upper': 7747.25}",live-ll-37-RailOwned-639234504886562358,"{'lower': 7751.25, 'upper': 7751.5}",live-ll-28-RailHeld-639234491436131978,,2026-08-27T18:25:01.7072469+00:00,1,3,2,,,True,False,,state-only decision,,,,,,,,,,,
kahn,11018,2026-08-27T18:23:32.460358Z,14:23:32,policy_decision,es-2026-08-27-short-upper-supply-vwap-7754-7756,SuppressAdd,path_stress,mature_path_adds_suppressed,pathstress-7728-7731,BuildTrial,2,7733.125,PriceTouch,None,,,,,,,,,,,,,,,,,,,,,,,,,,,,,,,
kahn,11019,2026-08-27T18:23:32.460931Z,14:23:32,campaign_state,es-2026-08-27-short-upper-supply-vwap-7754-7756,,,,,BuildTrial,,,,,,2026-08-27T18:23:32.4609319Z,6941036190,2,2,"{'lower': 7743.75, 'upper': 7747.25}",live-ll-37-RailOwned-639234504886562358,"{'lower': 7751.25, 'upper': 7751.5}",live-ll-28-RailHeld-639234491436131978,,2026-08-27T18:25:32.4479680+00:00,1,3,2,,,True,False,,state-only decision,,,,,,,,,,,
kahn,11021,2026-08-27T18:23:36.205581Z,14:23:36,ll_transition,,,,,,,,,,,,,,,,,,,,,,,,,,,,,,,RailHeld,7733.0,Supply,Owned,7735.5,7735.5,11.928916589862665,,,,
kahn,11022,2026-08-27T18:23:36.962425Z,14:23:36,policy_decision,es-2026-08-27-short-upper-supply-vwap-7754-7756,SuppressAdd,no_add_zone,inside_no_add_zone,no-add-7728-7738,BuildTrial,2,7733.375,PriceTouch,None,,,,,,,,,,,,,,,,,,,,,,,,,,,,,,,
kahn,11023,2026-08-27T18:23:36.964728Z,14:23:36,campaign_state,es-2026-08-27-short-upper-supply-vwap-7754-7756,,,,,BuildTrial,,,,,,2026-08-27T18:23:36.9647284Z,6945539835,2,2,"{'lower': 7743.75, 'upper': 7747.25}",live-ll-37-RailOwned-639234504886562358,"{'lower': 7751.25, 'upper': 7751.5}",live-ll-28-RailHeld-639234491436131978,,2026-08-27T18:25:06.9511944+00:00,1,3,2,,,True,False,,state-only decision,,,,,,,,,,,
kahn,11024,2026-08-27T18:23:38.751075Z,14:23:38,policy_decision,es-2026-08-27-short-upper-supply-vwap-7754-7756,SuppressAdd,path_stress,mature_path_adds_suppressed,pathstress-7728-7731,BuildTrial,2,7733.125,PriceTouch,None,,,,,,,,,,,,,,,,,,,,,,,,,,,,,,,
kahn,11025,2026-08-27T18:23:38.752313Z,14:23:38,campaign_state,es-2026-08-27-short-upper-supply-vwap-7754-7756,,,,,BuildTrial,,,,,,2026-08-27T18:23:38.7523132Z,6947327357,2,2,"{'lower': 7743.75, 'upper': 7747.25}",live-ll-37-RailOwned-639234504886562358,"{'lower': 7751.25, 'upper': 7751.5}",live-ll-28-RailHeld-639234491436131978,,2026-08-27T18:25:38.7074117+00:00,1,3,2,,,True,False,,state-only decision,,,,,,,,,,,
kahn,11026,2026-08-27T18:23:42.195590Z,14:23:42,policy_decision,es-2026-08-27-short-upper-supply-vwap-7754-7756,SuppressAdd,no_add_zone,inside_no_add_zone,no-add-7728-7738,BuildTrial,2,7733.375,PriceTouch,None,,,,,,,,,,,,,,,,,,,,,,,,,,,,,,,
kahn,11027,2026-08-27T18:23:42.196182Z,14:23:42,campaign_state,es-2026-08-27-short-upper-supply-vwap-7754-7756,,,,,BuildTrial,,,,,,2026-08-27T18:23:42.1961824Z,6950771106,2,2,"{'lower': 7743.75, 'upper': 7747.25}",live-ll-37-RailOwned-639234504886562358,"{'lower': 7751.25, 'upper': 7751.5}",live-ll-28-RailHeld-639234491436131978,,2026-08-27T18:25:12.1934304+00:00,1,3,2,,,True,False,,state-only decision,,,,,,,,,,,
kahn,11029,2026-08-27T18:23:43.712023Z,14:23:43,policy_decision,es-2026-08-27-short-upper-supply-vwap-7754-7756,SuppressAdd,path_stress,mature_path_adds_suppressed,pathstress-7728-7731,BuildTrial,2,7733.125,PriceTouch,None,,,,,,,,,,,,,,,,,,,,,,,,,,,,,,,
kahn,11030,2026-08-27T18:23:43.713465Z,14:23:43,campaign_state,es-2026-08-27-short-upper-supply-vwap-7754-7756,,,,,BuildTrial,,,,,,2026-08-27T18:23:43.7134656Z,6952288343,2,2,"{'lower': 7743.75, 'upper': 7747.25}",live-ll-37-RailOwned-639234504886562358,"{'lower': 7751.25, 'upper': 7751.5}",live-ll-28-RailHeld-639234491436131978,,2026-08-27T18:25:43.7078200+00:00,1,3,2,,,True,False,,state-only decision,,,,,,,,,,,
kahn,11032,2026-08-27T18:23:47.197392Z,14:23:47,policy_decision,es-2026-08-27-short-upper-supply-vwap-7754-7756,SuppressAdd,no_add_zone,inside_no_add_zone,no-add-7728-7738,BuildTrial,2,7733.375,PriceTouch,None,,,,,,,,,,,,,,,,,,,,,,,,,,,,,,,
kahn,11033,2026-08-27T18:23:47.198340Z,14:23:47,campaign_state,es-2026-08-27-short-upper-supply-vwap-7754-7756,,,,,BuildTrial,,,,,,2026-08-27T18:23:47.1983402Z,6955773094,2,2,"{'lower': 7743.75, 'upper': 7747.25}",live-ll-37-RailOwned-639234504886562358,"{'lower': 7751.25, 'upper': 7751.5}",live-ll-28-RailHeld-639234491436131978,,2026-08-27T18:25:17.1951362+00:00,1,3,2,,,True,False,,state-only decision,,,,,,,,,,,
kahn,11035,2026-08-27T18:23:48.955675Z,14:23:48,policy_decision,es-2026-08-27-short-upper-supply-vwap-7754-7756,SuppressAdd,path_stress,mature_path_adds_suppressed,pathstress-7728-7731,BuildTrial,2,7733.125,PriceTouch,None,,,,,,,,,,,,,,,,,,,,,,,,,,,,,,,
kahn,11036,2026-08-27T18:23:48.956183Z,14:23:48,campaign_state,es-2026-08-27-short-upper-supply-vwap-7754-7756,,,,,BuildTrial,,,,,,2026-08-27T18:23:48.9561837Z,6957530875,2,2,"{'lower': 7743.75, 'upper': 7747.25}",live-ll-37-RailOwned-639234504886562358,"{'lower': 7751.25, 'upper': 7751.5}",live-ll-28-RailHeld-639234491436131978,,2026-08-27T18:25:48.9508738+00:00,1,3,2,,,True,False,,state-only decision,,,,,,,,,,,
kahn,11037,2026-08-27T18:23:52.217000Z,14:23:52,policy_decision,es-2026-08-27-short-upper-supply-vwap-7754-7756,SuppressAdd,no_add_zone,inside_no_add_zone,no-add-7728-7738,BuildTrial,2,7733.375,PriceTouch,None,,,,,,,,,,,,,,,,,,,,,,,,,,,,,,,
kahn,11038,2026-08-27T18:23:52.217483Z,14:23:52,campaign_state,es-2026-08-27-short-upper-supply-vwap-7754-7756,,,,,BuildTrial,,,,,,2026-08-27T18:23:52.2174830Z,6960792063,2,2,"{'lower': 7743.75, 'upper': 7747.25}",live-ll-37-RailOwned-639234504886562358,"{'lower': 7751.25, 'upper': 7751.5}",live-ll-28-RailHeld-639234491436131978,,2026-08-27T18:25:22.1996020+00:00,1,3,2,,,True,False,,state-only decision,,,,,,,,,,,
kahn,11039,2026-08-27T18:23:54.206918Z,14:23:54,policy_decision,es-2026-08-27-short-upper-supply-vwap-7754-7756,SuppressAdd,path_stress,mature_path_adds_suppressed,pathstress-7728-7731,BuildTrial,2,7733.125,PriceTouch,None,,,,,,,,,,,,,,,,,,,,,,,,,,,,,,,
kahn,11040,2026-08-27T18:23:54.207447Z,14:23:54,campaign_state,es-2026-08-27-short-upper-supply-vwap-7754-7756,,,,,BuildTrial,,,,,,2026-08-27T18:23:54.2074474Z,6962781958,2,2,"{'lower': 7743.75, 'upper': 7747.25}",live-ll-37-RailOwned-639234504886562358,"{'lower': 7751.25, 'upper': 7751.5}",live-ll-28-RailHeld-639234491436131978,,2026-08-27T18:25:54.2059550+00:00,1,3,2,,,True,False,,state-only decision,,,,,,,,,,,
kahn,11043,2026-08-27T18:23:59.355493Z,14:23:59,policy_decision,es-2026-08-27-short-upper-supply-vwap-7754-7756,SuppressAdd,path_stress,mature_path_adds_suppressed,pathstress-7728-7731,BuildTrial,2,7732.125,PriceTouch,None,,,,,,,,,,,,,,,,,,,,,,,,,,,,,,,
kahn,11044,2026-08-27T18:23:59.355816Z,14:23:59,campaign_state,es-2026-08-27-short-upper-supply-vwap-7754-7756,,,,,BuildTrial,,,,,,2026-08-27T18:23:59.3558167Z,6967930149,2,2,"{'lower': 7743.75, 'upper': 7747.25}",live-ll-37-RailOwned-639234504886562358,"{'lower': 7751.25, 'upper': 7751.5}",live-ll-28-RailHeld-639234491436131978,,2026-08-27T18:25:59.3547182+00:00,1,3,2,,,True,False,,state-only decision,,,,,,,,,,,
kahn,11045,2026-08-27T18:24:04.361026Z,14:24:04,policy_decision,es-2026-08-27-short-upper-supply-vwap-7754-7756,SuppressAdd,path_stress,mature_path_adds_suppressed,pathstress-7728-7731,BuildTrial,2,7732.125,PriceTouch,None,,,,,,,,,,,,,,,,,,,,,,,,,,,,,,,
kahn,11046,2026-08-27T18:24:04.361977Z,14:24:04,campaign_state,es-2026-08-27-short-upper-supply-vwap-7754-7756,,,,,BuildTrial,,,,,,2026-08-27T18:24:04.3619779Z,6972936174,2,2,"{'lower': 7743.75, 'upper': 7747.25}",live-ll-37-RailOwned-639234504886562358,"{'lower': 7751.25, 'upper': 7751.5}",live-ll-28-RailHeld-639234491436131978,,2026-08-27T18:26:04.3592098+00:00,1,3,2,,,True,False,,state-only decision,,,,,,,,,,,
kahn,11047,2026-08-27T18:24:04.607416Z,14:24:04,ll_transition,,,,Adverse,,,,,,,,,,,,,,,,,,,,,,,,,,,CandidateDisplacementStarted,7731.75,,,,,,Demand,7733.75,7735.0,24.23820766182656
kahn,11048,2026-08-27T18:24:04.607628Z,14:24:04,ll_transition,,,,,,,,,,,,,,,,,,,,,,,,,,,,,,,RailHeld,7731.75,Supply,Owned,7734.25,7736.0,30.67850842196951,,,,
kahn,11049,2026-08-27T18:24:04.608032Z,14:24:04,policy_decision,es-2026-08-27-short-upper-supply-vwap-7754-7756,SuppressAdd,no_add_zone,inside_no_add_zone,no-add-7728-7738,BuildTrial,2,7731.75,RailHeld,Supply,"{'lower': 7734.25, 'upper': 7736}",,,,,,,,,,,,,,,,,,,,,,,,,,,,,,
kahn,11050,2026-08-27T18:24:04.608436Z,14:24:04,campaign_state,es-2026-08-27-short-upper-supply-vwap-7754-7756,,,,,BuildTrial,,,,,,2026-08-27T18:24:04.6084368Z,6973182588,2,2,"{'lower': 7743.75, 'upper': 7747.25}",live-ll-37-RailOwned-639234504886562358,"{'lower': 7751.25, 'upper': 7751.5}",live-ll-28-RailHeld-639234491436131978,,2026-08-27T18:25:34.6077863+00:00,1,3,2,,,True,False,,state-only decision,,,,,,,,,,,
kahn,11051,2026-08-27T18:24:05.621606Z,14:24:05,ll_transition,,,,inside_threshold,,,,,,,,,,,,,,,,,,,,,,,,,,,CandidateDisplacementReset,7732.0,,,,,,Demand,7733.75,7735.0,24.23820766182656
kahn,11054,2026-08-27T18:24:09.621531Z,14:24:09,policy_decision,es-2026-08-27-short-upper-supply-vwap-7754-7756,SuppressAdd,path_stress,mature_path_adds_suppressed,pathstress-7728-7731,BuildTrial,2,7732.375,PriceTouch,None,,,,,,,,,,,,,,,,,,,,,,,,,,,,,,,
kahn,11055,2026-08-27T18:24:09.622158Z,14:24:09,campaign_state,es-2026-08-27-short-upper-supply-vwap-7754-7756,,,,,BuildTrial,,,,,,2026-08-27T18:24:09.6221585Z,6978196140,2,2,"{'lower': 7743.75, 'upper': 7747.25}",live-ll-37-RailOwned-639234504886562358,"{'lower': 7751.25, 'upper': 7751.5}",live-ll-28-RailHeld-639234491436131978,,2026-08-27T18:26:09.6197992+00:00,1,3,2,,,True,False,,state-only decision,,,,,,,,,,,
kahn,11056,2026-08-27T18:24:14.857795Z,14:24:14,policy_decision,es-2026-08-27-short-upper-supply-vwap-7754-7756,SuppressAdd,path_stress,mature_path_adds_suppressed,pathstress-7728-7731,BuildTrial,2,7732.125,PriceTouch,None,,,,,,,,,,,,,,,,,,,,,,,,,,,,,,,
kahn,11057,2026-08-27T18:24:14.858510Z,14:24:14,campaign_state,es-2026-08-27-short-upper-supply-vwap-7754-7756,,,,,BuildTrial,,,,,,2026-08-27T18:24:14.8585107Z,6983432314,2,2,"{'lower': 7743.75, 'upper': 7747.25}",live-ll-37-RailOwned-639234504886562358,"{'lower': 7751.25, 'upper': 7751.5}",live-ll-28-RailHeld-639234491436131978,,2026-08-27T18:26:14.8568456+00:00,1,3,2,,,True,False,,state-only decision,,,,,,,,,,,
kahn,11059,2026-08-27T18:24:20.109117Z,14:24:20,policy_decision,es-2026-08-27-short-upper-supply-vwap-7754-7756,SuppressAdd,path_stress,mature_path_adds_suppressed,pathstress-7728-7731,BuildTrial,2,7732.125,PriceTouch,None,,,,,,,,,,,,,,,,,,,,,,,,,,,,,,,
kahn,11060,2026-08-27T18:24:20.109753Z,14:24:20,campaign_state,es-2026-08-27-short-upper-supply-vwap-7754-7756,,,,,BuildTrial,,,,,,2026-08-27T18:24:20.1097535Z,6988683374,2,2,"{'lower': 7743.75, 'upper': 7747.25}",live-ll-37-RailOwned-639234504886562358,"{'lower': 7751.25, 'upper': 7751.5}",live-ll-28-RailHeld-639234491436131978,,2026-08-27T18:26:20.1082148+00:00,1,3,2,,,True,False,,state-only decision,,,,,,,,,,,
kahn,11062,2026-08-27T18:24:25.125401Z,14:24:25,policy_decision,es-2026-08-27-short-upper-supply-vwap-7754-7756,SuppressAdd,path_stress,mature_path_adds_suppressed,pathstress-7728-7731,BuildTrial,2,7732.625,PriceTouch,None,,,,,,,,,,,,,,,,,,,,,,,,,,,,,,,
kahn,11063,2026-08-27T18:24:25.125715Z,14:24:25,campaign_state,es-2026-08-27-short-upper-supply-vwap-7754-7756,,,,,BuildTrial,,,,,,2026-08-27T18:24:25.1257153Z,6993699161,2,2,"{'lower': 7743.75, 'upper': 7747.25}",live-ll-37-RailOwned-639234504886562358,"{'lower': 7751.25, 'upper': 7751.5}",live-ll-28-RailHeld-639234491436131978,,2026-08-27T18:26:25.1166596+00:00,1,3,2,,,True,False,,state-only decision,,,,,,,,,,,
kahn,11065,2026-08-27T18:24:30.366594Z,14:24:30,policy_decision,es-2026-08-27-short-upper-supply-vwap-7754-7756,SuppressAdd,path_stress,mature_path_adds_suppressed,pathstress-7728-7731,BuildTrial,2,7732.625,PriceTouch,None,,,,,,,,,,,,,,,,,,,,,,,,,,,,,,,
kahn,11066,2026-08-27T18:24:30.367104Z,14:24:30,campaign_state,es-2026-08-27-short-upper-supply-vwap-7754-7756,,,,,BuildTrial,,,,,,2026-08-27T18:24:30.3671044Z,6998940370,2,2,"{'lower': 7743.75, 'upper': 7747.25}",live-ll-37-RailOwned-639234504886562358,"{'lower': 7751.25, 'upper': 7751.5}",live-ll-28-RailHeld-639234491436131978,,2026-08-27T18:26:30.3631588+00:00,1,3,2,,,True,False,,state-only decision,,,,,,,,,,,
kahn,11068,2026-08-27T18:24:35.151615Z,14:24:35,ll_transition,,,,Adverse,,,,,,,,,,,,,,,,,,,,,,,,,,,CandidateDisplacementStarted,7731.75,,,,,,Demand,7733.75,7735.0,24.23820766182656
kahn,11069,2026-08-27T18:24:35.365654Z,14:24:35,policy_decision,es-2026-08-27-short-upper-supply-vwap-7754-7756,SuppressAdd,path_stress,mature_path_adds_suppressed,pathstress-7728-7731,BuildTrial,2,7731.875,PriceTouch,None,,,,,,,,,,,,,,,,,,,,,,,,,,,,,,,
kahn,11070,2026-08-27T18:24:35.366295Z,14:24:35,campaign_state,es-2026-08-27-short-upper-supply-vwap-7754-7756,,,,,BuildTrial,,,,,,2026-08-27T18:24:35.3662951Z,7003939390,2,2,"{'lower': 7743.75, 'upper': 7747.25}",live-ll-37-RailOwned-639234504886562358,"{'lower': 7751.25, 'upper': 7751.5}",live-ll-28-RailHeld-639234491436131978,,2026-08-27T18:26:35.3643019+00:00,1,3,2,,,True,False,,state-only decision,,,,,,,,,,,
kahn,11072,2026-08-27T18:24:37.607840Z,14:24:37,ll_transition,,,,inside_threshold,,,,,,,,,,,,,,,,,,,,,,,,,,,CandidateDisplacementReset,7732.25,,,,,,Demand,7733.75,7735.0,24.23820766182656
kahn,11074,2026-08-27T18:24:40.372718Z,14:24:40,policy_decision,es-2026-08-27-short-upper-supply-vwap-7754-7756,SuppressAdd,path_stress,mature_path_adds_suppressed,pathstress-7728-7731,BuildTrial,2,7732.125,PriceTouch,None,,,,,,,,,,,,,,,,,,,,,,,,,,,,,,,
kahn,11075,2026-08-27T18:24:40.373072Z,14:24:40,campaign_state,es-2026-08-27-short-upper-supply-vwap-7754-7756,,,,,BuildTrial,,,,,,2026-08-27T18:24:40.3730725Z,7008945993,2,2,"{'lower': 7743.75, 'upper': 7747.25}",live-ll-37-RailOwned-639234504886562358,"{'lower': 7751.25, 'upper': 7751.5}",live-ll-28-RailHeld-639234491436131978,,2026-08-27T18:26:40.3720381+00:00,1,3,2,,,True,False,,state-only decision,,,,,,,,,,,
kahn,11077,2026-08-27T18:24:43.417073Z,14:24:43,ll_transition,,,,Adverse,,,,,,,,,,,,,,,,,,,,,,,,,,,CandidateDisplacementStarted,7731.75,,,,,,Demand,7733.75,7735.0,24.23820766182656
kahn,11079,2026-08-27T18:24:45.645683Z,14:24:45,policy_decision,es-2026-08-27-short-upper-supply-vwap-7754-7756,SuppressAdd,path_stress,mature_path_adds_suppressed,pathstress-7728-7731,BuildTrial,2,7731.875,PriceTouch,None,,,,,,,,,,,,,,,,,,,,,,,,,,,,,,,
kahn,11080,2026-08-27T18:24:45.646064Z,14:24:45,campaign_state,es-2026-08-27-short-upper-supply-vwap-7754-7756,,,,,BuildTrial,,,,,,2026-08-27T18:24:45.6460644Z,7014218804,2,2,"{'lower': 7743.75, 'upper': 7747.25}",live-ll-37-RailOwned-639234504886562358,"{'lower': 7751.25, 'upper': 7751.5}",live-ll-28-RailHeld-639234491436131978,,2026-08-27T18:26:45.6415479+00:00,1,3,2,,,True,False,,state-only decision,,,,,,,,,,,
kahn,11081,2026-08-27T18:24:46.868845Z,14:24:46,ll_transition,,,,Favor,,,,,,,,,,,,,,,,,,,,,,,,,,,CandidateDisplacementStarted,7731.5,,,,,,Supply,7733.5,7734.5,25.309030385492623
kahn,11083,2026-08-27T18:24:49.365632Z,14:24:49,ll_transition,,,,inside_threshold,,,,,,,,,,,,,,,,,,,,,,,,,,,CandidateDisplacementReset,7731.75,,,,,,Supply,7733.5,7734.5,25.309030385492623
kahn,11084,2026-08-27T18:24:50.865239Z,14:24:50,policy_decision,es-2026-08-27-short-upper-supply-vwap-7754-7756,SuppressAdd,path_stress,mature_path_adds_suppressed,pathstress-7728-7731,BuildTrial,2,7731.875,PriceTouch,None,,,,,,,,,,,,,,,,,,,,,,,,,,,,,,,
kahn,11085,2026-08-27T18:24:50.865726Z,14:24:50,campaign_state,es-2026-08-27-short-upper-supply-vwap-7754-7756,,,,,BuildTrial,,,,,,2026-08-27T18:24:50.8657264Z,7019438287,2,2,"{'lower': 7743.75, 'upper': 7747.25}",live-ll-37-RailOwned-639234504886562358,"{'lower': 7751.25, 'upper': 7751.5}",live-ll-28-RailHeld-639234491436131978,,2026-08-27T18:26:50.8646696+00:00,1,3,2,,,True,False,,state-only decision,,,,,,,,,,,
kahn,11087,2026-08-27T18:24:51.869390Z,14:24:51,ll_transition,,,,inside_threshold,,,,,,,,,,,,,,,,,,,,,,,,,,,CandidateDisplacementReset,7732.0,,,,,,Demand,7733.75,7735.0,24.23820766182656
kahn,11089,2026-08-27T18:24:55.882865Z,14:24:55,policy_decision,es-2026-08-27-short-upper-supply-vwap-7754-7756,SuppressAdd,path_stress,mature_path_adds_suppressed,pathstress-7728-7731,BuildTrial,2,7732.375,PriceTouch,None,,,,,,,,,,,,,,,,,,,,,,,,,,,,,,,
kahn,11090,2026-08-27T18:24:55.883278Z,14:24:55,campaign_state,es-2026-08-27-short-upper-supply-vwap-7754-7756,,,,,BuildTrial,,,,,,2026-08-27T18:24:55.8832789Z,7024455667,2,2,"{'lower': 7743.75, 'upper': 7747.25}",live-ll-37-RailOwned-639234504886562358,"{'lower': 7751.25, 'upper': 7751.5}",live-ll-28-RailHeld-639234491436131978,,2026-08-27T18:26:55.8814413+00:00,1,3,2,,,True,False,,state-only decision,,,,,,,,,,,
kahn,11091,2026-08-27T18:25:01.155742Z,14:25:01,policy_decision,es-2026-08-27-short-upper-supply-vwap-7754-7756,SuppressAdd,path_stress,mature_path_adds_suppressed,pathstress-7728-7731,BuildTrial,2,7732.375,PriceTouch,None,,,,,,,,,,,,,,,,,,,,,,,,,,,,,,,
kahn,11092,2026-08-27T18:25:01.156273Z,14:25:01,campaign_state,es-2026-08-27-short-upper-supply-vwap-7754-7756,,,,,BuildTrial,,,,,,2026-08-27T18:25:01.1562733Z,7029728479,2,2,"{'lower': 7743.75, 'upper': 7747.25}",live-ll-37-RailOwned-639234504886562358,"{'lower': 7751.25, 'upper': 7751.5}",live-ll-28-RailHeld-639234491436131978,,2026-08-27T18:27:01.1239280+00:00,1,3,2,,,True,False,,state-only decision,,,,,,,,,,,
kahn,11093,2026-08-27T18:25:06.387114Z,14:25:06,policy_decision,es-2026-08-27-short-upper-supply-vwap-7754-7756,SuppressAdd,path_stress,mature_path_adds_suppressed,pathstress-7728-7731,BuildTrial,2,7732.125,PriceTouch,None,,,,,,,,,,,,,,,,,,,,,,,,,,,,,,,
kahn,11094,2026-08-27T18:25:06.402055Z,14:25:06,campaign_state,es-2026-08-27-short-upper-supply-vwap-7754-7756,,,,,BuildTrial,,,,,,2026-08-27T18:25:06.4020555Z,7034974086,2,2,"{'lower': 7743.75, 'upper': 7747.25}",live-ll-37-RailOwned-639234504886562358,"{'lower': 7751.25, 'upper': 7751.5}",live-ll-28-RailHeld-639234491436131978,,2026-08-27T18:27:06.3864897+00:00,1,3,2,,,True,False,,state-only decision,,,,,,,,,,,
kahn,11096,2026-08-27T18:25:10.611752Z,14:25:10,ll_transition,,,,Adverse,,,,,,,,,,,,,,,,,,,,,,,,,,,CandidateDisplacementStarted,7731.75,,,,,,Demand,7733.75,7735.0,24.23820766182656
kahn,11097,2026-08-27T18:25:11.640137Z,14:25:11,ll_transition,,,,inside_threshold,,,,,,,,,,,,,,,,,,,,,,,,,,,CandidateDisplacementReset,7732.0,,,,,,Demand,7733.75,7735.0,24.23820766182656
kahn,11098,2026-08-27T18:25:11.640442Z,14:25:11,policy_decision,es-2026-08-27-short-upper-supply-vwap-7754-7756,SuppressAdd,path_stress,mature_path_adds_suppressed,pathstress-7728-7731,BuildTrial,2,7732.125,PriceTouch,None,,,,,,,,,,,,,,,,,,,,,,,,,,,,,,,
kahn,11099,2026-08-27T18:25:11.640856Z,14:25:11,campaign_state,es-2026-08-27-short-upper-supply-vwap-7754-7756,,,,,BuildTrial,,,,,,2026-08-27T18:25:11.6408569Z,7040212702,2,2,"{'lower': 7743.75, 'upper': 7747.25}",live-ll-37-RailOwned-639234504886562358,"{'lower': 7751.25, 'upper': 7751.5}",live-ll-28-RailHeld-639234491436131978,,2026-08-27T18:27:11.6227344+00:00,1,3,2,,,True,False,,state-only decision,,,,,,,,,,,
kahn,11100,2026-08-27T18:25:15.131226Z,14:25:15,ll_transition,,,,Adverse,,,,,,,,,,,,,,,,,,,,,,,,,,,CandidateDisplacementStarted,7731.75,,,,,,Demand,7733.75,7735.0,24.23820766182656
kahn,11102,2026-08-27T18:25:16.626192Z,14:25:16,policy_decision,es-2026-08-27-short-upper-supply-vwap-7754-7756,SuppressAdd,path_stress,mature_path_adds_suppressed,pathstress-7728-7731,BuildTrial,2,7731.875,PriceTouch,None,,,,,,,,,,,,,,,,,,,,,,,,,,,,,,,
kahn,11103,2026-08-27T18:25:16.627989Z,14:25:16,campaign_state,es-2026-08-27-short-upper-supply-vwap-7754-7756,,,,,BuildTrial,,,,,,2026-08-27T18:25:16.6279891Z,7045199664,2,2,"{'lower': 7743.75, 'upper': 7747.25}",live-ll-37-RailOwned-639234504886562358,"{'lower': 7751.25, 'upper': 7751.5}",live-ll-28-RailHeld-639234491436131978,,2026-08-27T18:27:16.6257011+00:00,1,3,2,,,True,False,,state-only decision,,,,,,,,,,,
kahn,11104,2026-08-27T18:25:19.374074Z,14:25:19,ll_transition,,,,Favor,,,,,,,,,,,,,,,,,,,,,,,,,,,CandidateDisplacementStarted,7731.5,,,,,,Supply,7733.5,7734.5,25.309030385492623
kahn,11106,2026-08-27T18:25:21.647174Z,14:25:21,policy_decision,es-2026-08-27-short-upper-supply-vwap-7754-7756,SuppressAdd,path_stress,mature_path_adds_suppressed,pathstress-7728-7731,BuildTrial,2,7731.625,PriceTouch,None,,,,,,,,,,,,,,,,,,,,,,,,,,,,,,,
kahn,11107,2026-08-27T18:25:21.647574Z,14:25:21,campaign_state,es-2026-08-27-short-upper-supply-vwap-7754-7756,,,,,BuildTrial,,,,,,2026-08-27T18:25:21.6475749Z,7050219075,2,2,"{'lower': 7743.75, 'upper': 7747.25}",live-ll-37-RailOwned-639234504886562358,"{'lower': 7751.25, 'upper': 7751.5}",live-ll-28-RailHeld-639234491436131978,,2026-08-27T18:27:21.6406999+00:00,1,3,2,,,True,False,,state-only decision,,,,,,,,,,,
kahn,11109,2026-08-27T18:25:25.382516Z,14:25:25,ll_transition,,,,CONSUMED,,,,,,,,,,,,,,,,,,,,,,,,,,,RailOwned,7731.25,Supply,Owned,7733.75,7735.0,24.23820766182656,Demand,7733.75,7735.0,24.23820766182656
kahn,11110,2026-08-27T18:25:25.382906Z,14:25:25,policy_decision,es-2026-08-27-short-upper-supply-vwap-7754-7756,SuppressAdd,no_add_zone,inside_no_add_zone,no-add-7728-7738,BuildTrial,2,7731.25,RailOwned,Supply,"{'lower': 7733.75, 'upper': 7735}",,,,,,,,,,,,,,,,,,,,,,,,,,,,,,
kahn,11111,2026-08-27T18:25:25.383224Z,14:25:25,campaign_state,es-2026-08-27-short-upper-supply-vwap-7754-7756,,,,,BuildTrial,,,,,,2026-08-27T18:25:25.3832243Z,7053954626,2,2,"{'lower': 7743.75, 'upper': 7747.25}",live-ll-37-RailOwned-639234504886562358,"{'lower': 7751.25, 'upper': 7751.5}",live-ll-28-RailHeld-639234491436131978,,2026-08-27T18:26:55.3827291+00:00,1,3,2,,,True,False,,state-only decision,,,,,,,,,,,
kahn,11112,2026-08-27T18:25:26.867152Z,14:25:26,policy_decision,es-2026-08-27-short-upper-supply-vwap-7754-7756,SuppressAdd,path_stress,mature_path_adds_suppressed,pathstress-7728-7731,BuildTrial,2,7731.375,PriceTouch,None,,,,,,,,,,,,,,,,,,,,,,,,,,,,,,,
kahn,11113,2026-08-27T18:25:26.867436Z,14:25:26,campaign_state,es-2026-08-27-short-upper-supply-vwap-7754-7756,,,,,BuildTrial,,,,,,2026-08-27T18:25:26.8674364Z,7055438758,2,2,"{'lower': 7743.75, 'upper': 7747.25}",live-ll-37-RailOwned-639234504886562358,"{'lower': 7751.25, 'upper': 7751.5}",live-ll-28-RailHeld-639234491436131978,,2026-08-27T18:27:26.8665032+00:00,1,3,2,,,True,False,,state-only decision,,,,,,,,,,,
kahn,11114,2026-08-27T18:25:30.154918Z,14:25:30,ll_transition,,,,OWNED,,,,,,,,,,,,,,,,,,,,,,,,,,,RailOwned,7730.75,Supply,Owned,7733.5,7734.5,25.309030385492623,Supply,7733.5,7734.5,25.309030385492623
kahn,11116,2026-08-27T18:25:31.882874Z,14:25:31,policy_decision,es-2026-08-27-short-upper-supply-vwap-7754-7756,SuppressAdd,path_stress,mature_path_adds_suppressed,pathstress-7728-7731,BuildTrial,2,7730.5,PriceTouch,None,,,,,,,,,,,,,,,,,,,,,,,,,,,,,,,
kahn,11117,2026-08-27T18:25:31.883218Z,14:25:31,campaign_state,es-2026-08-27-short-upper-supply-vwap-7754-7756,,,,,BuildTrial,,,,,,2026-08-27T18:25:31.8832181Z,7060454366,2,2,"{'lower': 7743.75, 'upper': 7747.25}",live-ll-37-RailOwned-639234504886562358,"{'lower': 7751.25, 'upper': 7751.5}",live-ll-28-RailHeld-639234491436131978,,2026-08-27T18:27:31.8804283+00:00,1,3,2,,,True,False,,state-only decision,,,,,,,,,,,
kahn,11120,2026-08-27T18:25:37.156563Z,14:25:37,policy_decision,es-2026-08-27-short-upper-supply-vwap-7754-7756,SuppressAdd,path_stress,mature_path_adds_suppressed,pathstress-7728-7731,BuildTrial,2,7730.875,PriceTouch,None,,,,,,,,,,,,,,,,,,,,,,,,,,,,,,,
kahn,11121,2026-08-27T18:25:37.156912Z,14:25:37,campaign_state,es-2026-08-27-short-upper-supply-vwap-7754-7756,,,,,BuildTrial,,,,,,2026-08-27T18:25:37.1569125Z,7065727897,2,2,"{'lower': 7743.75, 'upper': 7747.25}",live-ll-37-RailOwned-639234504886562358,"{'lower': 7751.25, 'upper': 7751.5}",live-ll-28-RailHeld-639234491436131978,,2026-08-27T18:27:37.1559287+00:00,1,3,2,,,True,False,,state-only decision,,,,,,,,,,,
kahn,11122,2026-08-27T18:25:42.361487Z,14:25:42,policy_decision,es-2026-08-27-short-upper-supply-vwap-7754-7756,SuppressAdd,path_stress,mature_path_adds_suppressed,pathstress-7728-7731,BuildTrial,2,7730.875,PriceTouch,None,,,,,,,,,,,,,,,,,,,,,,,,,,,,,,,
kahn,11123,2026-08-27T18:25:42.361944Z,14:25:42,campaign_state,es-2026-08-27-short-upper-supply-vwap-7754-7756,,,,,BuildTrial,,,,,,2026-08-27T18:25:42.3619440Z,7070932732,2,2,"{'lower': 7743.75, 'upper': 7747.25}",live-ll-37-RailOwned-639234504886562358,"{'lower': 7751.25, 'upper': 7751.5}",live-ll-28-RailHeld-639234491436131978,,2026-08-27T18:27:42.3570901+00:00,1,3,2,,,True,False,,state-only decision,,,,,,,,,,,
kahn,11126,2026-08-27T18:25:47.369744Z,14:25:47,policy_decision,es-2026-08-27-short-upper-supply-vwap-7754-7756,SuppressAdd,path_stress,mature_path_adds_suppressed,pathstress-7728-7731,BuildTrial,2,7730.875,PriceTouch,None,,,,,,,,,,,,,,,,,,,,,,,,,,,,,,,
kahn,11127,2026-08-27T18:25:47.370328Z,14:25:47,campaign_state,es-2026-08-27-short-upper-supply-vwap-7754-7756,,,,,BuildTrial,,,,,,2026-08-27T18:25:47.3703283Z,7075940944,2,2,"{'lower': 7743.75, 'upper': 7747.25}",live-ll-37-RailOwned-639234504886562358,"{'lower': 7751.25, 'upper': 7751.5}",live-ll-28-RailHeld-639234491436131978,,2026-08-27T18:27:47.3691764+00:00,1,3,2,,,True,False,,state-only decision,,,,,,,,,,,
kahn,11130,2026-08-27T18:25:52.610804Z,14:25:52,policy_decision,es-2026-08-27-short-upper-supply-vwap-7754-7756,SuppressAdd,path_stress,mature_path_adds_suppressed,pathstress-7728-7731,BuildTrial,2,7730.625,PriceTouch,None,,,,,,,,,,,,,,,,,,,,,,,,,,,,,,,
kahn,11131,2026-08-27T18:25:52.614748Z,14:25:52,campaign_state,es-2026-08-27-short-upper-supply-vwap-7754-7756,,,,,BuildTrial,,,,,,2026-08-27T18:25:52.6147488Z,7081185188,2,2,"{'lower': 7743.75, 'upper': 7747.25}",live-ll-37-RailOwned-639234504886562358,"{'lower': 7751.25, 'upper': 7751.5}",live-ll-28-RailHeld-639234491436131978,,2026-08-27T18:27:52.6087593+00:00,1,3,2,,,True,False,,state-only decision,,,,,,,,,,,
kahn,11132,2026-08-27T18:25:57.644428Z,14:25:57,policy_decision,es-2026-08-27-short-upper-supply-vwap-7754-7756,SuppressAdd,path_stress,mature_path_adds_suppressed,pathstress-7728-7731,BuildTrial,2,7730.625,PriceTouch,None,,,,,,,,,,,,,,,,,,,,,,,,,,,,,,,
kahn,11133,2026-08-27T18:25:57.645008Z,14:25:57,campaign_state,es-2026-08-27-short-upper-supply-vwap-7754-7756,,,,,BuildTrial,,,,,,2026-08-27T18:25:57.6450082Z,7086215270,2,2,"{'lower': 7743.75, 'upper': 7747.25}",live-ll-37-RailOwned-639234504886562358,"{'lower': 7751.25, 'upper': 7751.5}",live-ll-28-RailHeld-639234491436131978,,2026-08-27T18:27:57.6439757+00:00,1,3,2,,,True,False,,state-only decision,,,,,,,,,,,
kahn,11135,2026-08-27T18:26:02.879663Z,14:26:02,policy_decision,es-2026-08-27-short-upper-supply-vwap-7754-7756,SuppressAdd,path_stress,mature_path_adds_suppressed,pathstress-7728-7731,BuildTrial,2,7730.625,PriceTouch,None,,,,,,,,,,,,,,,,,,,,,,,,,,,,,,,
kahn,11136,2026-08-27T18:26:02.880515Z,14:26:02,campaign_state,es-2026-08-27-short-upper-supply-vwap-7754-7756,,,,,BuildTrial,,,,,,2026-08-27T18:26:02.8805158Z,7091450599,2,2,"{'lower': 7743.75, 'upper': 7747.25}",live-ll-37-RailOwned-639234504886562358,"{'lower': 7751.25, 'upper': 7751.5}",live-ll-28-RailHeld-639234491436131978,,2026-08-27T18:28:02.8733593+00:00,1,3,2,,,True,False,,state-only decision,,,,,,,,,,,
kahn,11137,2026-08-27T18:26:08.107316Z,14:26:08,policy_decision,es-2026-08-27-short-upper-supply-vwap-7754-7756,SuppressAdd,path_stress,mature_path_adds_suppressed,pathstress-7728-7731,BuildTrial,2,7730.875,PriceTouch,None,,,,,,,,,,,,,,,,,,,,,,,,,,,,,,,
kahn,11138,2026-08-27T18:26:08.115998Z,14:26:08,campaign_state,es-2026-08-27-short-upper-supply-vwap-7754-7756,,,,,BuildTrial,,,,,,2026-08-27T18:26:08.1159982Z,7096685904,2,2,"{'lower': 7743.75, 'upper': 7747.25}",live-ll-37-RailOwned-639234504886562358,"{'lower': 7751.25, 'upper': 7751.5}",live-ll-28-RailHeld-639234491436131978,,2026-08-27T18:28:08.1062414+00:00,1,3,2,,,True,False,,state-only decision,,,,,,,,,,,
kahn,11140,2026-08-27T18:26:13.208509Z,14:26:13,policy_decision,es-2026-08-27-short-upper-supply-vwap-7754-7756,SuppressAdd,path_stress,mature_path_adds_suppressed,pathstress-7728-7731,BuildTrial,2,7730.875,PriceTouch,None,,,,,,,,,,,,,,,,,,,,,,,,,,,,,,,
kahn,11141,2026-08-27T18:26:13.238583Z,14:26:13,campaign_state,es-2026-08-27-short-upper-supply-vwap-7754-7756,,,,,BuildTrial,,,,,,2026-08-27T18:26:13.2385836Z,7101808311,2,2,"{'lower': 7743.75, 'upper': 7747.25}",live-ll-37-RailOwned-639234504886562358,"{'lower': 7751.25, 'upper': 7751.5}",live-ll-28-RailHeld-639234491436131978,,2026-08-27T18:28:13.1517745+00:00,1,3,2,,,True,False,,state-only decision,,,,,,,,,,,
kahn,11143,2026-08-27T18:26:18.376184Z,14:26:18,policy_decision,es-2026-08-27-short-upper-supply-vwap-7754-7756,SuppressAdd,path_stress,mature_path_adds_suppressed,pathstress-7728-7731,BuildTrial,2,7731.125,PriceTouch,None,,,,,,,,,,,,,,,,,,,,,,,,,,,,,,,
kahn,11144,2026-08-27T18:26:18.376991Z,14:26:18,campaign_state,es-2026-08-27-short-upper-supply-vwap-7754-7756,,,,,BuildTrial,,,,,,2026-08-27T18:26:18.3769918Z,7106946540,2,2,"{'lower': 7743.75, 'upper': 7747.25}",live-ll-37-RailOwned-639234504886562358,"{'lower': 7751.25, 'upper': 7751.5}",live-ll-28-RailHeld-639234491436131978,,2026-08-27T18:28:18.3750374+00:00,1,3,2,,,True,False,,state-only decision,,,,,,,,,,,
kahn,11146,2026-08-27T18:26:23.645285Z,14:26:23,policy_decision,es-2026-08-27-short-upper-supply-vwap-7754-7756,SuppressAdd,path_stress,mature_path_adds_suppressed,pathstress-7728-7731,BuildTrial,2,7731.125,PriceTouch,None,,,,,,,,,,,,,,,,,,,,,,,,,,,,,,,
kahn,11147,2026-08-27T18:26:23.829702Z,14:26:23,campaign_state,es-2026-08-27-short-upper-supply-vwap-7754-7756,,,,,BuildTrial,,,,,,2026-08-27T18:26:23.8297021Z,7112399085,2,2,"{'lower': 7743.75, 'upper': 7747.25}",live-ll-37-RailOwned-639234504886562358,"{'lower': 7751.25, 'upper': 7751.5}",live-ll-28-RailHeld-639234491436131978,,2026-08-27T18:28:23.6385747+00:00,1,3,2,,,True,False,,state-only decision,,,,,,,,,,,
kahn,11149,2026-08-27T18:26:28.875290Z,14:26:28,policy_decision,es-2026-08-27-short-upper-supply-vwap-7754-7756,SuppressAdd,path_stress,mature_path_adds_suppressed,pathstress-7728-7731,BuildTrial,2,7730.625,PriceTouch,None,,,,,,,,,,,,,,,,,,,,,,,,,,,,,,,
kahn,11150,2026-08-27T18:26:28.876185Z,14:26:28,campaign_state,es-2026-08-27-short-upper-supply-vwap-7754-7756,,,,,BuildTrial,,,,,,2026-08-27T18:26:28.8761851Z,7117445373,2,2,"{'lower': 7743.75, 'upper': 7747.25}",live-ll-37-RailOwned-639234504886562358,"{'lower': 7751.25, 'upper': 7751.5}",live-ll-28-RailHeld-639234491436131978,,2026-08-27T18:28:28.8609175+00:00,1,3,2,,,True,False,,state-only decision,,,,,,,,,,,
kahn,11152,2026-08-27T18:26:30.867245Z,14:26:30,ll_transition,,,,,,,,,,,,,,,,,,,,,,,,,,,,,,,CandidateFormed,7730.25,,,,,,Demand,7730.25,7730.75,8.233397254272171
kahn,11154,2026-08-27T18:26:33.862604Z,14:26:33,policy_decision,es-2026-08-27-short-upper-supply-vwap-7754-7756,SuppressAdd,path_stress,mature_path_adds_suppressed,pathstress-7728-7731,BuildTrial,2,7729.75,PriceTouch,None,,,,,,,,,,,,,,,,,,,,,,,,,,,,,,,
kahn,11155,2026-08-27T18:26:33.863404Z,14:26:33,campaign_state,es-2026-08-27-short-upper-supply-vwap-7754-7756,,,,,BuildTrial,,,,,,2026-08-27T18:26:33.8634040Z,7122432422,2,2,"{'lower': 7743.75, 'upper': 7747.25}",live-ll-37-RailOwned-639234504886562358,"{'lower': 7751.25, 'upper': 7751.5}",live-ll-28-RailHeld-639234491436131978,,2026-08-27T18:28:33.8621564+00:00,1,3,2,,,True,False,,state-only decision,,,,,,,,,,,
kahn,11156,2026-08-27T18:26:38.879119Z,14:26:38,policy_decision,es-2026-08-27-short-upper-supply-vwap-7754-7756,SuppressAdd,path_stress,mature_path_adds_suppressed,pathstress-7728-7731,BuildTrial,2,7730.375,PriceTouch,None,,,,,,,,,,,,,,,,,,,,,,,,,,,,,,,
kahn,11157,2026-08-27T18:26:38.879512Z,14:26:38,campaign_state,es-2026-08-27-short-upper-supply-vwap-7754-7756,,,,,BuildTrial,,,,,,2026-08-27T18:26:38.8795126Z,7127448355,2,2,"{'lower': 7743.75, 'upper': 7747.25}",live-ll-37-RailOwned-639234504886562358,"{'lower': 7751.25, 'upper': 7751.5}",live-ll-28-RailHeld-639234491436131978,,2026-08-27T18:28:38.8719310+00:00,1,3,2,,,True,False,,state-only decision,,,,,,,,,,,
kahn,11160,2026-08-27T18:26:44.119691Z,14:26:44,policy_decision,es-2026-08-27-short-upper-supply-vwap-7754-7756,SuppressAdd,path_stress,mature_path_adds_suppressed,pathstress-7728-7731,BuildTrial,2,7730.125,PriceTouch,None,,,,,,,,,,,,,,,,,,,,,,,,,,,,,,,
kahn,11161,2026-08-27T18:26:44.121483Z,14:26:44,campaign_state,es-2026-08-27-short-upper-supply-vwap-7754-7756,,,,,BuildTrial,,,,,,2026-08-27T18:26:44.1214836Z,7132690148,2,2,"{'lower': 7743.75, 'upper': 7747.25}",live-ll-37-RailOwned-639234504886562358,"{'lower': 7751.25, 'upper': 7751.5}",live-ll-28-RailHeld-639234491436131978,,2026-08-27T18:28:44.1181835+00:00,1,3,2,,,True,False,,state-only decision,,,,,,,,,,,
kahn,11163,2026-08-27T18:26:49.369551Z,14:26:49,policy_decision,es-2026-08-27-short-upper-supply-vwap-7754-7756,SuppressAdd,path_stress,mature_path_adds_suppressed,pathstress-7728-7731,BuildTrial,2,7729.875,PriceTouch,None,,,,,,,,,,,,,,,,,,,,,,,,,,,,,,,
kahn,11164,2026-08-27T18:26:49.370360Z,14:26:49,campaign_state,es-2026-08-27-short-upper-supply-vwap-7754-7756,,,,,BuildTrial,,,,,,2026-08-27T18:26:49.3703602Z,7137938848,2,2,"{'lower': 7743.75, 'upper': 7747.25}",live-ll-37-RailOwned-639234504886562358,"{'lower': 7751.25, 'upper': 7751.5}",live-ll-28-RailHeld-639234491436131978,,2026-08-27T18:28:49.3651910+00:00,1,3,2,,,True,False,,state-only decision,,,,,,,,,,,
kahn,11165,2026-08-27T18:26:54.624710Z,14:26:54,policy_decision,es-2026-08-27-short-upper-supply-vwap-7754-7756,SuppressAdd,path_stress,mature_path_adds_suppressed,pathstress-7728-7731,BuildTrial,2,7729.625,PriceTouch,None,,,,,,,,,,,,,,,,,,,,,,,,,,,,,,,
kahn,11166,2026-08-27T18:26:54.625627Z,14:26:54,campaign_state,es-2026-08-27-short-upper-supply-vwap-7754-7756,,,,,BuildTrial,,,,,,2026-08-27T18:26:54.6256279Z,7143193929,2,2,"{'lower': 7743.75, 'upper': 7747.25}",live-ll-37-RailOwned-639234504886562358,"{'lower': 7751.25, 'upper': 7751.5}",live-ll-28-RailHeld-639234491436131978,,2026-08-27T18:28:54.6232964+00:00,1,3,2,,,True,False,,state-only decision,,,,,,,,,,,
kahn,11167,2026-08-27T18:26:59.867671Z,14:26:59,policy_decision,es-2026-08-27-short-upper-supply-vwap-7754-7756,SuppressAdd,path_stress,mature_path_adds_suppressed,pathstress-7728-7731,BuildTrial,2,7729.625,PriceTouch,None,,,,,,,,,,,,,,,,,,,,,,,,,,,,,,,
kahn,11168,2026-08-27T18:26:59.868432Z,14:26:59,campaign_state,es-2026-08-27-short-upper-supply-vwap-7754-7756,,,,,BuildTrial,,,,,,2026-08-27T18:26:59.8684322Z,7148436583,2,2,"{'lower': 7743.75, 'upper': 7747.25}",live-ll-37-RailOwned-639234504886562358,"{'lower': 7751.25, 'upper': 7751.5}",live-ll-28-RailHeld-639234491436131978,,2026-08-27T18:28:59.8672674+00:00,1,3,2,,,True,False,,state-only decision,,,,,,,,,,,
kahn,11171,2026-08-27T18:27:05.114370Z,14:27:05,policy_decision,es-2026-08-27-short-upper-supply-vwap-7754-7756,SuppressAdd,path_stress,mature_path_adds_suppressed,pathstress-7728-7731,BuildTrial,2,7729.125,PriceTouch,None,,,,,,,,,,,,,,,,,,,,,,,,,,,,,,,
kahn,11172,2026-08-27T18:27:05.114712Z,14:27:05,campaign_state,es-2026-08-27-short-upper-supply-vwap-7754-7756,,,,,BuildTrial,,,,,,2026-08-27T18:27:05.1147126Z,7153682652,2,2,"{'lower': 7743.75, 'upper': 7747.25}",live-ll-37-RailOwned-639234504886562358,"{'lower': 7751.25, 'upper': 7751.5}",live-ll-28-RailHeld-639234491436131978,,2026-08-27T18:29:05.1121834+00:00,1,3,2,,,True,False,,state-only decision,,,,,,,,,,,
kahn,11175,2026-08-27T18:27:10.122929Z,14:27:10,policy_decision,es-2026-08-27-short-upper-supply-vwap-7754-7756,SuppressAdd,path_stress,mature_path_adds_suppressed,pathstress-7728-7731,BuildTrial,2,7728.875,PriceTouch,None,,,,,,,,,,,,,,,,,,,,,,,,,,,,,,,
kahn,11176,2026-08-27T18:27:10.123309Z,14:27:10,campaign_state,es-2026-08-27-short-upper-supply-vwap-7754-7756,,,,,BuildTrial,,,,,,2026-08-27T18:27:10.1233096Z,7158691077,2,2,"{'lower': 7743.75, 'upper': 7747.25}",live-ll-37-RailOwned-639234504886562358,"{'lower': 7751.25, 'upper': 7751.5}",live-ll-28-RailHeld-639234491436131978,,2026-08-27T18:29:10.1128973+00:00,1,3,2,,,True,False,,state-only decision,,,,,,,,,,,
kahn,11177,2026-08-27T18:27:15.120097Z,14:27:15,policy_decision,es-2026-08-27-short-upper-supply-vwap-7754-7756,SuppressAdd,path_stress,mature_path_adds_suppressed,pathstress-7728-7731,BuildTrial,2,7728.125,PriceTouch,None,,,,,,,,,,,,,,,,,,,,,,,,,,,,,,,
kahn,11178,2026-08-27T18:27:15.122032Z,14:27:15,campaign_state,es-2026-08-27-short-upper-supply-vwap-7754-7756,,,,,BuildTrial,,,,,,2026-08-27T18:27:15.1220329Z,7163689630,2,2,"{'lower': 7743.75, 'upper': 7747.25}",live-ll-37-RailOwned-639234504886562358,"{'lower': 7751.25, 'upper': 7751.5}",live-ll-28-RailHeld-639234491436131978,,2026-08-27T18:29:15.1194699+00:00,1,3,2,,,True,False,,state-only decision,,,,,,,,,,,
kahn,11180,2026-08-27T18:27:15.873483Z,14:27:15,ll_transition,,,,Adverse,,,,,,,,,,,,,,,,,,,,,,,,,,,CandidateDisplacementStarted,7727.75,,,,,,Demand,7729.75,7730.75,30.310668814514806
kahn,11181,2026-08-27T18:27:17.122143Z,14:27:17,ll_transition,,,,inside_threshold,,,,,,,,,,,,,,,,,,,,,,,,,,,CandidateDisplacementReset,7728.0,,,,,,Demand,7729.75,7730.75,30.310668814514806
kahn,11183,2026-08-27T18:27:20.120703Z,14:27:20,policy_decision,es-2026-08-27-short-upper-supply-vwap-7754-7756,SuppressAdd,path_stress,mature_path_adds_suppressed,pathstress-7728-7731,BuildTrial,2,7728.125,PriceTouch,None,,,,,,,,,,,,,,,,,,,,,,,,,,,,,,,
kahn,11184,2026-08-27T18:27:20.121568Z,14:27:20,campaign_state,es-2026-08-27-short-upper-supply-vwap-7754-7756,,,,,BuildTrial,,,,,,2026-08-27T18:27:20.1215689Z,7168688993,2,2,"{'lower': 7743.75, 'upper': 7747.25}",live-ll-37-RailOwned-639234504886562358,"{'lower': 7751.25, 'upper': 7751.5}",live-ll-28-RailHeld-639234491436131978,,2026-08-27T18:29:20.1199343+00:00,1,3,2,,,True,False,,state-only decision,,,,,,,,,,,
kahn,11185,2026-08-27T18:27:22.881254Z,14:27:22,ll_transition,,,,Adverse,,,,,,,,,,,,,,,,,,,,,,,,,,,CandidateDisplacementStarted,7727.75,,,,,,Demand,7729.75,7730.75,30.310668814514806
kahn,11187,2026-08-27T18:27:25.130722Z,14:27:25,policy_decision,es-2026-08-27-short-upper-supply-vwap-7754-7756,SuppressAdd,path_stress,mature_path_adds_suppressed,pathstress-7728-7731,BuildTrial,2,7727.875,PriceTouch,None,,,,,,,,,,,,,,,,,,,,,,,,,,,,,,,
kahn,11188,2026-08-27T18:27:25.131348Z,14:27:25,campaign_state,es-2026-08-27-short-upper-supply-vwap-7754-7756,,,,,BuildTrial,,,,,,2026-08-27T18:27:25.1313485Z,7173698600,2,2,"{'lower': 7743.75, 'upper': 7747.25}",live-ll-37-RailOwned-639234504886562358,"{'lower': 7751.25, 'upper': 7751.5}",live-ll-28-RailHeld-639234491436131978,,2026-08-27T18:29:25.1291060+00:00,1,3,2,,,True,False,,state-only decision,,,,,,,,,,,
kahn,11189,2026-08-27T18:27:26.625927Z,14:27:26,ll_transition,,,,inside_threshold,,,,,,,,,,,,,,,,,,,,,,,,,,,CandidateDisplacementReset,7728.25,,,,,,Demand,7729.75,7730.75,30.310668814514806
kahn,11191,2026-08-27T18:27:30.363072Z,14:27:30,policy_decision,es-2026-08-27-short-upper-supply-vwap-7754-7756,SuppressAdd,path_stress,mature_path_adds_suppressed,pathstress-7728-7731,BuildTrial,2,7728.125,PriceTouch,None,,,,,,,,,,,,,,,,,,,,,,,,,,,,,,,
kahn,11192,2026-08-27T18:27:30.363517Z,14:27:30,campaign_state,es-2026-08-27-short-upper-supply-vwap-7754-7756,,,,,BuildTrial,,,,,,2026-08-27T18:27:30.3635177Z,7178930588,2,2,"{'lower': 7743.75, 'upper': 7747.25}",live-ll-37-RailOwned-639234504886562358,"{'lower': 7751.25, 'upper': 7751.5}",live-ll-28-RailHeld-639234491436131978,,2026-08-27T18:29:30.3617322+00:00,1,3,2,,,True,False,,state-only decision,,,,,,,,,,,
kahn,11193,2026-08-27T18:27:34.405188Z,14:27:34,ll_transition,,,,Adverse,,,,,,,,,,,,,,,,,,,,,,,,,,,CandidateDisplacementStarted,7727.75,,,,,,Demand,7729.75,7730.75,30.310668814514806
kahn,11194,2026-08-27T18:27:35.377504Z,14:27:35,policy_decision,es-2026-08-27-short-upper-supply-vwap-7754-7756,SuppressAdd,path_stress,mature_path_adds_suppressed,pathstress-7728-7731,BuildTrial,2,7728.125,PriceTouch,None,,,,,,,,,,,,,,,,,,,,,,,,,,,,,,,
kahn,11195,2026-08-27T18:27:35.377969Z,14:27:35,campaign_state,es-2026-08-27-short-upper-supply-vwap-7754-7756,,,,,BuildTrial,,,,,,2026-08-27T18:27:35.3779692Z,7183944868,2,2,"{'lower': 7743.75, 'upper': 7747.25}",live-ll-37-RailOwned-639234504886562358,"{'lower': 7751.25, 'upper': 7751.5}",live-ll-28-RailHeld-639234491436131978,,2026-08-27T18:29:35.3766294+00:00,1,3,2,,,True,False,,state-only decision,,,,,,,,,,,
kahn,11196,2026-08-27T18:27:35.628992Z,14:27:35,ll_transition,,,,inside_threshold,,,,,,,,,,,,,,,,,,,,,,,,,,,CandidateDisplacementReset,7728.0,,,,,,Demand,7729.75,7730.75,30.310668814514806
kahn,11198,2026-08-27T18:27:40.623097Z,14:27:40,policy_decision,es-2026-08-27-short-upper-supply-vwap-7754-7756,SuppressAdd,path_stress,mature_path_adds_suppressed,pathstress-7728-7731,BuildTrial,2,7728.125,PriceTouch,None,,,,,,,,,,,,,,,,,,,,,,,,,,,,,,,
kahn,11199,2026-08-27T18:27:40.623633Z,14:27:40,campaign_state,es-2026-08-27-short-upper-supply-vwap-7754-7756,,,,,BuildTrial,,,,,,2026-08-27T18:27:40.6236335Z,7189190356,2,2,"{'lower': 7743.75, 'upper': 7747.25}",live-ll-37-RailOwned-639234504886562358,"{'lower': 7751.25, 'upper': 7751.5}",live-ll-28-RailHeld-639234491436131978,,2026-08-27T18:29:40.6198495+00:00,1,3,2,,,True,False,,state-only decision,,,,,,,,,,,
kahn,11200,2026-08-27T18:27:42.382531Z,14:27:42,ll_transition,,,,Adverse,,,,,,,,,,,,,,,,,,,,,,,,,,,CandidateDisplacementStarted,7727.75,,,,,,Demand,7729.75,7730.75,30.310668814514806
kahn,11203,2026-08-27T18:27:45.623051Z,14:27:45,policy_decision,es-2026-08-27-short-upper-supply-vwap-7754-7756,SuppressAdd,path_stress,mature_path_adds_suppressed,pathstress-7728-7731,BuildTrial,2,7727.625,PriceTouch,None,,,,,,,,,,,,,,,,,,,,,,,,,,,,,,,
kahn,11204,2026-08-27T18:27:45.623358Z,14:27:45,campaign_state,es-2026-08-27-short-upper-supply-vwap-7754-7756,,,,,BuildTrial,,,,,,2026-08-27T18:27:45.6233587Z,7194189904,2,2,"{'lower': 7743.75, 'upper': 7747.25}",live-ll-37-RailOwned-639234504886562358,"{'lower': 7751.25, 'upper': 7751.5}",live-ll-28-RailHeld-639234491436131978,,2026-08-27T18:29:45.6220842+00:00,1,3,2,,,True,False,,state-only decision,,,,,,,,,,,
kahn,11205,2026-08-27T18:27:50.864819Z,14:27:50,policy_decision,es-2026-08-27-short-upper-supply-vwap-7754-7756,SuppressAdd,path_stress,mature_path_adds_suppressed,pathstress-7728-7731,BuildTrial,2,7727.375,PriceTouch,None,,,,,,,,,,,,,,,,,,,,,,,,,,,,,,,
kahn,11206,2026-08-27T18:27:50.865302Z,14:27:50,campaign_state,es-2026-08-27-short-upper-supply-vwap-7754-7756,,,,,BuildTrial,,,,,,2026-08-27T18:27:50.8653023Z,7199431667,2,2,"{'lower': 7743.75, 'upper': 7747.25}",live-ll-37-RailOwned-639234504886562358,"{'lower': 7751.25, 'upper': 7751.5}",live-ll-28-RailHeld-639234491436131978,,2026-08-27T18:29:50.8635528+00:00,1,3,2,,,True,False,,state-only decision,,,,,,,,,,,
kahn,11208,2026-08-27T18:27:52.638121Z,14:27:52,ll_transition,,,,CONSUMED,,,,,,,,,,,,,,,,,,,,,,,,,,,RailOwned,7727.0,Supply,Owned,7729.75,7730.75,30.310668814514806,Demand,7729.75,7730.75,30.310668814514806
kahn,11210,2026-08-27T18:27:55.875841Z,14:27:55,policy_decision,es-2026-08-27-short-upper-supply-vwap-7754-7756,SuppressAdd,path_stress,mature_path_adds_suppressed,pathstress-7728-7731,BuildTrial,2,7726.375,PriceTouch,None,,,,,,,,,,,,,,,,,,,,,,,,,,,,,,,
kahn,11211,2026-08-27T18:27:55.876285Z,14:27:55,campaign_state,es-2026-08-27-short-upper-supply-vwap-7754-7756,,,,,BuildTrial,,,,,,2026-08-27T18:27:55.8762854Z,7204442505,2,2,"{'lower': 7743.75, 'upper': 7747.25}",live-ll-37-RailOwned-639234504886562358,"{'lower': 7751.25, 'upper': 7751.5}",live-ll-28-RailHeld-639234491436131978,,2026-08-27T18:29:55.8749942+00:00,1,3,2,,,True,False,,state-only decision,,,,,,,,,,,
kahn,11213,2026-08-27T18:28:01.131714Z,14:28:01,policy_decision,es-2026-08-27-short-upper-supply-vwap-7754-7756,SuppressAdd,path_stress,mature_path_adds_suppressed,pathstress-7728-7731,BuildTrial,2,7726.625,PriceTouch,None,,,,,,,,,,,,,,,,,,,,,,,,,,,,,,,
kahn,11214,2026-08-27T18:28:01.132300Z,14:28:01,campaign_state,es-2026-08-27-short-upper-supply-vwap-7754-7756,,,,,BuildTrial,,,,,,2026-08-27T18:28:01.1323000Z,7209698313,2,2,"{'lower': 7743.75, 'upper': 7747.25}",live-ll-37-RailOwned-639234504886562358,"{'lower': 7751.25, 'upper': 7751.5}",live-ll-28-RailHeld-639234491436131978,,2026-08-27T18:30:01.1200285+00:00,1,3,2,,,True,False,,state-only decision,,,,,,,,,,,
kahn,11216,2026-08-27T18:28:06.137687Z,14:28:06,policy_decision,es-2026-08-27-short-upper-supply-vwap-7754-7756,SuppressAdd,path_stress,mature_path_adds_suppressed,pathstress-7728-7731,BuildTrial,2,7726.125,PriceTouch,None,,,,,,,,,,,,,,,,,,,,,,,,,,,,,,,
kahn,11217,2026-08-27T18:28:06.138052Z,14:28:06,campaign_state,es-2026-08-27-short-upper-supply-vwap-7754-7756,,,,,BuildTrial,,,,,,2026-08-27T18:28:06.1380520Z,7214703915,2,2,"{'lower': 7743.75, 'upper': 7747.25}",live-ll-37-RailOwned-639234504886562358,"{'lower': 7751.25, 'upper': 7751.5}",live-ll-28-RailHeld-639234491436131978,,2026-08-27T18:30:06.1300938+00:00,1,3,2,,,True,False,,state-only decision,,,,,,,,,,,
kahn,11223,2026-08-27T18:28:20.124598Z,14:28:20,policy_decision,es-2026-08-27-short-upper-supply-vwap-7754-7756,SuppressAdd,path_stress,mature_path_adds_suppressed,pathstress-7728-7731,BuildTrial,2,7725.875,PriceTouch,None,,,,,,,,,,,,,,,,,,,,,,,,,,,,,,,
kahn,11224,2026-08-27T18:28:20.126262Z,14:28:20,campaign_state,es-2026-08-27-short-upper-supply-vwap-7754-7756,,,,,BuildTrial,,,,,,2026-08-27T18:28:20.1262621Z,7228691629,2,2,"{'lower': 7743.75, 'upper': 7747.25}",live-ll-37-RailOwned-639234504886562358,"{'lower': 7751.25, 'upper': 7751.5}",live-ll-28-RailHeld-639234491436131978,,2026-08-27T18:30:20.1145729+00:00,1,3,2,,,True,False,,state-only decision,,,,,,,,,,,
kahn,11227,2026-08-27T18:28:25.125936Z,14:28:25,policy_decision,es-2026-08-27-short-upper-supply-vwap-7754-7756,SuppressAdd,path_stress,mature_path_adds_suppressed,pathstress-7728-7731,BuildTrial,2,7725.875,PriceTouch,None,,,,,,,,,,,,,,,,,,,,,,,,,,,,,,,
kahn,11228,2026-08-27T18:28:25.127566Z,14:28:25,campaign_state,es-2026-08-27-short-upper-supply-vwap-7754-7756,,,,,BuildTrial,,,,,,2026-08-27T18:28:25.1275662Z,7233692811,2,2,"{'lower': 7743.75, 'upper': 7747.25}",live-ll-37-RailOwned-639234504886562358,"{'lower': 7751.25, 'upper': 7751.5}",live-ll-28-RailHeld-639234491436131978,,2026-08-27T18:30:25.1249986+00:00,1,3,2,,,True,False,,state-only decision,,,,,,,,,,,
kahn,11230,2026-08-27T18:28:30.377577Z,14:28:30,policy_decision,es-2026-08-27-short-upper-supply-vwap-7754-7756,SuppressAdd,path_stress,mature_path_adds_suppressed,pathstress-7728-7731,BuildTrial,2,7725.875,PriceTouch,None,,,,,,,,,,,,,,,,,,,,,,,,,,,,,,,
kahn,11231,2026-08-27T18:28:30.378436Z,14:28:30,campaign_state,es-2026-08-27-short-upper-supply-vwap-7754-7756,,,,,BuildTrial,,,,,,2026-08-27T18:28:30.3784365Z,7238943442,2,2,"{'lower': 7743.75, 'upper': 7747.25}",live-ll-37-RailOwned-639234504886562358,"{'lower': 7751.25, 'upper': 7751.5}",live-ll-28-RailHeld-639234491436131978,,2026-08-27T18:30:30.3655649+00:00,1,3,2,,,True,False,,state-only decision,,,,,,,,,,,
kahn,11233,2026-08-27T18:28:35.368769Z,14:28:35,policy_decision,es-2026-08-27-short-upper-supply-vwap-7754-7756,SuppressAdd,path_stress,mature_path_adds_suppressed,pathstress-7728-7731,BuildTrial,2,7726.125,PriceTouch,None,,,,,,,,,,,,,,,,,,,,,,,,,,,,,,,
kahn,11234,2026-08-27T18:28:35.369590Z,14:28:35,campaign_state,es-2026-08-27-short-upper-supply-vwap-7754-7756,,,,,BuildTrial,,,,,,2026-08-27T18:28:35.3695909Z,7243934425,2,2,"{'lower': 7743.75, 'upper': 7747.25}",live-ll-37-RailOwned-639234504886562358,"{'lower': 7751.25, 'upper': 7751.5}",live-ll-28-RailHeld-639234491436131978,,2026-08-27T18:30:35.3665132+00:00,1,3,2,,,True,False,,state-only decision,,,,,,,,,,,
kahn,11237,2026-08-27T18:28:40.370567Z,14:28:40,policy_decision,es-2026-08-27-short-upper-supply-vwap-7754-7756,SuppressAdd,path_stress,mature_path_adds_suppressed,pathstress-7728-7731,BuildTrial,2,7726.875,PriceTouch,None,,,,,,,,,,,,,,,,,,,,,,,,,,,,,,,
kahn,11238,2026-08-27T18:28:40.371247Z,14:28:40,campaign_state,es-2026-08-27-short-upper-supply-vwap-7754-7756,,,,,BuildTrial,,,,,,2026-08-27T18:28:40.3712479Z,7248935910,2,2,"{'lower': 7743.75, 'upper': 7747.25}",live-ll-37-RailOwned-639234504886562358,"{'lower': 7751.25, 'upper': 7751.5}",live-ll-28-RailHeld-639234491436131978,,2026-08-27T18:30:40.3698610+00:00,1,3,2,,,True,False,,state-only decision,,,,,,,,,,,
kahn,11240,2026-08-27T18:28:45.380836Z,14:28:45,policy_decision,es-2026-08-27-short-upper-supply-vwap-7754-7756,SuppressAdd,path_stress,mature_path_adds_suppressed,pathstress-7728-7731,BuildTrial,2,7726.625,PriceTouch,None,,,,,,,,,,,,,,,,,,,,,,,,,,,,,,,
kahn,11241,2026-08-27T18:28:45.386744Z,14:28:45,campaign_state,es-2026-08-27-short-upper-supply-vwap-7754-7756,,,,,BuildTrial,,,,,,2026-08-27T18:28:45.3867443Z,7253951241,2,2,"{'lower': 7743.75, 'upper': 7747.25}",live-ll-37-RailOwned-639234504886562358,"{'lower': 7751.25, 'upper': 7751.5}",live-ll-28-RailHeld-639234491436131978,,2026-08-27T18:30:45.3716865+00:00,1,3,2,,,True,False,,state-only decision,,,,,,,,,,,
kahn,11244,2026-08-27T18:28:50.387972Z,14:28:50,policy_decision,es-2026-08-27-short-upper-supply-vwap-7754-7756,SuppressAdd,path_stress,mature_path_adds_suppressed,pathstress-7728-7731,BuildTrial,2,7726.375,PriceTouch,None,,,,,,,,,,,,,,,,,,,,,,,,,,,,,,,
kahn,11245,2026-08-27T18:28:50.388691Z,14:28:50,campaign_state,es-2026-08-27-short-upper-supply-vwap-7754-7756,,,,,BuildTrial,,,,,,2026-08-27T18:28:50.3886917Z,7258953009,2,2,"{'lower': 7743.75, 'upper': 7747.25}",live-ll-37-RailOwned-639234504886562358,"{'lower': 7751.25, 'upper': 7751.5}",live-ll-28-RailHeld-639234491436131978,,2026-08-27T18:30:50.3767530+00:00,1,3,2,,,True,False,,state-only decision,,,,,,,,,,,
kahn,11248,2026-08-27T18:28:55.644611Z,14:28:55,policy_decision,es-2026-08-27-short-upper-supply-vwap-7754-7756,SuppressAdd,path_stress,mature_path_adds_suppressed,pathstress-7728-7731,BuildTrial,2,7726.625,PriceTouch,None,,,,,,,,,,,,,,,,,,,,,,,,,,,,,,,
kahn,11249,2026-08-27T18:28:55.645114Z,14:28:55,campaign_state,es-2026-08-27-short-upper-supply-vwap-7754-7756,,,,,BuildTrial,,,,,,2026-08-27T18:28:55.6451145Z,7264209250,2,2,"{'lower': 7743.75, 'upper': 7747.25}",live-ll-37-RailOwned-639234504886562358,"{'lower': 7751.25, 'upper': 7751.5}",live-ll-28-RailHeld-639234491436131978,,2026-08-27T18:30:55.6377233+00:00,1,3,2,,,True,False,,state-only decision,,,,,,,,,,,
kahn,11252,2026-08-27T18:29:00.878914Z,14:29:00,policy_decision,es-2026-08-27-short-upper-supply-vwap-7754-7756,SuppressAdd,path_stress,mature_path_adds_suppressed,pathstress-7728-7731,BuildTrial,2,7726.625,PriceTouch,None,,,,,,,,,,,,,,,,,,,,,,,,,,,,,,,
kahn,11253,2026-08-27T18:29:00.879548Z,14:29:00,campaign_state,es-2026-08-27-short-upper-supply-vwap-7754-7756,,,,,BuildTrial,,,,,,2026-08-27T18:29:00.8795486Z,7269443587,2,2,"{'lower': 7743.75, 'upper': 7747.25}",live-ll-37-RailOwned-639234504886562358,"{'lower': 7751.25, 'upper': 7751.5}",live-ll-28-RailHeld-639234491436131978,,2026-08-27T18:31:00.8783067+00:00,1,3,2,,,True,False,,state-only decision,,,,,,,,,,,
kahn,11255,2026-08-27T18:29:06.148693Z,14:29:06,policy_decision,es-2026-08-27-short-upper-supply-vwap-7754-7756,SuppressAdd,path_stress,mature_path_adds_suppressed,pathstress-7728-7731,BuildTrial,2,7725.875,PriceTouch,None,,,,,,,,,,,,,,,,,,,,,,,,,,,,,,,
kahn,11256,2026-08-27T18:29:06.149226Z,14:29:06,campaign_state,es-2026-08-27-short-upper-supply-vwap-7754-7756,,,,,BuildTrial,,,,,,2026-08-27T18:29:06.1492267Z,7274713001,2,2,"{'lower': 7743.75, 'upper': 7747.25}",live-ll-37-RailOwned-639234504886562358,"{'lower': 7751.25, 'upper': 7751.5}",live-ll-28-RailHeld-639234491436131978,,2026-08-27T18:31:06.1353026+00:00,1,3,2,,,True,False,,state-only decision,,,,,,,,,,,
kahn,11259,2026-08-27T18:29:11.372367Z,14:29:11,policy_decision,es-2026-08-27-short-upper-supply-vwap-7754-7756,SuppressAdd,path_stress,mature_path_adds_suppressed,pathstress-7728-7731,BuildTrial,2,7725.875,PriceTouch,None,,,,,,,,,,,,,,,,,,,,,,,,,,,,,,,
kahn,11260,2026-08-27T18:29:11.373220Z,14:29:11,campaign_state,es-2026-08-27-short-upper-supply-vwap-7754-7756,,,,,BuildTrial,,,,,,2026-08-27T18:29:11.3732201Z,7279936817,2,2,"{'lower': 7743.75, 'upper': 7747.25}",live-ll-37-RailOwned-639234504886562358,"{'lower': 7751.25, 'upper': 7751.5}",live-ll-28-RailHeld-639234491436131978,,2026-08-27T18:31:11.3715889+00:00,1,3,2,,,True,False,,state-only decision,,,,,,,,,,,
kahn,11263,2026-08-27T18:29:17.662670Z,14:29:17,policy_decision,es-2026-08-27-short-upper-supply-vwap-7754-7756,SuppressAdd,path_stress,mature_path_adds_suppressed,pathstress-7728-7731,BuildTrial,2,7725.875,PriceTouch,None,,,,,,,,,,,,,,,,,,,,,,,,,,,,,,,
kahn,11264,2026-08-27T18:29:17.663184Z,14:29:17,campaign_state,es-2026-08-27-short-upper-supply-vwap-7754-7756,,,,,BuildTrial,,,,,,2026-08-27T18:29:17.6631848Z,7286226563,2,2,"{'lower': 7743.75, 'upper': 7747.25}",live-ll-37-RailOwned-639234504886562358,"{'lower': 7751.25, 'upper': 7751.5}",live-ll-28-RailHeld-639234491436131978,,2026-08-27T18:31:17.6512088+00:00,1,3,2,,,True,False,,state-only decision,,,,,,,,,,,
kahn,11276,2026-08-27T18:29:54.904846Z,14:29:54,policy_decision,es-2026-08-27-short-upper-supply-vwap-7754-7756,SuppressAdd,path_stress,mature_path_adds_suppressed,pathstress-7728-7731,BuildTrial,2,7725.875,PriceTouch,None,,,,,,,,,,,,,,,,,,,,,,,,,,,,,,,
kahn,11277,2026-08-27T18:29:54.905408Z,14:29:54,campaign_state,es-2026-08-27-short-upper-supply-vwap-7754-7756,,,,,BuildTrial,,,,,,2026-08-27T18:29:54.9054082Z,7323467520,2,2,"{'lower': 7743.75, 'upper': 7747.25}",live-ll-37-RailOwned-639234504886562358,"{'lower': 7751.25, 'upper': 7751.5}",live-ll-28-RailHeld-639234491436131978,,2026-08-27T18:31:54.8901853+00:00,1,3,2,,,True,False,,state-only decision,,,,,,,,,,,
kahn,11279,2026-08-27T18:30:00.136798Z,14:30:00,policy_decision,es-2026-08-27-short-upper-supply-vwap-7754-7756,SuppressAdd,path_stress,mature_path_adds_suppressed,pathstress-7728-7731,BuildTrial,2,7725.875,PriceTouch,None,,,,,,,,,,,,,,,,,,,,,,,,,,,,,,,
kahn,11280,2026-08-27T18:30:00.137992Z,14:30:00,campaign_state,es-2026-08-27-short-upper-supply-vwap-7754-7756,,,,,BuildTrial,,,,,,2026-08-27T18:30:00.1379925Z,7328699909,2,2,"{'lower': 7743.75, 'upper': 7747.25}",live-ll-37-RailOwned-639234504886562358,"{'lower': 7751.25, 'upper': 7751.5}",live-ll-28-RailHeld-639234491436131978,,2026-08-27T18:32:00.1359614+00:00,1,3,2,,,True,False,,state-only decision,,,,,,,,,,,
kahn,11283,2026-08-27T18:30:05.384479Z,14:30:05,policy_decision,es-2026-08-27-short-upper-supply-vwap-7754-7756,SuppressAdd,path_stress,mature_path_adds_suppressed,pathstress-7728-7731,BuildTrial,2,7725.875,PriceTouch,None,,,,,,,,,,,,,,,,,,,,,,,,,,,,,,,
kahn,11284,2026-08-27T18:30:05.384746Z,14:30:05,campaign_state,es-2026-08-27-short-upper-supply-vwap-7754-7756,,,,,BuildTrial,,,,,,2026-08-27T18:30:05.3847468Z,7333946482,2,2,"{'lower': 7743.75, 'upper': 7747.25}",live-ll-37-RailOwned-639234504886562358,"{'lower': 7751.25, 'upper': 7751.5}",live-ll-28-RailHeld-639234491436131978,,2026-08-27T18:32:05.3834215+00:00,1,3,2,,,True,False,,state-only decision,,,,,,,,,,,
kahn,11286,2026-08-27T18:30:07.636618Z,14:30:07,ll_transition,,,,,,,,,,,,,,,,,,,,,,,,,,,,,,,CandidateFormed,7726.5,,,,,,Supply,7725.75,7726.5,8.545885476022882
kahn,11287,2026-08-27T18:30:11.132572Z,14:30:11,policy_decision,es-2026-08-27-short-upper-supply-vwap-7754-7756,SuppressAdd,path_stress,mature_path_adds_suppressed,pathstress-7728-7731,BuildTrial,2,7725.875,PriceTouch,None,,,,,,,,,,,,,,,,,,,,,,,,,,,,,,,
kahn,11288,2026-08-27T18:30:11.133453Z,14:30:11,campaign_state,es-2026-08-27-short-upper-supply-vwap-7754-7756,,,,,BuildTrial,,,,,,2026-08-27T18:30:11.1334538Z,7339694993,2,2,"{'lower': 7743.75, 'upper': 7747.25}",live-ll-37-RailOwned-639234504886562358,"{'lower': 7751.25, 'upper': 7751.5}",live-ll-28-RailHeld-639234491436131978,,2026-08-27T18:32:11.1300235+00:00,1,3,2,,,True,False,,state-only decision,,,,,,,,,,,
kahn,11291,2026-08-27T18:30:16.142383Z,14:30:16,policy_decision,es-2026-08-27-short-upper-supply-vwap-7754-7756,SuppressAdd,path_stress,mature_path_adds_suppressed,pathstress-7728-7731,BuildTrial,2,7725.875,PriceTouch,None,,,,,,,,,,,,,,,,,,,,,,,,,,,,,,,
kahn,11292,2026-08-27T18:30:16.143197Z,14:30:16,campaign_state,es-2026-08-27-short-upper-supply-vwap-7754-7756,,,,,BuildTrial,,,,,,2026-08-27T18:30:16.1431974Z,7344704564,2,2,"{'lower': 7743.75, 'upper': 7747.25}",live-ll-37-RailOwned-639234504886562358,"{'lower': 7751.25, 'upper': 7751.5}",live-ll-28-RailHeld-639234491436131978,,2026-08-27T18:32:16.1403218+00:00,1,3,2,,,True,False,,state-only decision,,,,,,,,,,,
kahn,11294,2026-08-27T18:30:21.374068Z,14:30:21,policy_decision,es-2026-08-27-short-upper-supply-vwap-7754-7756,SuppressAdd,path_stress,mature_path_adds_suppressed,pathstress-7728-7731,BuildTrial,2,7727.375,PriceTouch,None,,,,,,,,,,,,,,,,,,,,,,,,,,,,,,,
kahn,11295,2026-08-27T18:30:21.374806Z,14:30:21,campaign_state,es-2026-08-27-short-upper-supply-vwap-7754-7756,,,,,BuildTrial,,,,,,2026-08-27T18:30:21.3748060Z,7349935992,2,2,"{'lower': 7743.75, 'upper': 7747.25}",live-ll-37-RailOwned-639234504886562358,"{'lower': 7751.25, 'upper': 7751.5}",live-ll-28-RailHeld-639234491436131978,,2026-08-27T18:32:21.3713501+00:00,1,3,2,,,True,False,,state-only decision,,,,,,,,,,,
kahn,11298,2026-08-27T18:30:26.378205Z,14:30:26,policy_decision,es-2026-08-27-short-upper-supply-vwap-7754-7756,SuppressAdd,path_stress,mature_path_adds_suppressed,pathstress-7728-7731,BuildTrial,2,7727.125,PriceTouch,None,,,,,,,,,,,,,,,,,,,,,,,,,,,,,,,
kahn,11299,2026-08-27T18:30:26.378616Z,14:30:26,campaign_state,es-2026-08-27-short-upper-supply-vwap-7754-7756,,,,,BuildTrial,,,,,,2026-08-27T18:30:26.3786169Z,7354939630,2,2,"{'lower': 7743.75, 'upper': 7747.25}",live-ll-37-RailOwned-639234504886562358,"{'lower': 7751.25, 'upper': 7751.5}",live-ll-28-RailHeld-639234491436131978,,2026-08-27T18:32:26.3775674+00:00,1,3,2,,,True,False,,state-only decision,,,,,,,,,,,
kahn,11302,2026-08-27T18:30:31.383035Z,14:30:31,policy_decision,es-2026-08-27-short-upper-supply-vwap-7754-7756,SuppressAdd,path_stress,mature_path_adds_suppressed,pathstress-7728-7731,BuildTrial,2,7726.375,PriceTouch,None,,,,,,,,,,,,,,,,,,,,,,,,,,,,,,,
kahn,11303,2026-08-27T18:30:31.383555Z,14:30:31,campaign_state,es-2026-08-27-short-upper-supply-vwap-7754-7756,,,,,BuildTrial,,,,,,2026-08-27T18:30:31.3835556Z,7359944396,2,2,"{'lower': 7743.75, 'upper': 7747.25}",live-ll-37-RailOwned-639234504886562358,"{'lower': 7751.25, 'upper': 7751.5}",live-ll-28-RailHeld-639234491436131978,,2026-08-27T18:32:31.3820202+00:00,1,3,2,,,True,False,,state-only decision,,,,,,,,,,,
kahn,11305,2026-08-27T18:30:36.627356Z,14:30:36,policy_decision,es-2026-08-27-short-upper-supply-vwap-7754-7756,SuppressAdd,path_stress,mature_path_adds_suppressed,pathstress-7728-7731,BuildTrial,2,7726.625,PriceTouch,None,,,,,,,,,,,,,,,,,,,,,,,,,,,,,,,
kahn,11306,2026-08-27T18:30:36.627900Z,14:30:36,campaign_state,es-2026-08-27-short-upper-supply-vwap-7754-7756,,,,,BuildTrial,,,,,,2026-08-27T18:30:36.6279001Z,7365188561,2,2,"{'lower': 7743.75, 'upper': 7747.25}",live-ll-37-RailOwned-639234504886562358,"{'lower': 7751.25, 'upper': 7751.5}",live-ll-28-RailHeld-639234491436131978,,2026-08-27T18:32:36.6260595+00:00,1,3,2,,,True,False,,state-only decision,,,,,,,,,,,
kahn,11308,2026-08-27T18:30:41.645064Z,14:30:41,policy_decision,es-2026-08-27-short-upper-supply-vwap-7754-7756,SuppressAdd,path_stress,mature_path_adds_suppressed,pathstress-7728-7731,BuildTrial,2,7727.375,PriceTouch,None,,,,,,,,,,,,,,,,,,,,,,,,,,,,,,,
kahn,11309,2026-08-27T18:30:41.645971Z,14:30:41,campaign_state,es-2026-08-27-short-upper-supply-vwap-7754-7756,,,,,BuildTrial,,,,,,2026-08-27T18:30:41.6459714Z,7370206459,2,2,"{'lower': 7743.75, 'upper': 7747.25}",live-ll-37-RailOwned-639234504886562358,"{'lower': 7751.25, 'upper': 7751.5}",live-ll-28-RailHeld-639234491436131978,,2026-08-27T18:32:41.6355150+00:00,1,3,2,,,True,False,,state-only decision,,,,,,,,,,,
kahn,11311,2026-08-27T18:30:46.880485Z,14:30:46,policy_decision,es-2026-08-27-short-upper-supply-vwap-7754-7756,SuppressAdd,path_stress,mature_path_adds_suppressed,pathstress-7728-7731,BuildTrial,2,7727.125,PriceTouch,None,,,,,,,,,,,,,,,,,,,,,,,,,,,,,,,
kahn,11312,2026-08-27T18:30:46.881068Z,14:30:46,campaign_state,es-2026-08-27-short-upper-supply-vwap-7754-7756,,,,,BuildTrial,,,,,,2026-08-27T18:30:46.8810680Z,7375441375,2,2,"{'lower': 7743.75, 'upper': 7747.25}",live-ll-37-RailOwned-639234504886562358,"{'lower': 7751.25, 'upper': 7751.5}",live-ll-28-RailHeld-639234491436131978,,2026-08-27T18:32:46.8773937+00:00,1,3,2,,,True,False,,state-only decision,,,,,,,,,,,
kahn,11314,2026-08-27T18:30:51.883661Z,14:30:51,policy_decision,es-2026-08-27-short-upper-supply-vwap-7754-7756,SuppressAdd,path_stress,mature_path_adds_suppressed,pathstress-7728-7731,BuildTrial,2,7727.375,PriceTouch,None,,,,,,,,,,,,,,,,,,,,,,,,,,,,,,,
kahn,11315,2026-08-27T18:30:51.883952Z,14:30:51,campaign_state,es-2026-08-27-short-upper-supply-vwap-7754-7756,,,,,BuildTrial,,,,,,2026-08-27T18:30:51.8839523Z,7380444087,2,2,"{'lower': 7743.75, 'upper': 7747.25}",live-ll-37-RailOwned-639234504886562358,"{'lower': 7751.25, 'upper': 7751.5}",live-ll-28-RailHeld-639234491436131978,,2026-08-27T18:32:51.8830645+00:00,1,3,2,,,True,False,,state-only decision,,,,,,,,,,,
kahn,11317,2026-08-27T18:30:57.123425Z,14:30:57,policy_decision,es-2026-08-27-short-upper-supply-vwap-7754-7756,SuppressAdd,path_stress,mature_path_adds_suppressed,pathstress-7728-7731,BuildTrial,2,7727.125,PriceTouch,None,,,,,,,,,,,,,,,,,,,,,,,,,,,,,,,
kahn,11318,2026-08-27T18:30:57.123776Z,14:30:57,campaign_state,es-2026-08-27-short-upper-supply-vwap-7754-7756,,,,,BuildTrial,,,,,,2026-08-27T18:30:57.1237761Z,7385683731,2,2,"{'lower': 7743.75, 'upper': 7747.25}",live-ll-37-RailOwned-639234504886562358,"{'lower': 7751.25, 'upper': 7751.5}",live-ll-28-RailHeld-639234491436131978,,2026-08-27T18:32:57.1225115+00:00,1,3,2,,,True,False,,state-only decision,,,,,,,,,,,
kahn,11320,2026-08-27T18:31:02.134258Z,14:31:02,policy_decision,es-2026-08-27-short-upper-supply-vwap-7754-7756,SuppressAdd,path_stress,mature_path_adds_suppressed,pathstress-7728-7731,BuildTrial,2,7727.625,PriceTouch,None,,,,,,,,,,,,,,,,,,,,,,,,,,,,,,,
kahn,11321,2026-08-27T18:31:02.134666Z,14:31:02,campaign_state,es-2026-08-27-short-upper-supply-vwap-7754-7756,,,,,BuildTrial,,,,,,2026-08-27T18:31:02.1346666Z,7390694449,2,2,"{'lower': 7743.75, 'upper': 7747.25}",live-ll-37-RailOwned-639234504886562358,"{'lower': 7751.25, 'upper': 7751.5}",live-ll-28-RailHeld-639234491436131978,,2026-08-27T18:33:02.1303261+00:00,1,3,2,,,True,False,,state-only decision,,,,,,,,,,,
kahn,11324,2026-08-27T18:31:07.377419Z,14:31:07,policy_decision,es-2026-08-27-short-upper-supply-vwap-7754-7756,SuppressAdd,path_stress,mature_path_adds_suppressed,pathstress-7728-7731,BuildTrial,2,7728.125,PriceTouch,None,,,,,,,,,,,,,,,,,,,,,,,,,,,,,,,
kahn,11325,2026-08-27T18:31:07.378130Z,14:31:07,campaign_state,es-2026-08-27-short-upper-supply-vwap-7754-7756,,,,,BuildTrial,,,,,,2026-08-27T18:31:07.3781307Z,7395937732,2,2,"{'lower': 7743.75, 'upper': 7747.25}",live-ll-37-RailOwned-639234504886562358,"{'lower': 7751.25, 'upper': 7751.5}",live-ll-28-RailHeld-639234491436131978,,2026-08-27T18:33:07.3763913+00:00,1,3,2,,,True,False,,state-only decision,,,,,,,,,,,
kahn,11327,2026-08-27T18:31:12.641042Z,14:31:12,policy_decision,es-2026-08-27-short-upper-supply-vwap-7754-7756,SuppressAdd,path_stress,mature_path_adds_suppressed,pathstress-7728-7731,BuildTrial,2,7728.125,PriceTouch,None,,,,,,,,,,,,,,,,,,,,,,,,,,,,,,,
kahn,11328,2026-08-27T18:31:12.641496Z,14:31:12,campaign_state,es-2026-08-27-short-upper-supply-vwap-7754-7756,,,,,BuildTrial,,,,,,2026-08-27T18:31:12.6414965Z,7401200917,2,2,"{'lower': 7743.75, 'upper': 7747.25}",live-ll-37-RailOwned-639234504886562358,"{'lower': 7751.25, 'upper': 7751.5}",live-ll-28-RailHeld-639234491436131978,,2026-08-27T18:33:12.6303602+00:00,1,3,2,,,True,False,,state-only decision,,,,,,,,,,,
kahn,11330,2026-08-27T18:31:17.872943Z,14:31:17,policy_decision,es-2026-08-27-short-upper-supply-vwap-7754-7756,SuppressAdd,path_stress,mature_path_adds_suppressed,pathstress-7728-7731,BuildTrial,2,7727.375,PriceTouch,None,,,,,,,,,,,,,,,,,,,,,,,,,,,,,,,
kahn,11331,2026-08-27T18:31:17.873742Z,14:31:17,campaign_state,es-2026-08-27-short-upper-supply-vwap-7754-7756,,,,,BuildTrial,,,,,,2026-08-27T18:31:17.8737424Z,7406432984,2,2,"{'lower': 7743.75, 'upper': 7747.25}",live-ll-37-RailOwned-639234504886562358,"{'lower': 7751.25, 'upper': 7751.5}",live-ll-28-RailHeld-639234491436131978,,2026-08-27T18:33:17.8716146+00:00,1,3,2,,,True,False,,state-only decision,,,,,,,,,,,
kahn,11333,2026-08-27T18:31:22.881677Z,14:31:22,policy_decision,es-2026-08-27-short-upper-supply-vwap-7754-7756,SuppressAdd,path_stress,mature_path_adds_suppressed,pathstress-7728-7731,BuildTrial,2,7727.625,PriceTouch,None,,,,,,,,,,,,,,,,,,,,,,,,,,,,,,,
kahn,11334,2026-08-27T18:31:22.882523Z,14:31:22,campaign_state,es-2026-08-27-short-upper-supply-vwap-7754-7756,,,,,BuildTrial,,,,,,2026-08-27T18:31:22.8825239Z,7411441593,2,2,"{'lower': 7743.75, 'upper': 7747.25}",live-ll-37-RailOwned-639234504886562358,"{'lower': 7751.25, 'upper': 7751.5}",live-ll-28-RailHeld-639234491436131978,,2026-08-27T18:33:22.8759883+00:00,1,3,2,,,True,False,,state-only decision,,,,,,,,,,,
kahn,11337,2026-08-27T18:31:28.122670Z,14:31:28,policy_decision,es-2026-08-27-short-upper-supply-vwap-7754-7756,SuppressAdd,path_stress,mature_path_adds_suppressed,pathstress-7728-7731,BuildTrial,2,7728.375,PriceTouch,None,,,,,,,,,,,,,,,,,,,,,,,,,,,,,,,
kahn,11338,2026-08-27T18:31:28.123290Z,14:31:28,campaign_state,es-2026-08-27-short-upper-supply-vwap-7754-7756,,,,,BuildTrial,,,,,,2026-08-27T18:31:28.1232901Z,7416682179,2,2,"{'lower': 7743.75, 'upper': 7747.25}",live-ll-37-RailOwned-639234504886562358,"{'lower': 7751.25, 'upper': 7751.5}",live-ll-28-RailHeld-639234491436131978,,2026-08-27T18:33:28.1208239+00:00,1,3,2,,,True,False,,state-only decision,,,,,,,,,,,
kahn,11339,2026-08-27T18:31:33.132058Z,14:31:33,policy_decision,es-2026-08-27-short-upper-supply-vwap-7754-7756,SuppressAdd,path_stress,mature_path_adds_suppressed,pathstress-7728-7731,BuildTrial,2,7727.875,PriceTouch,None,,,,,,,,,,,,,,,,,,,,,,,,,,,,,,,
kahn,11340,2026-08-27T18:31:33.132474Z,14:31:33,campaign_state,es-2026-08-27-short-upper-supply-vwap-7754-7756,,,,,BuildTrial,,,,,,2026-08-27T18:31:33.1324749Z,7421691190,2,2,"{'lower': 7743.75, 'upper': 7747.25}",live-ll-37-RailOwned-639234504886562358,"{'lower': 7751.25, 'upper': 7751.5}",live-ll-28-RailHeld-639234491436131978,,2026-08-27T18:33:33.1214020+00:00,1,3,2,,,True,False,,state-only decision,,,,,,,,,,,
kahn,11342,2026-08-27T18:31:35.380573Z,14:31:35,ll_transition,,,,Adverse,,,,,,,,,,,,,,,,,,,,,,,,,,,CandidateDisplacementStarted,7728.5,,,,,,Supply,7725.75,7726.5,11.388114616339639
kahn,11344,2026-08-27T18:31:37.387549Z,14:31:37,ll_transition,,,,inside_threshold,,,,,,,,,,,,,,,,,,,,,,,,,,,CandidateDisplacementReset,7728.25,,,,,,Supply,7725.75,7726.5,11.388114616339639
kahn,11345,2026-08-27T18:31:38.125601Z,14:31:38,policy_decision,es-2026-08-27-short-upper-supply-vwap-7754-7756,SuppressAdd,path_stress,mature_path_adds_suppressed,pathstress-7728-7731,BuildTrial,2,7728.625,PriceTouch,None,,,,,,,,,,,,,,,,,,,,,,,,,,,,,,,
kahn,11346,2026-08-27T18:31:38.132625Z,14:31:38,campaign_state,es-2026-08-27-short-upper-supply-vwap-7754-7756,,,,,BuildTrial,,,,,,2026-08-27T18:31:38.1326252Z,7426691177,2,2,"{'lower': 7743.75, 'upper': 7747.25}",live-ll-37-RailOwned-639234504886562358,"{'lower': 7751.25, 'upper': 7751.5}",live-ll-28-RailHeld-639234491436131978,,2026-08-27T18:33:38.1242793+00:00,1,3,2,,,True,False,,state-only decision,,,,,,,,,,,
kahn,11347,2026-08-27T18:31:38.627272Z,14:31:38,ll_transition,,,,Adverse,,,,,,,,,,,,,,,,,,,,,,,,,,,CandidateDisplacementStarted,7728.5,,,,,,Supply,7725.75,7726.5,11.388114616339639
kahn,11348,2026-08-27T18:31:40.886072Z,14:31:40,ll_transition,,,,,,,,,,,,,,,,,,,,,,,,,,,,,,,RailTested,7728.75,Supply,Tested,7729.75,7730.75,30.310668814514806,,,,
kahn,11350,2026-08-27T18:31:43.137939Z,14:31:43,policy_decision,es-2026-08-27-short-upper-supply-vwap-7754-7756,SuppressAdd,path_stress,mature_path_adds_suppressed,pathstress-7728-7731,BuildTrial,2,7728.875,PriceTouch,None,,,,,,,,,,,,,,,,,,,,,,,,,,,,,,,
kahn,11351,2026-08-27T18:31:43.138223Z,14:31:43,campaign_state,es-2026-08-27-short-upper-supply-vwap-7754-7756,,,,,BuildTrial,,,,,,2026-08-27T18:31:43.1382230Z,7431696594,2,2,"{'lower': 7743.75, 'upper': 7747.25}",live-ll-37-RailOwned-639234504886562358,"{'lower': 7751.25, 'upper': 7751.5}",live-ll-28-RailHeld-639234491436131978,,2026-08-27T18:33:43.1346704+00:00,1,3,2,,,True,False,,state-only decision,,,,,,,,,,,
kahn,11352,2026-08-27T18:31:48.386303Z,14:31:48,policy_decision,es-2026-08-27-short-upper-supply-vwap-7754-7756,SuppressAdd,path_stress,mature_path_adds_suppressed,pathstress-7728-7731,BuildTrial,2,7729.125,PriceTouch,None,,,,,,,,,,,,,,,,,,,,,,,,,,,,,,,
kahn,11353,2026-08-27T18:31:48.386672Z,14:31:48,campaign_state,es-2026-08-27-short-upper-supply-vwap-7754-7756,,,,,BuildTrial,,,,,,2026-08-27T18:31:48.3866729Z,7436944863,2,2,"{'lower': 7743.75, 'upper': 7747.25}",live-ll-37-RailOwned-639234504886562358,"{'lower': 7751.25, 'upper': 7751.5}",live-ll-28-RailHeld-639234491436131978,,2026-08-27T18:33:48.3857100+00:00,1,3,2,,,True,False,,state-only decision,,,,,,,,,,,
kahn,11355,2026-08-27T18:31:48.644766Z,14:31:48,ll_transition,,,,CONSUMED,,,,,,,,,,,,,,,,,,,,,,,,,,,RailOwned,7729.0,Demand,Owned,7725.75,7726.5,11.388114616339639,Supply,7725.75,7726.5,11.388114616339639
kahn,11356,2026-08-27T18:31:48.647386Z,14:31:48,policy_decision,es-2026-08-27-short-upper-supply-vwap-7754-7756,Retire,target_zone,opposite_ownership_at_target,target-7728-7729-50,BuildTrial,2,7729.0,RailOwned,Demand,"{'lower': 7725.75, 'upper': 7726.5}",,,,,,,,,,,,,,,,,,,,,,,,,,,,,,
kahn,11359,2026-08-27T18:31:49.120051Z,14:31:49,campaign_state,es-2026-08-27-short-upper-supply-vwap-7754-7756,,,,,Retired,,,,,,2026-08-27T18:31:49.1200514Z,7437678219,0,2,,,,,,2026-08-27T18:33:48.3857100+00:00,1,3,2,,,True,False,,,,,,,,,,,,,
kahn,11360,2026-08-27T18:31:49.124536Z,14:31:49,ll_transition,,,,,,,,,,,,,,,,,,,,,,,,,,,,,,,FailureCandidateFormed,7729.0,Demand,Candidate,7725.75,7729.0,11.388114616339639,,,,
kahn,11376,2026-08-27T18:32:22.149661Z,14:32:22,ll_transition,,,,,,,,,,,,,,,,,,,,,,,,,,,,,,,CandidateFormed,7729.5,,,,,,Supply,7729.5,7729.5,9.746073858920106
kahn,11377,2026-08-27T18:33:39.638176Z,14:33:39,ll_transition,,,,,,,,,,,,,,,,,,,,,,,,,,,,,,,CandidateFormed,7728.0,,,,,,Demand,7728.0,7728.75,10.294058525681518
kahn,11378,2026-08-27T18:33:49.142902Z,14:33:49,ll_transition,,,,Favor,,,,,,,,,,,,,,,,,,,,,,,,,,,CandidateDisplacementStarted,7727.5,,,,,,Supply,7729.5,7729.75,18.251334066234875
kahn,11379,2026-08-27T18:33:49.143011Z,14:33:49,ll_transition,,,,,,,,,,,,,,,,,,,,,,,,,,,,,,,RailTested,7727.5,Demand,Tested,7725.75,7726.5,11.388114616339639,,,,
kahn,11380,2026-08-27T18:33:50.399735Z,14:33:50,ll_transition,,,,,,,,,,,,,,,,,,,,,,,,,,,,,,,RailHeld,7727.0,Supply,Owned,7729.75,7730.75,30.310668814514806,,,,
kahn,11381,2026-08-27T18:33:59.389857Z,14:33:59,ll_transition,,,,OWNED,,,,,,,,,,,,,,,,,,,,,,,,,,,RailOwned,7726.25,Supply,Owned,7729.5,7729.75,18.251334066234875,Supply,7729.5,7729.75,18.251334066234875
