recorded_utc,recorded_et,api_as_of_utc,ticker,category,spot,zero_gamma,call_wall,put_wall,oi_call_wall,oi_put_wall
2026-08-27T13:30:00.040282Z,09:30:00,2026-08-27T11:59:46Z,ES_SPX,gex_zero,7690.41,7684.8->0,7689.72->0,7679.72->0,7689.72->7714.71,7669.72->7689.71
2026-08-27T13:31:02.656115Z,09:31:02,2026-08-27T13:31:01Z,ES_SPX,gex_zero,7720.37,0->7715.91,0->7764.71,0->7679.71,7714.71->7754.71,7689.71->7729.71
2026-08-27T13:31:02.935715Z,09:31:02,2026-08-27T13:31:02Z,ES_SPX,gex_full,7720.57,0->7715.22,0->7764.71,0->7669.71,,
2026-08-27T13:31:03.319147Z,09:31:03,2026-08-27T13:31:02Z,ES_SPX,gex_one,7720.57,0->7708.1,0->7764.71,0->7689.71,7739.71->7744.71,7714.71->7664.71
2026-08-27T13:31:03.762360Z,09:31:03,2026-08-27T13:31:02Z,NQ_NDX,gex_zero,29580.59,0->29508.81,0->29568.81,0->29497.16,29578.81->29568.97,29344.62->29348.27
2026-08-27T13:31:04.022936Z,09:31:04,2026-08-27T13:31:02Z,NQ_NDX,gex_full,29580.59,0->29508.81,0->29868.81,0->29497.16,,28718.81->29168.81
2026-08-27T13:31:04.333838Z,09:31:04,2026-08-27T13:31:04Z,NQ_NDX,gex_one,29585.17,0->29478.81,0->29868.81,0->29468.81,,
2026-08-27T13:32:04.635144Z,09:32:04,2026-08-27T13:32:03Z,ES_SPX,gex_zero,7708.56,,7764.71->7719.71,7679.71->7659.71,,7729.71->7649.71
2026-08-27T13:32:05.192952Z,09:32:05,2026-08-27T13:32:05Z,ES_SPX,gex_full,7707.68,7715.22->7716.32,7764.71->7719.71,7669.71->7659.71,,
2026-08-27T13:32:05.549840Z,09:32:05,2026-08-27T13:32:05Z,ES_SPX,gex_one,7707.68,7708.1->7709.79,7764.71->7759.71,7689.71->7674.71,,
2026-08-27T13:32:05.789069Z,09:32:05,2026-08-27T13:32:05Z,NQ_NDX,gex_zero,29490.02,,29568.81->29538.81,,29568.97->29578.81,29348.27->29346.28
2026-08-27T13:32:06.136947Z,09:32:06,2026-08-27T13:32:05Z,NQ_NDX,gex_full,29490.02,29508.81->29528.81,29868.81->30068.81,,,
2026-08-27T13:32:06.427747Z,09:32:06,2026-08-27T13:32:05Z,NQ_NDX,gex_one,29490.02,,29868.81->30068.81,,,
2026-08-27T13:33:06.831045Z,09:33:06,2026-08-27T13:33:05Z,ES_SPX,gex_zero,7711.94,7715.91->7713.1,,7659.71->7659.79,,
2026-08-27T13:33:07.270320Z,09:33:07,2026-08-27T13:33:07Z,ES_SPX,gex_full,7712.7,7716.32->7712.66,,7659.71->7659.96,,
2026-08-27T13:33:07.662686Z,09:33:07,2026-08-27T13:33:07Z,ES_SPX,gex_one,7712.7,7709.79->7709.96,7759.71->7719.71,,,
2026-08-27T13:33:08.054280Z,09:33:08,2026-08-27T13:33:06Z,NQ_NDX,gex_zero,29505.39,29508.81->29512.91,,29497.16->29498.71,,29346.28->29343.89
2026-08-27T13:33:08.323757Z,09:33:08,2026-08-27T13:33:08Z,NQ_NDX,gex_full,29509.59,29528.81->29628.81,,29497.16->29498.71,,
2026-08-27T13:34:09.180040Z,09:34:09,2026-08-27T13:34:09Z,ES_SPX,gex_zero,7709.86,7713.1->7712.21,,7659.79->7664.63,,
2026-08-27T13:34:09.606154Z,09:34:09,2026-08-27T13:34:09Z,ES_SPX,gex_full,7709.86,7712.66->7712.21,,7659.96->7674.71,,
2026-08-27T13:34:09.957213Z,09:34:09,2026-08-27T13:34:09Z,ES_SPX,gex_one,7709.86,7709.96->7862.21,7719.71->7869.71,,,
2026-08-27T13:34:10.215402Z,09:34:10,2026-08-27T13:34:09Z,NQ_NDX,gex_zero,29491.7,29512.91->29516.41,,29498.71->29498.81,,29343.89->29348.71
2026-08-27T13:34:10.550156Z,09:34:10,2026-08-27T13:34:09Z,NQ_NDX,gex_full,29491.7,,,29498.71->29498.81,,
2026-08-27T13:34:10.876458Z,09:34:10,2026-08-27T13:34:10Z,NQ_NDX,gex_one,29493.74,29478.81->29078.81,,29468.81->29068.81,,
2026-08-27T13:35:11.177573Z,09:35:11,2026-08-27T13:35:11Z,ES_SPX,gex_zero,7705.82,,,7664.63->7664.71,,
2026-08-27T13:35:11.820161Z,09:35:11,2026-08-27T13:35:11Z,ES_SPX,gex_one,7705.82,7862.21->7862.66,,,,
2026-08-27T13:35:12.066111Z,09:35:12,2026-08-27T13:35:11Z,NQ_NDX,gex_zero,29461.76,29516.41->29514.71,,,,29348.71->29344.06
2026-08-27T13:35:12.431331Z,09:35:12,2026-08-27T13:35:11Z,NQ_NDX,gex_full,29461.76,29628.81->29514.71,30068.81->29538.81,,,29168.81->29668.81
2026-08-27T13:35:12.807629Z,09:35:12,2026-08-27T13:35:13Z,NQ_NDX,gex_one,29460.26,,30068.81->29568.81,,,
2026-08-27T13:36:13.109390Z,09:36:13,2026-08-27T13:36:12Z,ES_SPX,gex_zero,7710.65,7712.21->7711.32,,,,
2026-08-27T13:36:13.387911Z,09:36:13,2026-08-27T13:36:12Z,ES_SPX,gex_full,7710.65,7712.21->7710.91,7719.71->7719.79,,,
2026-08-27T13:36:13.714149Z,09:36:13,2026-08-27T13:36:12Z,ES_SPX,gex_one,7710.65,7862.66->7705.91,,,,
2026-08-27T13:36:13.963905Z,09:36:13,2026-08-27T13:36:13Z,NQ_NDX,gex_zero,29481.94,,,,,29344.06->29348.27
2026-08-27T13:36:14.308993Z,09:36:14,2026-08-27T13:36:13Z,NQ_NDX,gex_full,29481.94,29514.71->29632.05,29538.81->29868.81,,,29668.81->29168.81
2026-08-27T13:36:14.625685Z,09:36:14,2026-08-27T13:36:13Z,NQ_NDX,gex_one,29481.94,,29568.81->30068.81,,,
2026-08-27T13:37:14.942324Z,09:37:14,2026-08-27T13:37:13Z,ES_SPX,gex_zero,7709.35,7711.32->7710.91,7719.71->7719.79,,,7649.71->7649.63
2026-08-27T13:37:15.228507Z,09:37:15,2026-08-27T13:37:15Z,ES_SPX,gex_full,7708.52,,7719.79->7724.63,,,
2026-08-27T13:37:15.543163Z,09:37:15,2026-08-27T13:37:15Z,ES_SPX,gex_one,7708.52,7705.91->7859.71,,,,
2026-08-27T13:37:15.801099Z,09:37:15,2026-08-27T13:37:15Z,NQ_NDX,gex_zero,29469.36,29514.71->29512.91,,,,
2026-08-27T13:37:16.124533Z,09:37:16,2026-08-27T13:37:15Z,NQ_NDX,gex_full,29469.36,29632.05->29677.15,,29498.81->29668.81,,
2026-08-27T13:37:16.360734Z,09:37:16,2026-08-27T13:37:15Z,NQ_NDX,gex_one,29469.36,,30068.81->29868.81,,,
2026-08-27T13:38:16.700725Z,09:38:16,2026-08-27T13:38:16Z,ES_SPX,gex_zero,7708.32,7710.91->7711.76,7719.79->7724.71,,,7649.63->7729.71
2026-08-27T13:38:17.085798Z,09:38:17,2026-08-27T13:38:16Z,ES_SPX,gex_full,7708.32,7710.91->7711.76,7724.63->7724.71,,,
2026-08-27T13:38:17.723753Z,09:38:17,2026-08-27T13:38:17Z,NQ_NDX,gex_zero,29471.45,29512.91->29448.81,,29498.81->29368.81,,29348.27->29347.94
2026-08-27T13:38:18.046097Z,09:38:18,2026-08-27T13:38:17Z,NQ_NDX,gex_full,29471.45,,29868.81->29768.81,,,
2026-08-27T13:38:18.376981Z,09:38:18,2026-08-27T13:38:18Z,NQ_NDX,gex_one,29469.73,,29868.81->29568.81,,,
2026-08-27T13:39:18.658209Z,09:39:18,2026-08-27T13:39:18Z,ES_SPX,gex_zero,7710.78,,7724.71->7724.63,7664.71->7674.79,,
2026-08-27T13:39:19.731260Z,09:39:19,2026-08-27T13:39:18Z,NQ_NDX,gex_zero,29473.01,29448.81->29431.22,29538.81->29598.81,,,
2026-08-27T13:39:20.018665Z,09:39:20,2026-08-27T13:39:18Z,NQ_NDX,gex_full,29473.01,29677.15->29473.01,29768.81->29598.81,,,29168.81->29668.81
2026-08-27T13:39:20.520450Z,09:39:20,2026-08-27T13:39:20Z,NQ_NDX,gex_one,29468.04,29078.81->28978.81,,29068.81->28968.81,,
2026-08-27T13:40:20.864585Z,09:40:20,2026-08-27T13:40:20Z,ES_SPX,gex_zero,7716.07,7711.76->7710.54,7724.63->7724.71,7674.79->7674.71,,
2026-08-27T13:40:21.227238Z,09:40:21,2026-08-27T13:40:20Z,ES_SPX,gex_full,7716.07,7711.76->7710.54,,,,
2026-08-27T13:40:21.478781Z,09:40:21,2026-08-27T13:40:20Z,ES_SPX,gex_one,7716.07,7859.71->7704.2,7869.71->7774.71,,,
2026-08-27T13:40:21.787412Z,09:40:21,2026-08-27T13:40:20Z,NQ_NDX,gex_zero,29515.08,,,,,29347.94->29348.71
2026-08-27T13:40:22.129905Z,09:40:22,2026-08-27T13:40:21Z,NQ_NDX,gex_full,29521.08,29473.01->29428.3,,29668.81->29368.81,,29668.81->29168.81
2026-08-27T13:40:22.418420Z,09:40:22,2026-08-27T13:40:21Z,NQ_NDX,gex_one,29521.08,28978.81->29078.81,29568.81->30068.81,28968.81->29068.81,,
2026-08-27T13:41:22.746117Z,09:41:22,2026-08-27T13:41:22Z,ES_SPX,gex_zero,7719.43,7710.54->7711.32,7724.71->7764.71,7674.71->7704.63,,
2026-08-27T13:41:23.078697Z,09:41:23,2026-08-27T13:41:22Z,ES_SPX,gex_full,7719.43,7710.54->7711.32,7724.71->7764.71,,,
2026-08-27T13:41:23.342897Z,09:41:23,2026-08-27T13:41:23Z,ES_SPX,gex_one,7720.07,7704.2->7705.91,,,,
2026-08-27T13:41:24.013569Z,09:41:24,2026-08-27T13:41:23Z,NQ_NDX,gex_full,29540.55,29428.3->29540.55,,29368.81->29668.81,,
2026-08-27T13:41:24.272683Z,09:41:24,2026-08-27T13:41:23Z,NQ_NDX,gex_one,29540.55,29078.81->28978.81,,29068.81->28968.81,,
2026-08-27T13:42:24.624025Z,09:42:24,2026-08-27T13:42:24Z,ES_SPX,gex_zero,7714.32,,7764.71->7724.71,7704.63->7679.71,,
2026-08-27T13:42:25.019432Z,09:42:25,2026-08-27T13:42:24Z,ES_SPX,gex_full,7714.32,7711.32->7710.91,7764.71->7724.71,7674.71->7679.71,,
2026-08-27T13:42:25.357430Z,09:42:25,2026-08-27T13:42:24Z,ES_SPX,gex_one,7714.32,7705.91->7707.21,,,,
2026-08-27T13:42:25.635565Z,09:42:25,2026-08-27T13:42:25Z,NQ_NDX,gex_zero,29502.66,29431.22->29358.29,,29368.81->29268.81,,
2026-08-27T13:42:25.968778Z,09:42:25,2026-08-27T13:42:25Z,NQ_NDX,gex_full,29502.66,29540.55->29502.66,,,,29168.81->29668.81
2026-08-27T13:43:26.606508Z,09:43:26,2026-08-27T13:43:25Z,ES_SPX,gex_zero,7717.39,7711.32->7711.76,,,,
2026-08-27T13:43:27.024394Z,09:43:27,2026-08-27T13:43:26Z,ES_SPX,gex_full,7717.76,7710.91->7711.32,,7679.71->7679.63,,
2026-08-27T13:43:27.774860Z,09:43:27,2026-08-27T13:43:26Z,NQ_NDX,gex_zero,29528.53,29358.29->29431.22,,29268.81->29368.81,,29348.71->29348.53
2026-08-27T13:43:28.094933Z,09:43:28,2026-08-27T13:43:26Z,NQ_NDX,gex_full,29528.53,29502.66->29528.53,,,,
2026-08-27T13:44:28.696158Z,09:44:28,2026-08-27T13:44:28Z,ES_SPX,gex_zero,7723.31,7711.76->7710.91,7724.71->7739.71,,,
2026-08-27T13:44:29.147223Z,09:44:29,2026-08-27T13:44:28Z,ES_SPX,gex_full,7723.31,7711.32->7710.91,7724.71->7764.71,,,
2026-08-27T13:44:29.445024Z,09:44:29,2026-08-27T13:44:28Z,ES_SPX,gex_one,7723.31,7707.21->7706.76,,,,
2026-08-27T13:44:29.790855Z,09:44:29,2026-08-27T13:44:29Z,NQ_NDX,gex_zero,29573.0,29431.22->29511.21,,29368.81->29498.81,,29348.53->29348.81
2026-08-27T13:44:30.072308Z,09:44:30,2026-08-27T13:44:29Z,NQ_NDX,gex_full,29573.0,29528.53->29573,,,,29668.81->29168.81
2026-08-27T13:44:30.436393Z,09:44:30,2026-08-27T13:44:30Z,NQ_NDX,gex_one,29569.72,28978.81->29093.81,,28968.81->29068.81,,
2026-08-27T13:45:30.843934Z,09:45:30,2026-08-27T13:45:29Z,ES_SPX,gex_zero,7724.28,7710.91->7710.01,7739.71->7740.01,7679.71->7678.81,7754.71->7753.81,7729.71->7728.81
2026-08-27T13:45:31.220570Z,09:45:31,2026-08-27T13:45:31Z,ES_SPX,gex_full,7724.47,7710.91->7710.01,7764.71->7743.72,7679.63->7678.72,7914.71->7913.81,7514.71->7513.81
2026-08-27T13:45:31.584694Z,09:45:31,2026-08-27T13:45:31Z,ES_SPX,gex_one,7724.47,7706.76->7706.31,7774.71->7773.81,7674.71->7673.81,7744.71->7743.81,7664.71->7663.81
2026-08-27T13:45:31.850273Z,09:45:31,2026-08-27T13:45:30Z,NQ_NDX,gex_zero,29572.84,29511.21->29508.98,29598.81->29594.88,29498.81->29494.88,29578.81->29574.88,29348.81->29344.88
2026-08-27T13:45:32.189451Z,09:45:32,2026-08-27T13:45:30Z,NQ_NDX,gex_full,29572.84,29573->29572.84,29598.81->29594.88,29668.81->29664.88,29343.81->29339.88,29168.81->29164.88
2026-08-27T13:45:32.435662Z,09:45:32,2026-08-27T13:45:32Z,NQ_NDX,gex_one,29573.68,29093.81->29089.88,30068.81->30064.88,29068.81->29064.88,29568.81->29564.88,29243.81->29239.88
2026-08-27T13:46:32.784927Z,09:46:32,2026-08-27T13:46:32Z,ES_SPX,gex_zero,7728.25,7710.01->7710.42,7740.01->7763.81,7678.81->7703.72,,
2026-08-27T13:46:33.196620Z,09:46:33,2026-08-27T13:46:32Z,ES_SPX,gex_full,7728.25,7710.01->7710.42,7743.72->7763.81,7678.72->7703.72,,
2026-08-27T13:46:33.530708Z,09:46:33,2026-08-27T13:46:32Z,ES_SPX,gex_one,7728.25,7706.31->7705.42,,,,
2026-08-27T13:46:34.157010Z,09:46:34,2026-08-27T13:46:33Z,NQ_NDX,gex_full,29596.4,29572.84->29508.98,,29664.88->29494.88,,
2026-08-27T13:47:34.773317Z,09:47:34,2026-08-27T13:47:34Z,ES_SPX,gex_zero,7714.36,7710.42->7711.31,7763.81->7738.81,7703.72->7673.81,,
2026-08-27T13:47:35.072972Z,09:47:35,2026-08-27T13:47:34Z,ES_SPX,gex_full,7714.36,7710.42->7711.31,7763.81->7738.81,7703.72->7673.81,,
2026-08-27T13:47:35.672075Z,09:47:35,2026-08-27T13:47:34Z,NQ_NDX,gex_zero,29503.8,29508.98->29429.01,,29494.88->29364.88,,
2026-08-27T13:47:36.029790Z,09:47:36,2026-08-27T13:47:34Z,NQ_NDX,gex_full,29503.8,29508.98->29428.13,,29494.88->29364.88,,29164.88->29664.88
2026-08-27T13:48:36.631123Z,09:48:36,2026-08-27T13:48:35Z,ES_SPX,gex_zero,7713.94,7711.31->7711.76,,7673.81->7673.89,,
2026-08-27T13:48:36.955462Z,09:48:36,2026-08-27T13:48:35Z,ES_SPX,gex_full,7713.94,7711.31->7711.76,7738.81->7738.89,,,
2026-08-27T13:48:37.253477Z,09:48:37,2026-08-27T13:48:35Z,ES_SPX,gex_one,7713.94,7705.42->7705.85,,,,
2026-08-27T13:48:38.241082Z,09:48:38,2026-08-27T13:48:37Z,NQ_NDX,gex_one,29499.26,29089.88->28974.88,,29064.88->28964.88,,
2026-08-27T13:49:38.546015Z,09:49:38,2026-08-27T13:49:37Z,ES_SPX,gex_zero,7709.57,7711.76->7712.19,,7673.89->7673.81,,
2026-08-27T13:49:39.054014Z,09:49:39,2026-08-27T13:49:37Z,ES_SPX,gex_full,7709.57,7711.76->7712.19,7738.89->7723.81,,,
2026-08-27T13:49:39.616207Z,09:49:39,2026-08-27T13:49:38Z,NQ_NDX,gex_zero,29459.92,29429.01->29429.91,,,,29344.88->29344.79
2026-08-27T13:49:39.868489Z,09:49:39,2026-08-27T13:49:39Z,NQ_NDX,gex_full,29455.71,29428.13->29429.91,,,,
2026-08-27T13:49:40.212416Z,09:49:40,2026-08-27T13:49:39Z,NQ_NDX,gex_one,29455.71,,30064.88->29864.88,,,
2026-08-27T13:50:40.498896Z,09:50:40,2026-08-27T13:50:39Z,ES_SPX,gex_zero,7714.89,7712.19->7712.61,,7673.81->7703.81,,
2026-08-27T13:50:40.934124Z,09:50:40,2026-08-27T13:50:40Z,ES_SPX,gex_full,7714.94,7712.19->7712.61,7723.81->7738.81,7673.81->7703.81,,
2026-08-27T13:50:41.531395Z,09:50:41,2026-08-27T13:50:41Z,NQ_NDX,gex_zero,29513.59,,,,,29344.79->29344.6
2026-08-27T13:50:41.770372Z,09:50:41,2026-08-27T13:50:41Z,NQ_NDX,gex_full,29513.59,29429.91->29461.66,,,,
2026-08-27T13:50:42.061781Z,09:50:42,2026-08-27T13:50:41Z,NQ_NDX,gex_one,29513.59,28974.88->29094.88,29864.88->30064.88,28964.88->29064.88,,
2026-08-27T13:51:42.296808Z,09:51:42,2026-08-27T13:51:41Z,ES_SPX,gex_zero,7719.16,7712.61->7712.19,,,,
2026-08-27T13:51:42.639696Z,09:51:42,2026-08-27T13:51:41Z,ES_SPX,gex_full,7719.16,7712.61->7712.19,7738.81->7739.06,,,
2026-08-27T13:51:42.966780Z,09:51:42,2026-08-27T13:51:43Z,ES_SPX,gex_one,7719.46,7705.85->7706.31,,,,
2026-08-27T13:51:43.282769Z,09:51:43,2026-08-27T13:51:42Z,NQ_NDX,gex_zero,29546.3,29429.91->29524.88,,29364.88->29494.88,,
2026-08-27T13:51:43.548999Z,09:51:43,2026-08-27T13:51:42Z,NQ_NDX,gex_full,29546.3,29461.66->29427.3,,,,29664.88->29164.88
2026-08-27T13:52:44.175357Z,09:52:44,2026-08-27T13:52:42Z,ES_SPX,gex_zero,7721.39,,7738.81->7743.55,,,
2026-08-27T13:52:44.464497Z,09:52:44,2026-08-27T13:52:42Z,ES_SPX,gex_full,7721.39,,7739.06->7743.72,,,
2026-08-27T13:52:45.044931Z,09:52:45,2026-08-27T13:52:44Z,NQ_NDX,gex_zero,29541.78,29524.88->29427.3,,29494.88->29364.88,,
2026-08-27T13:52:45.686362Z,09:52:45,2026-08-27T13:52:44Z,NQ_NDX,gex_full,29541.78,29427.3->29426.55,,,,
2026-08-27T13:53:46.746358Z,09:53:46,2026-08-27T13:53:45Z,ES_SPX,gex_full,7723.59,7712.19->7711.76,,,,
2026-08-27T13:54:48.234704Z,09:54:48,2026-08-27T13:54:47Z,ES_SPX,gex_zero,7724.36,7712.19->7712.61,7743.55->7743.72,,,
2026-08-27T13:54:48.587657Z,09:54:48,2026-08-27T13:54:47Z,ES_SPX,gex_full,7724.36,7711.76->7712.61,,,,
2026-08-27T13:54:48.899725Z,09:54:48,2026-08-27T13:54:47Z,ES_SPX,gex_one,7724.36,7706.31->7705.85,,,,
2026-08-27T13:54:49.146407Z,09:54:49,2026-08-27T13:54:47Z,NQ_NDX,gex_zero,29552.64,29427.3->29524.88,,29364.88->29494.88,,
2026-08-27T13:54:49.477904Z,09:54:49,2026-08-27T13:54:49Z,NQ_NDX,gex_full,29549.16,29426.55->29552.46,,29364.88->29494.88,,
2026-08-27T13:55:50.061108Z,09:55:50,2026-08-27T13:55:49Z,ES_SPX,gex_zero,7719.83,7712.61->7714.06,,,,
2026-08-27T13:55:50.463817Z,09:55:50,2026-08-27T13:55:49Z,ES_SPX,gex_full,7719.83,7712.61->7713.81,,,,
2026-08-27T13:55:51.117878Z,09:55:51,2026-08-27T13:55:49Z,NQ_NDX,gex_zero,29520.38,29524.88->29427.3,,29494.88->29364.88,,
2026-08-27T13:55:51.648902Z,09:55:51,2026-08-27T13:55:51Z,NQ_NDX,gex_full,29521.78,29552.46->29426.55,,29494.88->29364.88,,
2026-08-27T13:56:52.344741Z,09:56:52,2026-08-27T13:56:50Z,ES_SPX,gex_zero,7717.82,7714.06->7713.55,7743.72->7734.06,,,
2026-08-27T13:56:52.698395Z,09:56:52,2026-08-27T13:56:52Z,ES_SPX,gex_full,7717.95,7713.81->7712.19,7743.72->7733.89,,,
2026-08-27T13:56:53.270153Z,09:56:53,2026-08-27T13:56:52Z,NQ_NDX,gex_zero,29499.36,29427.3->29509.88,,29364.88->29494.88,,
2026-08-27T13:56:53.529051Z,09:56:53,2026-08-27T13:56:52Z,NQ_NDX,gex_full,29499.36,29426.55->29509.88,,29364.88->29494.88,,29164.88->29664.88
2026-08-27T13:57:54.198669Z,09:57:54,2026-08-27T13:57:53Z,ES_SPX,gex_zero,7709.77,7713.55->7713.3,7734.06->7733.89,7703.81->7673.81,,7728.81->7648.72
2026-08-27T13:57:54.571980Z,09:57:54,2026-08-27T13:57:53Z,ES_SPX,gex_full,7709.77,7712.19->7712.98,7733.89->7723.81,7703.81->7673.81,,
2026-08-27T13:57:54.828362Z,09:57:54,2026-08-27T13:57:53Z,ES_SPX,gex_one,7709.77,7705.85->7848.55,7773.81->7853.81,,,
2026-08-27T13:57:55.176799Z,09:57:55,2026-08-27T13:57:54Z,NQ_NDX,gex_zero,29436.92,29509.88->29425.05,,29494.88->29364.88,,29344.6->29340.13
2026-08-27T13:57:55.437503Z,09:57:55,2026-08-27T13:57:54Z,NQ_NDX,gex_full,29436.92,29509.88->29548.94,,29494.88->29364.88,,
2026-08-27T13:57:55.775600Z,09:57:55,2026-08-27T13:57:55Z,NQ_NDX,gex_one,29433.53,,30064.88->29864.88,,,
2026-08-27T13:58:56.068696Z,09:58:56,2026-08-27T13:58:54Z,ES_SPX,gex_zero,7712.5,,,,,7648.72->7728.81
2026-08-27T13:58:56.442213Z,09:58:56,2026-08-27T13:58:56Z,ES_SPX,gex_full,7712.53,7712.98->7713.3,7723.81->7733.81,,,
2026-08-27T13:58:57.246067Z,09:58:57,2026-08-27T13:58:57Z,NQ_NDX,gex_full,29455.01,29548.94->29425.05,,,,
2026-08-27T13:59:57.816502Z,09:59:57,2026-08-27T13:59:56Z,ES_SPX,gex_zero,7716.86,7713.3->7712.98,,7673.81->7703.81,,
2026-08-27T13:59:58.103727Z,09:59:58,2026-08-27T13:59:57Z,ES_SPX,gex_full,7716.85,7713.3->7712.61,7733.81->7733.89,7673.81->7703.81,,
2026-08-27T13:59:58.466435Z,09:59:58,2026-08-27T13:59:57Z,ES_SPX,gex_one,7716.85,7848.55->7706.31,7853.81->7773.81,,,
2026-08-27T13:59:58.752497Z,09:59:58,2026-08-27T13:59:58Z,NQ_NDX,gex_zero,29487.31,29425.05->29460.78,,,,29340.13->29342.8
2026-08-27T13:59:59.076902Z,09:59:59,2026-08-27T13:59:58Z,NQ_NDX,gex_full,29487.31,29425.05->29549.85,,,,
2026-08-27T13:59:59.397447Z,09:59:59,2026-08-27T13:59:58Z,NQ_NDX,gex_one,29487.31,,29864.88->30064.88,,,
2026-08-27T14:00:59.707829Z,10:00:59,2026-08-27T14:00:59Z,ES_SPX,gex_zero,7717.33,7712.98->7712.3,7733.89->7733.58,7703.81->7703.5,7753.81->7753.5,7728.81->7728.5
2026-08-27T14:00:59.997102Z,10:00:59,2026-08-27T14:00:59Z,ES_SPX,gex_full,7717.33,7712.61->7711.89,7733.89->7733.5,7703.81->7703.5,7913.81->7913.5,7513.81->7513.5
2026-08-27T14:01:00.374153Z,10:01:00,2026-08-27T14:01:00Z,ES_SPX,gex_one,7717.18,7706.31->7706,7773.81->7773.5,7673.81->7673.5,7743.81->7743.5,7663.81->7663.5
2026-08-27T14:01:00.859509Z,10:01:00,2026-08-27T14:01:00Z,NQ_NDX,gex_zero,29502.21,29460.78->29461.22,29594.88->29593.62,29364.88->29363.62,29574.88->29573.62,29342.8->29339.12
2026-08-27T14:01:01.227380Z,10:01:01,2026-08-27T14:01:00Z,NQ_NDX,gex_full,29502.21,29549.85->29461.96,29594.88->29593.62,29364.88->29363.62,29339.88->29338.62,29664.88->29663.62
2026-08-27T14:01:01.488731Z,10:01:01,2026-08-27T14:01:00Z,NQ_NDX,gex_one,29502.21,29094.88->29093.62,30064.88->30063.62,29064.88->29063.62,29564.88->29563.62,29239.88->29238.62
2026-08-27T14:02:02.190449Z,10:02:02,2026-08-27T14:02:01Z,ES_SPX,gex_full,7717.99,,7733.5->7733.58,,,
2026-08-27T14:02:02.836904Z,10:02:02,2026-08-27T14:02:01Z,NQ_NDX,gex_zero,29513.82,,,,,29339.12->29338.87
2026-08-27T14:02:03.153912Z,10:02:03,2026-08-27T14:02:01Z,NQ_NDX,gex_full,29513.82,29461.96->29549.49,,,29338.62->29563.62,
2026-08-27T14:03:03.773274Z,10:03:03,2026-08-27T14:03:02Z,ES_SPX,gex_zero,7717.62,7712.3->7712.67,7733.58->7733.75,,,
2026-08-27T14:03:04.138250Z,10:03:04,2026-08-27T14:03:04Z,ES_SPX,gex_full,7718.0,7711.89->7712.3,,,7913.5->7813.5,
2026-08-27T14:03:04.741116Z,10:03:04,2026-08-27T14:03:03Z,NQ_NDX,gex_zero,29514.88,29461.22->29464.13,,,,
2026-08-27T14:03:05.087974Z,10:03:05,2026-08-27T14:03:05Z,NQ_NDX,gex_full,29514.75,29549.49->29463.62,,,,29663.62->29163.62
2026-08-27T14:04:05.654395Z,10:04:05,2026-08-27T14:04:04Z,ES_SPX,gex_zero,7721.21,,7733.75->7734.7,,,
2026-08-27T14:04:06.023159Z,10:04:06,2026-08-27T14:04:06Z,ES_SPX,gex_full,7721.69,,7733.58->7743.42,,,
2026-08-27T14:04:06.606436Z,10:04:06,2026-08-27T14:04:06Z,NQ_NDX,gex_zero,29543.32,29464.13->29423.78,,,,
2026-08-27T14:04:06.974711Z,10:04:06,2026-08-27T14:04:06Z,NQ_NDX,gex_full,29543.32,29463.62->29551.95,,,,
2026-08-27T14:05:07.655197Z,10:05:07,2026-08-27T14:05:06Z,ES_SPX,gex_zero,7720.6,7712.67->7711.89,7734.7->7743.5,,,
2026-08-27T14:05:07.931359Z,10:05:07,2026-08-27T14:05:07Z,ES_SPX,gex_full,7720.61,7712.3->7711.89,7743.42->7743.5,,,
2026-08-27T14:05:08.624518Z,10:05:08,2026-08-27T14:05:08Z,NQ_NDX,gex_zero,29537.52,,,,,29338.87->29338.7
2026-08-27T14:06:10.369651Z,10:06:10,2026-08-27T14:06:09Z,NQ_NDX,gex_zero,29554.54,29423.78->29423.62,,,,
2026-08-27T14:07:11.368895Z,10:07:11,2026-08-27T14:07:11Z,ES_SPX,gex_zero,7713.72,7711.89->7712.99,,,,
2026-08-27T14:07:11.700669Z,10:07:11,2026-08-27T14:07:11Z,ES_SPX,gex_full,7713.72,7711.89->7712.67,,,,
2026-08-27T14:07:12.017952Z,10:07:12,2026-08-27T14:07:11Z,ES_SPX,gex_one,7713.72,7706->7637.3,,7673.5->7538.5,,
2026-08-27T14:07:12.404250Z,10:07:12,2026-08-27T14:07:12Z,NQ_NDX,gex_zero,29515.99,,,,,29338.7->29343.34
2026-08-27T14:07:12.668144Z,10:07:12,2026-08-27T14:07:12Z,NQ_NDX,gex_full,29515.99,29551.95->29553.1,,,,29163.62->29663.62
2026-08-27T14:08:13.320775Z,10:08:13,2026-08-27T14:08:11Z,ES_SPX,gex_zero,7716.64,7712.99->7712.67,,,,
2026-08-27T14:08:14.562429Z,10:08:14,2026-08-27T14:08:13Z,NQ_NDX,gex_full,29529.22,29553.1->29552.59,,,,29663.62->29163.62
2026-08-27T14:08:14.901620Z,10:08:14,2026-08-27T14:08:13Z,NQ_NDX,gex_one,29529.22,29093.62->29613.62,,29063.62->29553.62,,
2026-08-27T14:09:15.157454Z,10:09:15,2026-08-27T14:09:14Z,ES_SPX,gex_zero,7716.0,7712.67->7712.99,,,,
2026-08-27T14:09:15.430100Z,10:09:15,2026-08-27T14:09:14Z,ES_SPX,gex_full,7716.0,,,,7813.5->7913.5,
2026-08-27T14:09:16.164174Z,10:09:16,2026-08-27T14:09:15Z,NQ_NDX,gex_zero,29528.24,29423.62->29508.62,,,,
2026-08-27T14:10:17.096667Z,10:10:17,2026-08-27T14:10:16Z,ES_SPX,gex_zero,7719.12,7712.99->7713.24,,,,
2026-08-27T14:10:17.444003Z,10:10:17,2026-08-27T14:10:16Z,ES_SPX,gex_full,7719.12,7712.67->7712.99,,,,
2026-08-27T14:10:18.095886Z,10:10:18,2026-08-27T14:10:17Z,NQ_NDX,gex_zero,29548.29,29508.62->29423.62,,,,29343.34->29343.52
2026-08-27T14:10:18.651613Z,10:10:18,2026-08-27T14:10:17Z,NQ_NDX,gex_one,29548.29,29613.62->29093.62,,29553.62->29063.62,,
2026-08-27T14:11:19.436034Z,10:11:19,2026-08-27T14:11:18Z,ES_SPX,gex_full,7720.51,,,,7913.5->7813.5,
2026-08-27T14:11:20.026992Z,10:11:20,2026-08-27T14:11:18Z,NQ_NDX,gex_zero,29565.1,29423.62->29423.78,,,,
2026-08-27T14:11:20.366411Z,10:11:20,2026-08-27T14:11:20Z,NQ_NDX,gex_full,29563.06,29552.59->29423.78,,,,
2026-08-27T14:12:20.961511Z,10:12:20,2026-08-27T14:12:20Z,ES_SPX,gex_zero,7719.26,7713.24->7712.99,,,,
2026-08-27T14:12:21.452608Z,10:12:21,2026-08-27T14:12:20Z,ES_SPX,gex_full,7719.26,7712.99->7712.67,,,,
2026-08-27T14:12:21.787867Z,10:12:21,2026-08-27T14:12:20Z,ES_SPX,gex_one,7719.26,7637.3->7645.11,,,,
2026-08-27T14:12:22.059836Z,10:12:22,2026-08-27T14:12:21Z,NQ_NDX,gex_zero,29564.99,,,,,29343.52->29343.62
2026-08-27T14:12:22.356292Z,10:12:22,2026-08-27T14:12:21Z,NQ_NDX,gex_full,29564.99,29423.78->29553.1,,,,
2026-08-27T14:13:22.978474Z,10:13:22,2026-08-27T14:13:22Z,ES_SPX,gex_zero,7718.78,7712.99->7713.75,,,,
2026-08-27T14:13:23.416457Z,10:13:23,2026-08-27T14:13:22Z,ES_SPX,gex_full,7718.78,7712.67->7713.5,,,,
2026-08-27T14:13:23.769357Z,10:13:23,2026-08-27T14:13:22Z,ES_SPX,gex_one,7718.78,7645.11->7637.3,,,,
2026-08-27T14:13:24.115493Z,10:13:24,2026-08-27T14:13:23Z,NQ_NDX,gex_zero,29570.61,29423.78->29509.52,,,,
2026-08-27T14:14:25.159676Z,10:14:25,2026-08-27T14:14:24Z,ES_SPX,gex_zero,7721.14,7713.75->7713.42,,,,
2026-08-27T14:14:25.530319Z,10:14:25,2026-08-27T14:14:24Z,ES_SPX,gex_full,7721.14,7713.5->7713.24,,,,
2026-08-27T14:14:25.822037Z,10:14:25,2026-08-27T14:14:25Z,ES_SPX,gex_one,7720.6,7637.3->7645.55,,,,
2026-08-27T14:14:26.157603Z,10:14:26,2026-08-27T14:14:25Z,NQ_NDX,gex_zero,29586.0,29509.52->29423.62,,,,
2026-08-27T14:15:27.112698Z,10:15:27,2026-08-27T14:15:26Z,ES_SPX,gex_zero,7719.82,7713.42->7713.12,7743.5->7743.12,7703.5->7703.12,7753.5->7753.12,7728.5->7728.12
2026-08-27T14:15:27.549592Z,10:15:27,2026-08-27T14:15:27Z,ES_SPX,gex_full,7720.06,7713.24->7713.21,7743.5->7743.12,7703.5->7703.12,7813.5->7813.12,7513.5->7513.12
2026-08-27T14:15:28.014445Z,10:15:28,2026-08-27T14:15:27Z,ES_SPX,gex_one,7720.06,7645.55->7636.92,7773.5->7773.12,7538.5->7538.12,7743.5->7743.12,7663.5->7663.12
2026-08-27T14:15:28.359516Z,10:15:28,2026-08-27T14:15:27Z,NQ_NDX,gex_zero,29577.58,29423.62->29425.47,29593.62->29595.31,29363.62->29365.31,29573.62->29575.31,29343.62->29345.31
2026-08-27T14:15:28.714971Z,10:15:28,2026-08-27T14:15:27Z,NQ_NDX,gex_full,29577.58,29553.1->29554.79,29593.62->29595.31,29363.62->29365.31,29563.62->29565.31,29163.62->29165.31
2026-08-27T14:15:29.017948Z,10:15:29,2026-08-27T14:15:29Z,NQ_NDX,gex_one,29578.65,29093.62->29095.31,30063.62->30065.31,29063.62->29065.31,29563.62->29565.31,29238.62->29240.31
2026-08-27T14:16:29.311748Z,10:16:29,2026-08-27T14:16:28Z,ES_SPX,gex_zero,7720.11,7713.12->7713.38,,,,
2026-08-27T14:16:29.617755Z,10:16:29,2026-08-27T14:16:28Z,ES_SPX,gex_full,7720.11,7713.21->7713.04,,,,
2026-08-27T14:16:29.929808Z,10:16:29,2026-08-27T14:16:29Z,ES_SPX,gex_one,7720.25,,7773.12->7713.12,,,
2026-08-27T14:16:30.302288Z,10:16:30,2026-08-27T14:16:28Z,NQ_NDX,gex_zero,29576.54,,,,,29345.31->29345.21
2026-08-27T14:17:31.313099Z,10:17:31,2026-08-27T14:17:30Z,ES_SPX,gex_zero,7720.08,7713.38->7713.63,,,,
2026-08-27T14:17:31.701521Z,10:17:31,2026-08-27T14:17:30Z,ES_SPX,gex_full,7720.08,7713.04->7713.38,,,,
2026-08-27T14:17:31.963366Z,10:17:31,2026-08-27T14:17:31Z,ES_SPX,gex_one,7720.14,7636.92->7644.74,7713.12->7773.12,,,
2026-08-27T14:17:32.288075Z,10:17:32,2026-08-27T14:17:30Z,NQ_NDX,gex_zero,29574.3,,,,,29345.21->29345.31
2026-08-27T14:17:32.624272Z,10:17:32,2026-08-27T14:17:32Z,NQ_NDX,gex_full,29575.48,29554.79->29510.31,,,,
2026-08-27T14:18:33.270404Z,10:18:33,2026-08-27T14:18:32Z,ES_SPX,gex_zero,7723.43,7713.63->7713.38,,,,
2026-08-27T14:18:33.654575Z,10:18:33,2026-08-27T14:18:32Z,ES_SPX,gex_full,7723.43,7713.38->7713.12,,,,
2026-08-27T14:18:34.238087Z,10:18:34,2026-08-27T14:18:32Z,NQ_NDX,gex_zero,29586.29,29425.47->29510.31,,,,
2026-08-27T14:18:34.555171Z,10:18:34,2026-08-27T14:18:34Z,NQ_NDX,gex_full,29586.38,29510.31->29425.47,,,,
2026-08-27T14:19:35.569055Z,10:19:35,2026-08-27T14:19:35Z,ES_SPX,gex_full,7724.34,7713.12->7713.04,,,,
2026-08-27T14:19:35.903012Z,10:19:35,2026-08-27T14:19:35Z,ES_SPX,gex_one,7724.34,7644.74->7706.08,,7538.12->7663.12,,
2026-08-27T14:19:36.512512Z,10:19:36,2026-08-27T14:19:36Z,NQ_NDX,gex_full,29583.69,29425.47->29509.41,,,,
2026-08-27T14:20:37.096236Z,10:20:37,2026-08-27T14:20:36Z,ES_SPX,gex_zero,7723.84,7713.38->7713.21,,,,
2026-08-27T14:20:37.456654Z,10:20:37,2026-08-27T14:20:36Z,ES_SPX,gex_full,7723.84,7713.04->7712.87,,,,
2026-08-27T14:20:37.757911Z,10:20:37,2026-08-27T14:20:36Z,ES_SPX,gex_one,7723.84,,,7663.12->7673.12,,
2026-08-27T14:20:38.009181Z,10:20:38,2026-08-27T14:20:36Z,NQ_NDX,gex_zero,29580.82,29510.31->29425.47,,,,29345.31->29345.21
2026-08-27T14:21:38.966160Z,10:21:38,2026-08-27T14:21:38Z,ES_SPX,gex_zero,7724.07,7713.21->7713.38,,,,
2026-08-27T14:21:39.357895Z,10:21:39,2026-08-27T14:21:38Z,ES_SPX,gex_full,7724.07,7712.87->7713.12,,,,
2026-08-27T14:21:39.772685Z,10:21:39,2026-08-27T14:21:38Z,ES_SPX,gex_one,7724.07,,,7673.12->7663.12,,
2026-08-27T14:21:40.092420Z,10:21:40,2026-08-27T14:21:39Z,NQ_NDX,gex_zero,29584.45,29425.47->29525.31,,,,
2026-08-27T14:22:41.588524Z,10:22:41,2026-08-27T14:22:41Z,ES_SPX,gex_one,7722.56,7706.08->7706.51,,,,
2026-08-27T14:22:42.223231Z,10:22:42,2026-08-27T14:22:42Z,NQ_NDX,gex_full,29576.04,29509.41->29555.15,,,,
2026-08-27T14:23:42.888624Z,10:23:42,2026-08-27T14:23:41Z,ES_SPX,gex_zero,7725.54,7713.38->7713.63,,,,
2026-08-27T14:23:43.181761Z,10:23:43,2026-08-27T14:23:41Z,ES_SPX,gex_full,7725.54,7713.12->7713.38,,,,
2026-08-27T14:23:43.497110Z,10:23:43,2026-08-27T14:23:43Z,ES_SPX,gex_one,7725.51,7706.51->7692.62,,,,
2026-08-27T14:23:43.848389Z,10:23:43,2026-08-27T14:23:42Z,NQ_NDX,gex_zero,29596.93,29525.31->29510.31,,29365.31->29495.31,,29345.21->29345.31
2026-08-27T14:23:44.139592Z,10:23:44,2026-08-27T14:23:44Z,NQ_NDX,gex_full,29597.48,29555.15->29554.79,,,,
2026-08-27T14:24:44.785642Z,10:24:44,2026-08-27T14:24:43Z,ES_SPX,gex_zero,7722.96,7713.63->7714.32,,,,
2026-08-27T14:24:45.218816Z,10:24:45,2026-08-27T14:24:43Z,ES_SPX,gex_full,7722.96,7713.38->7713.95,,,,
2026-08-27T14:24:45.541535Z,10:24:45,2026-08-27T14:24:45Z,ES_SPX,gex_one,7723.28,7692.62->7693.95,,,,
2026-08-27T14:24:45.886457Z,10:24:45,2026-08-27T14:24:45Z,NQ_NDX,gex_zero,29577.99,,,29495.31->29265.31,,
2026-08-27T14:24:46.225631Z,10:24:46,2026-08-27T14:24:45Z,NQ_NDX,gex_full,29577.99,29554.79->29555.15,,29365.31->29265.31,,
2026-08-27T14:25:47.223029Z,10:25:47,2026-08-27T14:25:47Z,ES_SPX,gex_full,7724.59,7713.95->7714.32,,,,
2026-08-27T14:25:47.574523Z,10:25:47,2026-08-27T14:25:47Z,ES_SPX,gex_one,7724.59,7693.95->7692.62,,,,
2026-08-27T14:26:48.988096Z,10:26:48,2026-08-27T14:26:48Z,ES_SPX,gex_full,7726.28,7714.32->7713.95,,,,
2026-08-27T14:27:50.707439Z,10:27:50,2026-08-27T14:27:50Z,ES_SPX,gex_zero,7729.14,7714.32->7713.95,,,,
2026-08-27T14:27:51.093903Z,10:27:51,2026-08-27T14:27:50Z,ES_SPX,gex_full,7729.14,7713.95->7713.63,,,,
2026-08-27T14:27:51.438510Z,10:27:51,2026-08-27T14:27:50Z,ES_SPX,gex_one,7729.14,7692.62->7693.63,,,,
2026-08-27T14:27:51.960361Z,10:27:51,2026-08-27T14:27:51Z,NQ_NDX,gex_full,29618.5,29555.15->29554.79,,,,
2026-08-27T14:27:52.223548Z,10:27:52,2026-08-27T14:27:51Z,NQ_NDX,gex_one,29618.5,29095.31->29625.31,,29065.31->29555.31,,
2026-08-27T14:28:52.545903Z,10:28:52,2026-08-27T14:28:51Z,ES_SPX,gex_zero,7726.4,7713.95->7714.74,,,,
2026-08-27T14:28:52.924373Z,10:28:52,2026-08-27T14:28:51Z,ES_SPX,gex_full,7726.4,7713.63->7714.32,,,,
2026-08-27T14:28:53.235824Z,10:28:53,2026-08-27T14:28:52Z,ES_SPX,gex_one,7726.11,7693.63->7692.87,,,,
2026-08-27T14:29:54.497317Z,10:29:54,2026-08-27T14:29:54Z,ES_SPX,gex_zero,7727.76,7714.74->7714.32,,,,
2026-08-27T14:30:56.404873Z,10:30:56,2026-08-27T14:30:56Z,ES_SPX,gex_zero,7722.96,7714.32->7715.09,7743.12->7743.04,7703.12->7703.04,7753.12->7753.04,7728.12->7728.04
2026-08-27T14:30:56.709839Z,10:30:56,2026-08-27T14:30:56Z,ES_SPX,gex_full,7722.96,7714.32->7714.65,7743.12->7743.04,7703.12->7703.04,7813.12->7913.04,7513.12->7513.04
2026-08-27T14:30:57.054067Z,10:30:57,2026-08-27T14:30:56Z,ES_SPX,gex_one,7722.96,7692.87->7693.3,7773.12->7773.04,7663.12->7663.04,7743.12->7743.04,7663.12->7663.04
2026-08-27T14:30:57.287711Z,10:30:57,2026-08-27T14:30:56Z,NQ_NDX,gex_zero,29577.25,29510.31->29510.27,29595.31->29594.37,29265.31->29264.37,29575.31->29574.37,29345.31->29344.37
2026-08-27T14:30:57.632211Z,10:30:57,2026-08-27T14:30:56Z,NQ_NDX,gex_full,29577.25,29554.79->29553.85,29595.31->29594.37,29265.31->29264.37,29565.31->29564.37,29165.31->29164.37
2026-08-27T14:30:57.857314Z,10:30:57,2026-08-27T14:30:57Z,NQ_NDX,gex_one,29575.95,29625.31->29624.37,30065.31->30064.37,29555.31->29554.37,29565.31->29564.37,29240.31->29239.37
2026-08-27T14:31:58.218459Z,10:31:58,2026-08-27T14:31:56Z,ES_SPX,gex_zero,7723.97,7715.09->7714.65,,,,
2026-08-27T14:31:59.159802Z,10:31:59,2026-08-27T14:31:57Z,NQ_NDX,gex_zero,29579.26,29510.27->29525.39,,,,
2026-08-27T14:33:00.096999Z,10:33:00,2026-08-27T14:33:00Z,ES_SPX,gex_zero,7723.1,7714.65->7715.09,,,,
2026-08-27T14:33:00.494653Z,10:33:00,2026-08-27T14:33:00Z,ES_SPX,gex_full,7723.1,,,,7913.04->7813.04,
2026-08-27T14:33:00.826680Z,10:33:00,2026-08-27T14:33:00Z,ES_SPX,gex_one,7723.1,7693.3->7706.43,,,,
2026-08-27T14:33:01.179781Z,10:33:01,2026-08-27T14:33:00Z,NQ_NDX,gex_zero,29577.42,29525.39->29522.71,,,,
2026-08-27T14:33:01.477608Z,10:33:01,2026-08-27T14:33:00Z,NQ_NDX,gex_full,29577.42,29553.85->29523.35,,,,
2026-08-27T14:34:02.773929Z,10:34:02,2026-08-27T14:34:02Z,ES_SPX,gex_one,7726.12,7706.43->7693.3,,,,
2026-08-27T14:35:04.271055Z,10:35:04,2026-08-27T14:35:04Z,ES_SPX,gex_full,7724.76,7714.65->7715.09,,,,
2026-08-27T14:35:04.626403Z,10:35:04,2026-08-27T14:35:04Z,ES_SPX,gex_one,7724.76,7693.3->7693.12,,,,
2026-08-27T14:36:06.507291Z,10:36:06,2026-08-27T14:36:06Z,ES_SPX,gex_one,7728.4,7693.12->7706.84,,,,
2026-08-27T14:37:07.988898Z,10:37:07,2026-08-27T14:37:06Z,ES_SPX,gex_full,7729.02,7715.09->7714.65,,,,
2026-08-27T14:37:08.324058Z,10:37:08,2026-08-27T14:37:08Z,ES_SPX,gex_one,7729.37,7706.84->7693.04,,,,
2026-08-27T14:38:09.524562Z,10:38:09,2026-08-27T14:38:09Z,ES_SPX,gex_zero,7728.72,7715.09->7715.54,,,,
2026-08-27T14:38:09.838893Z,10:38:09,2026-08-27T14:38:09Z,ES_SPX,gex_full,7728.72,7714.65->7715.09,,,,
2026-08-27T14:38:10.180423Z,10:38:10,2026-08-27T14:38:09Z,ES_SPX,gex_one,7728.72,7693.04->7706.84,,,,
2026-08-27T14:38:10.519494Z,10:38:10,2026-08-27T14:38:10Z,NQ_NDX,gex_zero,29586.86,,29594.37->29664.37,,,
2026-08-27T14:38:10.756827Z,10:38:10,2026-08-27T14:38:10Z,NQ_NDX,gex_full,29586.86,29523.35->29525.39,,,,
2026-08-27T14:39:11.411068Z,10:39:11,2026-08-27T14:39:10Z,ES_SPX,gex_zero,7727.51,7715.54->7715.09,,,,
2026-08-27T14:39:12.052216Z,10:39:12,2026-08-27T14:39:11Z,ES_SPX,gex_one,7726.76,7706.84->7706.43,,,,
2026-08-27T14:39:12.392878Z,10:39:12,2026-08-27T14:39:11Z,NQ_NDX,gex_zero,29570.3,29522.71->29510.27,29664.37->29594.37,,,29344.37->29344.27
2026-08-27T14:39:12.658580Z,10:39:12,2026-08-27T14:39:11Z,NQ_NDX,gex_full,29570.3,29525.39->29553.34,,,,
2026-08-27T14:40:13.272663Z,10:40:13,2026-08-27T14:40:12Z,ES_SPX,gex_zero,7724.35,7715.09->7715.54,,,,
2026-08-27T14:40:13.554188Z,10:40:13,2026-08-27T14:40:12Z,ES_SPX,gex_full,7724.35,7715.09->7715.54,,,,
2026-08-27T14:40:13.863453Z,10:40:13,2026-08-27T14:40:12Z,ES_SPX,gex_one,7724.35,7706.43->7706.84,,,,
2026-08-27T14:40:14.083532Z,10:40:14,2026-08-27T14:40:13Z,NQ_NDX,gex_zero,29549.92,29510.27->29526.03,,,,29344.27->29342.28
2026-08-27T14:40:14.475665Z,10:40:14,2026-08-27T14:40:13Z,NQ_NDX,gex_full,29549.92,29553.34->29551.95,,,,
2026-08-27T14:41:15.458116Z,10:41:15,2026-08-27T14:41:14Z,ES_SPX,gex_full,7726.35,7715.54->7715.09,,,,
2026-08-27T14:41:16.471063Z,10:41:16,2026-08-27T14:41:15Z,NQ_NDX,gex_full,29556.69,29551.95->29553.34,,,,
2026-08-27T14:42:18.722428Z,10:42:18,2026-08-27T14:42:18Z,NQ_NDX,gex_one,29563.49,29624.37->29094.37,,29554.37->29064.37,,
2026-08-27T14:43:19.503975Z,10:43:19,2026-08-27T14:43:18Z,ES_SPX,gex_full,7727.6,7715.09->7715.54,,,,
2026-08-27T14:43:19.757948Z,10:43:19,2026-08-27T14:43:18Z,ES_SPX,gex_one,7727.6,7706.84->7706.43,,,,
2026-08-27T14:43:20.119824Z,10:43:20,2026-08-27T14:43:18Z,NQ_NDX,gex_zero,29560.6,29526.03->29521.97,,,,29342.28->29339.45
2026-08-27T14:43:20.529262Z,10:43:20,2026-08-27T14:43:18Z,NQ_NDX,gex_full,29560.6,29553.34->29552.7,,,,
2026-08-27T14:44:21.796383Z,10:44:21,2026-08-27T14:44:21Z,ES_SPX,gex_one,7726.01,7706.43->7706.84,,,,
2026-08-27T14:44:22.065283Z,10:44:22,2026-08-27T14:44:21Z,NQ_NDX,gex_zero,29546.14,29521.97->29510.27,,,,
2026-08-27T14:44:22.371290Z,10:44:22,2026-08-27T14:44:21Z,NQ_NDX,gex_full,29546.14,29552.7->29526.03,,,,
2026-08-27T14:45:22.927900Z,10:45:22,2026-08-27T14:45:21Z,ES_SPX,gex_zero,7726.71,7715.54->7716.5,7743.04->7743.55,7703.04->7703.55,7753.04->7753.55,7728.04->7728.55
2026-08-27T14:45:23.350336Z,10:45:23,2026-08-27T14:45:23Z,ES_SPX,gex_full,7727.69,7715.54->7716.05,7743.04->7743.55,7703.04->7703.55,7813.04->7813.55,7513.04->7513.55
2026-08-27T14:45:23.695387Z,10:45:23,2026-08-27T14:45:23Z,ES_SPX,gex_one,7727.69,7706.84->7707.35,7773.04->7773.55,7663.04->7663.55,7743.04->7743.55,7663.04->7663.55
2026-08-27T14:45:23.993276Z,10:45:23,2026-08-27T14:45:23Z,NQ_NDX,gex_zero,29555.56,29510.27->29519.72,29594.37->29592.12,29264.37->29262.12,29574.37->29572.12,29339.45->29337.21
2026-08-27T14:45:24.370009Z,10:45:24,2026-08-27T14:45:23Z,NQ_NDX,gex_full,29555.56,29526.03->29523.79,29594.37->29592.12,29264.37->29262.12,29564.37->29562.12,29164.37->29162.12
2026-08-27T14:45:24.736829Z,10:45:24,2026-08-27T14:45:23Z,NQ_NDX,gex_one,29555.56,29094.37->29092.12,30064.37->30062.12,29064.37->29062.12,29564.37->29562.12,29239.37->29237.12
2026-08-27T14:46:26.246721Z,10:46:26,2026-08-27T14:46:25Z,NQ_NDX,gex_full,29559.0,29523.79->29508.03,,,,
2026-08-27T14:47:26.878362Z,10:47:26,2026-08-27T14:47:26Z,ES_SPX,gex_zero,7726.06,7716.5->7716.05,,,,
2026-08-27T14:47:27.186312Z,10:47:27,2026-08-27T14:47:26Z,ES_SPX,gex_full,7726.06,7716.05->7715.6,,,,
2026-08-27T14:47:27.863440Z,10:47:27,2026-08-27T14:47:27Z,NQ_NDX,gex_zero,29537.93,29519.72->29508.03,,,,29337.21->29340.89
2026-08-27T14:47:28.130975Z,10:47:28,2026-08-27T14:47:27Z,NQ_NDX,gex_full,29537.93,29508.03->29520.47,,,,
2026-08-27T14:47:28.468061Z,10:47:28,2026-08-27T14:47:27Z,NQ_NDX,gex_one,29537.93,29092.12->29122.12,,,,
2026-08-27T14:48:29.039702Z,10:48:29,2026-08-27T14:48:27Z,ES_SPX,gex_full,7728.02,7715.6->7716.05,,,,
2026-08-27T14:48:29.328406Z,10:48:29,2026-08-27T14:48:29Z,ES_SPX,gex_one,7728.23,7707.35->7707.72,,,,
2026-08-27T14:48:29.560580Z,10:48:29,2026-08-27T14:48:28Z,NQ_NDX,gex_zero,29558.35,29508.03->29524.54,,,,
2026-08-27T14:48:29.861439Z,10:48:29,2026-08-27T14:48:28Z,NQ_NDX,gex_full,29558.35,29520.47->29508.03,,,,
2026-08-27T14:49:30.466839Z,10:49:30,2026-08-27T14:49:30Z,ES_SPX,gex_zero,7732.78,7716.05->7716.93,,,,
2026-08-27T14:49:30.888137Z,10:49:30,2026-08-27T14:49:30Z,ES_SPX,gex_full,7732.78,7716.05->7716.5,,,,
2026-08-27T14:49:31.767885Z,10:49:31,2026-08-27T14:49:31Z,NQ_NDX,gex_zero,29586.48,29524.54->29519.72,29592.12->29612.12,,,
2026-08-27T14:49:32.128821Z,10:49:32,2026-08-27T14:49:31Z,NQ_NDX,gex_full,29586.48,29508.03->29552.29,29592.12->29612.12,,,
2026-08-27T14:50:32.725381Z,10:50:32,2026-08-27T14:50:32Z,ES_SPX,gex_zero,7733.68,7716.93->7716.5,,,,
2026-08-27T14:50:34.092427Z,10:50:34,2026-08-27T14:50:33Z,NQ_NDX,gex_full,29590.02,29552.29->29586.87,,,,
2026-08-27T14:51:35.340289Z,10:51:35,2026-08-27T14:51:34Z,ES_SPX,gex_one,7732.58,7707.72->7708.04,,,,
2026-08-27T14:51:35.861872Z,10:51:35,2026-08-27T14:51:35Z,NQ_NDX,gex_full,29587.8,29586.87->29551.61,,,,
2026-08-27T14:52:32.369106Z,10:52:32,2026-08-27T14:52:31Z,NQ_NDX,gex_zero,29589.85,,,29262.12->29462.12,,
2026-08-27T14:52:35.407723Z,10:52:35,2026-08-27T14:52:34Z,NQ_NDX,gex_full,29590.85,,,29262.12->29462.12,,
2026-08-27T14:53:39.311786Z,10:53:39,2026-08-27T14:53:37Z,NQ_NDX,gex_zero,29577.52,29519.72->29508.03,,29462.12->29262.12,,29340.89->29340.48
2026-08-27T14:53:39.671187Z,10:53:39,2026-08-27T14:53:39Z,NQ_NDX,gex_full,29574.8,29551.61->29523.79,,29462.12->29262.12,,
2026-08-27T14:54:40.263725Z,10:54:40,2026-08-27T14:54:40Z,ES_SPX,gex_zero,7731.83,7716.5->7717.35,,,,
2026-08-27T14:54:40.686770Z,10:54:40,2026-08-27T14:54:40Z,ES_SPX,gex_full,7731.83,7716.5->7717.35,,,,
2026-08-27T14:54:41.252953Z,10:54:41,2026-08-27T14:54:41Z,NQ_NDX,gex_zero,29573.0,29508.03->29518.9,,,,29340.48->29337.21
2026-08-27T14:54:41.586079Z,10:54:41,2026-08-27T14:54:41Z,NQ_NDX,gex_full,29573.0,29523.79->29551.61,,,,
2026-08-27T14:55:42.129694Z,10:55:42,2026-08-27T14:55:42Z,ES_SPX,gex_zero,7730.51,7717.35->7716.93,,,,
2026-08-27T14:55:42.474980Z,10:55:42,2026-08-27T14:55:42Z,ES_SPX,gex_full,7730.51,7717.35->7716.93,,,,
2026-08-27T14:55:42.818218Z,10:55:42,2026-08-27T14:55:42Z,ES_SPX,gex_one,7730.51,7708.04->7708.46,,,,
2026-08-27T14:55:43.417129Z,10:55:43,2026-08-27T14:55:43Z,NQ_NDX,gex_full,29558.59,,,29262.12->29462.12,,
2026-08-27T14:56:44.774984Z,10:56:44,2026-08-27T14:56:44Z,ES_SPX,gex_one,7730.23,7708.46->7708.55,7773.55->7763.55,,,
2026-08-27T14:56:45.007153Z,10:56:45,2026-08-27T14:56:44Z,NQ_NDX,gex_zero,29567.79,29518.9->29525.37,,,,
2026-08-27T14:57:46.708845Z,10:57:46,2026-08-27T14:57:46Z,ES_SPX,gex_one,7732.27,7708.55->7708.04,,,,
2026-08-27T14:57:47.078053Z,10:57:47,2026-08-27T14:57:46Z,NQ_NDX,gex_zero,29587.97,29525.37->29518.03,,,,
2026-08-27T14:57:47.384424Z,10:57:47,2026-08-27T14:57:47Z,NQ_NDX,gex_full,29588.36,29551.61->29518.9,,29462.12->29262.12,,
2026-08-27T14:58:47.994887Z,10:58:47,2026-08-27T14:58:48Z,ES_SPX,gex_zero,7733.15,7716.93->7717.35,,,,
2026-08-27T14:58:48.665709Z,10:58:48,2026-08-27T14:58:48Z,ES_SPX,gex_one,7733.15,7708.04->7708.46,,,,
2026-08-27T14:58:49.263577Z,10:58:49,2026-08-27T14:58:49Z,NQ_NDX,gex_full,29595.38,29518.9->29508.9,,,,
2026-08-27T14:59:50.152511Z,10:59:50,2026-08-27T14:59:50Z,ES_SPX,gex_full,7734.3,7716.93->7717.35,,,,
2026-08-27T14:59:50.511000Z,10:59:50,2026-08-27T14:59:50Z,ES_SPX,gex_one,7734.3,7708.46->7708.63,,,,7663.55->7713.55
2026-08-27T14:59:50.811780Z,10:59:50,2026-08-27T14:59:50Z,NQ_NDX,gex_zero,29595.6,29518.03->29508.9,29612.12->29662.12,,,29337.21->29337.12
2026-08-27T14:59:51.081643Z,10:59:51,2026-08-27T14:59:50Z,NQ_NDX,gex_full,29595.6,29508.9->29549.71,,,,
2026-08-27T15:00:51.713633Z,11:00:51,2026-08-27T15:00:51Z,ES_SPX,gex_zero,7736.04,7717.35->7717.97,7743.55->7743.8,7703.55->7703.8,7753.55->7753.8,7728.55->7728.8
2026-08-27T15:00:52.030240Z,11:00:52,2026-08-27T15:00:51Z,ES_SPX,gex_full,7736.04,7717.35->7717.97,7743.55->7743.8,7703.55->7703.8,7813.55->7813.8,7513.55->7513.8
2026-08-27T15:00:52.354714Z,11:00:52,2026-08-27T15:00:52Z,ES_SPX,gex_one,7735.92,7708.63->7708.88,7763.55->7763.8,7663.55->7663.8,7743.55->7743.8,7713.55->7713.8
2026-08-27T15:00:52.688544Z,11:00:52,2026-08-27T15:00:52Z,NQ_NDX,gex_zero,29600.94,29508.9->29526.28,29662.12->29613.03,29262.12->29463.03,29572.12->29573.03,29337.12->29338.03
2026-08-27T15:00:52.937867Z,11:00:52,2026-08-27T15:00:52Z,NQ_NDX,gex_full,29600.94,29549.71->29550.61,29612.12->29613.03,29262.12->29463.03,29562.12->29563.03,29162.12->29163.03
2026-08-27T15:00:53.296263Z,11:00:53,2026-08-27T15:00:52Z,NQ_NDX,gex_one,29600.94,29122.12->29123.03,30062.12->30063.03,29062.12->29063.03,29562.12->29563.03,29237.12->29238.03
2026-08-27T15:01:54.422653Z,11:01:54,2026-08-27T15:01:52Z,NQ_NDX,gex_zero,29609.67,,29613.03->29663.03,29463.03->29263.03,,
2026-08-27T15:01:54.751671Z,11:01:54,2026-08-27T15:01:54Z,NQ_NDX,gex_full,29608.93,29550.61->29553.54,,,,
2026-08-27T15:02:56.271488Z,11:02:56,2026-08-27T15:02:55Z,NQ_NDX,gex_zero,29608.7,29526.28->29510.63,29663.03->29613.03,29263.03->29463.03,,
2026-08-27T15:02:56.609040Z,11:02:56,2026-08-27T15:02:55Z,NQ_NDX,gex_full,29608.7,29553.54->29518.93,,,,
2026-08-27T15:03:57.216156Z,11:03:57,2026-08-27T15:03:56Z,ES_SPX,gex_zero,7734.09,7717.97->7718.29,,,,
2026-08-27T15:03:57.526221Z,11:03:57,2026-08-27T15:03:56Z,ES_SPX,gex_full,7734.09,7717.97->7718.29,,,,
2026-08-27T15:03:57.831899Z,11:03:57,2026-08-27T15:03:57Z,ES_SPX,gex_one,7734.18,,,,,7713.8->7663.8
2026-08-27T15:03:58.073870Z,11:03:58,2026-08-27T15:03:57Z,NQ_NDX,gex_zero,29593.32,29510.63->29526.28,,,,
2026-08-27T15:03:58.421669Z,11:03:58,2026-08-27T15:03:57Z,NQ_NDX,gex_full,29593.32,29518.93->29510.63,,,,
2026-08-27T15:04:58.974064Z,11:04:58,2026-08-27T15:04:58Z,ES_SPX,gex_zero,7737.8,7718.29->7717.97,,,,
2026-08-27T15:04:59.404559Z,11:04:59,2026-08-27T15:04:58Z,ES_SPX,gex_full,7737.8,7718.29->7717.97,,,,
2026-08-27T15:04:59.690262Z,11:04:59,2026-08-27T15:04:58Z,ES_SPX,gex_one,7737.8,7708.88->7709.05,,,,
2026-08-27T15:04:59.970576Z,11:04:59,2026-08-27T15:04:59Z,NQ_NDX,gex_zero,29610.47,29526.28->29518.93,29613.03->29663.03,,,
2026-08-27T15:05:00.368609Z,11:05:00,2026-08-27T15:04:59Z,NQ_NDX,gex_full,29610.47,29510.63->29548.91,,,,
2026-08-27T15:06:00.924321Z,11:06:00,2026-08-27T15:06:00Z,ES_SPX,gex_zero,7737.33,7717.97->7718.29,,7703.8->7703.88,,
2026-08-27T15:06:01.250728Z,11:06:01,2026-08-27T15:06:00Z,ES_SPX,gex_full,7737.33,7717.97->7718.29,,,,
2026-08-27T15:06:01.577817Z,11:06:01,2026-08-27T15:06:00Z,ES_SPX,gex_one,7737.33,,,,,7663.8->7713.8
2026-08-27T15:07:02.697176Z,11:07:02,2026-08-27T15:07:02Z,ES_SPX,gex_zero,7736.42,7718.29->7717.97,,7703.88->7703.8,,
2026-08-27T15:07:03.051822Z,11:07:03,2026-08-27T15:07:02Z,ES_SPX,gex_full,7736.42,7718.29->7717.97,,,,
2026-08-27T15:07:03.372962Z,11:07:03,2026-08-27T15:07:02Z,ES_SPX,gex_one,7736.42,,,,,7713.8->7663.8
2026-08-27T15:07:03.601612Z,11:07:03,2026-08-27T15:07:03Z,NQ_NDX,gex_zero,29610.07,29518.93->29518.03,,,,
2026-08-27T15:08:04.492441Z,11:08:04,2026-08-27T15:08:03Z,ES_SPX,gex_zero,7735.57,7717.97->7718.54,,,,
2026-08-27T15:08:04.884284Z,11:08:04,2026-08-27T15:08:04Z,ES_SPX,gex_full,7735.25,7717.97->7718.54,,,,
2026-08-27T15:08:05.248443Z,11:08:05,2026-08-27T15:08:04Z,ES_SPX,gex_one,7735.25,,,,7743.8->7813.8,7663.8->7713.8
2026-08-27T15:08:05.491988Z,11:08:05,2026-08-27T15:08:05Z,NQ_NDX,gex_zero,29612.48,29518.03->29510.63,,,,
2026-08-27T15:08:05.820621Z,11:08:05,2026-08-27T15:08:05Z,NQ_NDX,gex_full,29612.48,29548.91->29526.28,,,,
2026-08-27T15:09:06.823822Z,11:09:06,2026-08-27T15:09:05Z,ES_SPX,gex_full,7736.2,7718.54->7718.29,,,,
2026-08-27T15:09:07.128687Z,11:09:07,2026-08-27T15:09:07Z,ES_SPX,gex_one,7736.12,7709.05->7709.31,,,,
2026-08-27T15:10:08.249164Z,11:10:08,2026-08-27T15:10:07Z,ES_SPX,gex_zero,7737.72,7718.54->7718.29,,,,
2026-08-27T15:10:08.834283Z,11:10:08,2026-08-27T15:10:07Z,ES_SPX,gex_one,7737.72,,,,,7713.8->7663.8
2026-08-27T15:10:09.504535Z,11:10:09,2026-08-27T15:10:08Z,NQ_NDX,gex_full,29624.01,29526.28->29553.54,,,,
2026-08-27T15:11:10.100950Z,11:11:10,2026-08-27T15:11:09Z,ES_SPX,gex_zero,7737.11,7718.29->7718.54,,7703.8->7703.88,,
2026-08-27T15:11:10.728031Z,11:11:10,2026-08-27T15:11:10Z,ES_SPX,gex_one,7737.12,7709.31->7709.05,,,,7663.8->7713.8
2026-08-27T15:11:47.118914Z,11:11:47,2026-08-27T15:11:46Z,ES_SPX,gex_zero,7738.49,7718.54->7718.29,,,,
2026-08-27T15:12:12.038373Z,11:12:12,2026-08-27T15:12:11Z,ES_SPX,gex_zero,7737.83,7718.29->7718.54,,,,
2026-08-27T15:12:12.728904Z,11:12:12,2026-08-27T15:12:11Z,ES_SPX,gex_one,7737.83,,,,,7713.8->7663.8
2026-08-27T15:13:13.963894Z,11:13:13,2026-08-27T15:13:14Z,ES_SPX,gex_zero,7737.48,7718.54->7718.29,,,,
2026-08-27T15:13:14.348294Z,11:13:14,2026-08-27T15:13:12Z,ES_SPX,gex_full,7737.81,,,7703.8->7703.88,,
2026-08-27T15:13:14.647336Z,11:13:14,2026-08-27T15:13:14Z,ES_SPX,gex_one,7737.48,7709.05->7709.31,,,,7663.8->7713.8
2026-08-27T15:13:14.923241Z,11:13:14,2026-08-27T15:13:14Z,NQ_NDX,gex_zero,29612.08,29510.63->29511.37,,,,
2026-08-27T15:13:15.230163Z,11:13:15,2026-08-27T15:13:14Z,NQ_NDX,gex_full,29612.08,29553.54->29518.03,,,,
2026-08-27T15:14:15.820428Z,11:14:15,2026-08-27T15:14:15Z,ES_SPX,gex_zero,7737.75,7718.29->7718.54,,7703.88->7713.54,,
2026-08-27T15:14:16.183310Z,11:14:16,2026-08-27T15:14:15Z,ES_SPX,gex_full,7737.75,7718.29->7718.54,,7703.88->7703.8,,
2026-08-27T15:14:17.123405Z,11:14:17,2026-08-27T15:14:16Z,NQ_NDX,gex_full,29617.65,29518.03->29549.79,,,,
2026-08-27T15:15:17.709253Z,11:15:17,2026-08-27T15:15:16Z,ES_SPX,gex_zero,7740.12,7718.54->7718.59,7743.8->7743.84,7713.54->7713.76,7753.8->7753.84,7728.8->7728.84
2026-08-27T15:15:18.110724Z,11:15:18,2026-08-27T15:15:18Z,ES_SPX,gex_full,7740.03,7718.54->7718.34,7743.8->7743.84,7703.8->7703.84,7813.8->7813.84,7513.8->7513.84
2026-08-27T15:15:18.443570Z,11:15:18,2026-08-27T15:15:18Z,ES_SPX,gex_one,7740.03,7709.31->7709.1,7763.8->7763.84,7663.8->7663.84,7813.8->7813.84,7713.8->7663.84
2026-08-27T15:15:18.696876Z,11:15:18,2026-08-27T15:15:17Z,NQ_NDX,gex_zero,29624.38,29511.37->29518.66,29663.03->29664.56,29463.03->29464.56,29573.03->29574.56,29338.03->29339.56
2026-08-27T15:15:19.040447Z,11:15:19,2026-08-27T15:15:17Z,NQ_NDX,gex_full,29624.38,29549.79->29590.06,29613.03->29614.56,29463.03->29464.56,29563.03->29564.56,29163.03->29164.56
2026-08-27T15:15:19.370479Z,11:15:19,2026-08-27T15:15:17Z,NQ_NDX,gex_one,29624.38,29123.03->29124.56,30063.03->30064.56,29063.03->29064.56,29563.03->29564.56,29238.03->29239.56
2026-08-27T15:16:19.618508Z,11:16:19,2026-08-27T15:16:18Z,ES_SPX,gex_zero,7741.8,7718.59->7718.76,,,,
2026-08-27T15:16:19.946245Z,11:16:19,2026-08-27T15:16:18Z,ES_SPX,gex_full,7741.8,7718.34->7718.59,,7703.84->7713.76,,
2026-08-27T15:16:20.826687Z,11:16:20,2026-08-27T15:16:20Z,NQ_NDX,gex_full,29629.88,29590.06->29551.31,,,,
2026-08-27T15:17:21.369659Z,11:17:21,2026-08-27T15:17:20Z,ES_SPX,gex_zero,7742.39,7718.76->7718.59,,,,
2026-08-27T15:17:22.065833Z,11:17:22,2026-08-27T15:17:21Z,ES_SPX,gex_one,7742.36,,,,,7663.84->7713.84
2026-08-27T15:17:22.339823Z,11:17:22,2026-08-27T15:17:21Z,NQ_NDX,gex_zero,29626.05,29518.66->29514.56,,,,
2026-08-27T15:17:22.643469Z,11:17:22,2026-08-27T15:17:21Z,NQ_NDX,gex_full,29626.05,29551.31->29516.96,,,,
2026-08-27T15:18:23.267951Z,11:18:23,2026-08-27T15:18:23Z,ES_SPX,gex_zero,7741.45,7718.59->7718.93,,,,
2026-08-27T15:18:23.635272Z,11:18:23,2026-08-27T15:18:23Z,ES_SPX,gex_full,7741.45,7718.59->7718.84,,,,
2026-08-27T15:19:25.183284Z,11:19:25,2026-08-27T15:19:25Z,ES_SPX,gex_zero,7741.67,7718.93->7718.84,,,,
2026-08-27T15:19:25.550439Z,11:19:25,2026-08-27T15:19:25Z,ES_SPX,gex_full,7741.67,7718.84->7718.76,,,,
2026-08-27T15:19:25.960053Z,11:19:25,2026-08-27T15:19:25Z,ES_SPX,gex_one,7741.67,,,,,7713.84->7663.84
2026-08-27T15:19:26.205518Z,11:19:26,2026-08-27T15:19:25Z,NQ_NDX,gex_zero,29628.42,29514.56->29528.68,,,,
2026-08-27T15:19:26.518120Z,11:19:26,2026-08-27T15:19:25Z,NQ_NDX,gex_full,29628.42,29516.96->29514.05,,,,
2026-08-27T15:20:27.109564Z,11:20:27,2026-08-27T15:20:26Z,ES_SPX,gex_zero,7741.69,7718.84->7719.1,,,,
2026-08-27T15:20:27.409138Z,11:20:27,2026-08-27T15:20:26Z,ES_SPX,gex_full,7741.69,7718.76->7718.93,,,,
2026-08-27T15:20:27.733371Z,11:20:27,2026-08-27T15:20:28Z,ES_SPX,gex_one,7741.69,7709.1->7709.35,,,,7663.84->7713.84
2026-08-27T15:20:28.031530Z,11:20:28,2026-08-27T15:20:27Z,NQ_NDX,gex_zero,29624.24,29528.68->29514.56,,,,
2026-08-27T15:20:28.365558Z,11:20:28,2026-08-27T15:20:27Z,NQ_NDX,gex_full,29624.24,29514.05->29516.96,,,,
2026-08-27T15:21:28.944247Z,11:21:28,2026-08-27T15:21:28Z,ES_SPX,gex_zero,7742.22,7719.1->7718.84,,,,
2026-08-27T15:21:29.324259Z,11:21:29,2026-08-27T15:21:28Z,ES_SPX,gex_full,7742.22,7718.93->7718.76,,,,
2026-08-27T15:21:29.648482Z,11:21:29,2026-08-27T15:21:29Z,ES_SPX,gex_one,7742.21,,,,,7713.84->7663.84
2026-08-27T15:21:29.914497Z,11:21:29,2026-08-27T15:21:29Z,NQ_NDX,gex_zero,29622.88,29514.56->29528.68,,,,
2026-08-27T15:21:30.226949Z,11:21:30,2026-08-27T15:21:29Z,NQ_NDX,gex_full,29622.88,29516.96->29515.58,,,,
2026-08-27T15:22:30.895673Z,11:22:30,2026-08-27T15:22:30Z,ES_SPX,gex_zero,7740.29,,,7713.76->7713.84,,
2026-08-27T15:22:32.053713Z,11:22:32,2026-08-27T15:22:31Z,NQ_NDX,gex_full,29615.34,29515.58->29556.21,,,,
2026-08-27T15:23:32.659972Z,11:23:32,2026-08-27T15:23:31Z,ES_SPX,gex_zero,7739.61,7718.84->7719.35,,7713.84->7713.76,,
2026-08-27T15:23:33.054749Z,11:23:33,2026-08-27T15:23:32Z,ES_SPX,gex_full,7739.22,7718.76->7719.1,,,,
2026-08-27T15:23:33.422441Z,11:23:33,2026-08-27T15:23:32Z,ES_SPX,gex_one,7739.22,7709.35->7709.67,,,,7663.84->7713.84
2026-08-27T15:23:34.067213Z,11:23:34,2026-08-27T15:23:32Z,NQ_NDX,gex_full,29608.28,29556.21->29548.62,,,,
2026-08-27T15:24:34.642914Z,11:24:34,2026-08-27T15:24:34Z,ES_SPX,gex_zero,7740.16,7719.35->7719.1,,,,
2026-08-27T15:24:34.906895Z,11:24:34,2026-08-27T15:24:34Z,ES_SPX,gex_full,7740.16,7719.1->7718.93,,,,
2026-08-27T15:24:35.315800Z,11:24:35,2026-08-27T15:24:34Z,ES_SPX,gex_one,7740.16,7709.67->7709.35,,,,7713.84->7663.84
2026-08-27T15:24:35.556991Z,11:24:35,2026-08-27T15:24:34Z,NQ_NDX,gex_zero,29604.43,29528.68->29589.48,,,,
2026-08-27T15:24:35.967591Z,11:24:35,2026-08-27T15:24:34Z,NQ_NDX,gex_full,29604.43,29548.62->29556.21,,,,
2026-08-27T15:25:36.537480Z,11:25:36,2026-08-27T15:25:35Z,ES_SPX,gex_zero,7736.92,7719.1->7719.35,,,,
2026-08-27T15:25:36.843294Z,11:25:36,2026-08-27T15:25:36Z,ES_SPX,gex_full,7737.39,7718.93->7719.67,,,,
2026-08-27T15:25:37.130946Z,11:25:37,2026-08-27T15:25:36Z,ES_SPX,gex_one,7737.39,,,,7813.84->7743.84,
2026-08-27T15:25:37.367678Z,11:25:37,2026-08-27T15:25:36Z,NQ_NDX,gex_zero,29588.93,29589.48->29529.59,29664.56->29614.56,,,29339.56->29344.46
2026-08-27T15:25:37.744289Z,11:25:37,2026-08-27T15:25:36Z,NQ_NDX,gex_full,29588.93,29556.21->29549.53,,,,
2026-08-27T15:26:38.311560Z,11:26:38,2026-08-27T15:26:37Z,ES_SPX,gex_zero,7737.98,,,7713.76->7713.84,,
2026-08-27T15:26:38.636476Z,11:26:38,2026-08-27T15:26:38Z,ES_SPX,gex_full,7737.88,7719.67->7719.1,,,,
2026-08-27T15:26:38.972717Z,11:26:38,2026-08-27T15:26:38Z,ES_SPX,gex_one,7737.88,7709.35->7709.67,,,,7663.84->7713.84
2026-08-27T15:26:39.610690Z,11:26:39,2026-08-27T15:26:38Z,NQ_NDX,gex_full,29590.61,29549.53->29547.74,,,,
2026-08-27T15:26:39.931081Z,11:26:39,2026-08-27T15:26:38Z,NQ_NDX,gex_one,29590.61,,30064.56->29914.56,,,
2026-08-27T15:27:40.234720Z,11:27:40,2026-08-27T15:27:39Z,ES_SPX,gex_zero,7738.08,,,7713.84->7713.76,,
2026-08-27T15:27:40.904321Z,11:27:40,2026-08-27T15:27:41Z,ES_SPX,gex_one,7738.02,,,,7743.84->7813.84,
2026-08-27T15:27:41.464713Z,11:27:41,2026-08-27T15:27:40Z,NQ_NDX,gex_full,29592.6,29547.74->29546.92,,,,
2026-08-27T15:28:42.047277Z,11:28:42,2026-08-27T15:28:42Z,ES_SPX,gex_zero,7737.05,7719.35->7719.67,,7713.76->7713.84,,
2026-08-27T15:28:42.415610Z,11:28:42,2026-08-27T15:28:42Z,ES_SPX,gex_full,7737.05,7719.1->7719.67,,7713.76->7713.84,,
2026-08-27T15:28:42.805093Z,11:28:42,2026-08-27T15:28:42Z,ES_SPX,gex_one,7737.05,,,,7813.84->7743.84,
2026-08-27T15:28:43.368615Z,11:28:43,2026-08-27T15:28:43Z,NQ_NDX,gex_full,29587.51,29546.92->29545.05,,,,
2026-08-27T15:28:43.665598Z,11:28:43,2026-08-27T15:28:43Z,NQ_NDX,gex_one,29587.51,,29914.56->30064.56,,,
2026-08-27T15:29:43.913191Z,11:29:43,2026-08-27T15:29:44Z,ES_SPX,gex_zero,7734.49,7719.67->7719.35,,,,
2026-08-27T15:29:44.289112Z,11:29:44,2026-08-27T15:29:44Z,ES_SPX,gex_full,7734.49,7719.67->7719.35,,,,
2026-08-27T15:29:44.617015Z,11:29:44,2026-08-27T15:29:44Z,ES_SPX,gex_one,7734.49,,,,,7713.84->7663.84
2026-08-27T15:29:44.874556Z,11:29:44,2026-08-27T15:29:44Z,NQ_NDX,gex_zero,29578.89,29529.59->29546.92,,,,
2026-08-27T15:29:45.203949Z,11:29:45,2026-08-27T15:29:44Z,NQ_NDX,gex_full,29578.89,29545.05->29544.28,,,,
2026-08-27T15:30:45.795516Z,11:30:45,2026-08-27T15:30:44Z,ES_SPX,gex_zero,7733.11,7719.35->7719.38,7743.84->7743.87,7713.84->7713.87,7753.84->7753.87,7728.84->7728.87
2026-08-27T15:30:46.086707Z,11:30:46,2026-08-27T15:30:46Z,ES_SPX,gex_full,7733.16,7719.35->7719.38,7743.84->7743.87,7713.84->7713.87,7813.84->7913.87,7513.84->7513.87
2026-08-27T15:30:46.509672Z,11:30:46,2026-08-27T15:30:46Z,ES_SPX,gex_one,7733.16,7709.67->7709.7,7763.84->7763.87,7663.84->7663.87,7743.84->7743.87,7663.84->7663.87
2026-08-27T15:30:46.896532Z,11:30:46,2026-08-27T15:30:45Z,NQ_NDX,gex_zero,29569.89,29546.92->29529.23,29614.56->29614.2,29464.56->29464.2,29574.56->29574.2,29344.46->29344.1
2026-08-27T15:30:47.241083Z,11:30:47,2026-08-27T15:30:47Z,NQ_NDX,gex_full,29570.1,29544.28->29543.66,29614.56->29614.2,29464.56->29464.2,29564.56->29564.2,29164.56->29164.2
2026-08-27T15:30:47.620224Z,11:30:47,2026-08-27T15:30:47Z,NQ_NDX,gex_one,29570.1,29124.56->29124.2,30064.56->29914.2,29064.56->29064.2,29564.56->29564.2,29239.56->29239.2
2026-08-27T15:31:47.953410Z,11:31:47,2026-08-27T15:31:46Z,ES_SPX,gex_zero,7734.36,7719.38->7719.7,,,,
2026-08-27T15:31:48.390223Z,11:31:48,2026-08-27T15:31:46Z,ES_SPX,gex_full,7734.36,7719.38->7719.7,,,,
2026-08-27T15:31:48.653935Z,11:31:48,2026-08-27T15:31:48Z,ES_SPX,gex_one,7733.76,7709.7->7710.07,,,,7663.87->7713.87
2026-08-27T15:31:49.021552Z,11:31:49,2026-08-27T15:31:48Z,NQ_NDX,gex_zero,29572.98,29529.23->29543.66,,,,
2026-08-27T15:32:49.912460Z,11:32:49,2026-08-27T15:32:49Z,ES_SPX,gex_zero,7734.97,7719.7->7720.48,,,,
2026-08-27T15:32:50.457350Z,11:32:50,2026-08-27T15:32:49Z,ES_SPX,gex_full,7734.97,7719.7->7720.07,,,7913.87->7813.87,
2026-08-27T15:32:50.813627Z,11:32:50,2026-08-27T15:32:50Z,ES_SPX,gex_one,7735.2,7710.07->7709.7,,7663.87->7688.87,,7713.87->7663.87
2026-08-27T15:32:51.136178Z,11:32:51,2026-08-27T15:32:50Z,NQ_NDX,gex_zero,29582.39,29543.66->29551.78,,,,
2026-08-27T15:32:51.418635Z,11:32:51,2026-08-27T15:32:50Z,NQ_NDX,gex_full,29582.39,29543.66->29529.23,,,,
2026-08-27T15:33:51.972083Z,11:33:51,2026-08-27T15:33:50Z,ES_SPX,gex_zero,7736.31,7720.48->7720.07,,,,
2026-08-27T15:33:52.264572Z,11:33:52,2026-08-27T15:33:52Z,ES_SPX,gex_full,7736.27,7720.07->7719.7,,,,
2026-08-27T15:33:52.587065Z,11:33:52,2026-08-27T15:33:52Z,ES_SPX,gex_one,7736.27,7709.7->7710.07,,,,7663.87->7713.87
2026-08-27T15:33:52.874522Z,11:33:52,2026-08-27T15:33:51Z,NQ_NDX,gex_zero,29588.27,29551.78->29555.86,,,,
2026-08-27T15:33:53.193971Z,11:33:53,2026-08-27T15:33:51Z,NQ_NDX,gex_full,29588.27,29529.23->29547.39,,,,
2026-08-27T15:33:53.435015Z,11:33:53,2026-08-27T15:33:53Z,NQ_NDX,gex_one,29588.82,,29914.2->30064.2,,,
2026-08-27T15:34:53.847465Z,11:34:53,2026-08-27T15:34:52Z,ES_SPX,gex_zero,7733.95,7720.07->7719.7,,,,
2026-08-27T15:34:54.157125Z,11:34:54,2026-08-27T15:34:52Z,ES_SPX,gex_full,7733.95,,,,7813.87->7913.87,
2026-08-27T15:34:54.528308Z,11:34:54,2026-08-27T15:34:54Z,ES_SPX,gex_one,7734.03,7710.07->7709.7,,,,7713.87->7663.87
2026-08-27T15:34:54.884121Z,11:34:54,2026-08-27T15:34:54Z,NQ_NDX,gex_zero,29576.74,29555.86->29550.96,,,,
2026-08-27T15:34:55.136900Z,11:34:55,2026-08-27T15:34:54Z,NQ_NDX,gex_full,29576.74,29547.39->29556.6,,,,
2026-08-27T15:35:56.042472Z,11:35:56,2026-08-27T15:35:56Z,ES_SPX,gex_full,7733.15,7719.7->7720.07,,,,
2026-08-27T15:35:56.351850Z,11:35:56,2026-08-27T15:35:56Z,ES_SPX,gex_one,7733.15,7709.7->7710.07,,,,
2026-08-27T15:35:56.585874Z,11:35:56,2026-08-27T15:35:56Z,NQ_NDX,gex_zero,29572.78,29550.96->29531.84,,,,
2026-08-27T15:35:57.059855Z,11:35:57,2026-08-27T15:35:56Z,NQ_NDX,gex_full,29572.78,29556.6->29531.01,,,,
2026-08-27T15:35:57.404781Z,11:35:57,2026-08-27T15:35:56Z,NQ_NDX,gex_one,29572.78,,30064.2->29914.2,,,
2026-08-27T15:36:57.730874Z,11:36:57,2026-08-27T15:36:57Z,ES_SPX,gex_zero,7732.25,7719.7->7720.07,,,,
2026-08-27T15:36:58.095808Z,11:36:58,2026-08-27T15:36:57Z,ES_SPX,gex_full,7732.25,7720.07->7719.7,,,,
2026-08-27T15:36:58.616095Z,11:36:58,2026-08-27T15:36:58Z,NQ_NDX,gex_zero,29565.33,29531.84->29562.54,,,,29344.1->29339.28
2026-08-27T15:37:59.496862Z,11:37:59,2026-08-27T15:37:58Z,ES_SPX,gex_zero,7731.76,7720.07->7720.48,,,,
2026-08-27T15:37:59.814824Z,11:37:59,2026-08-27T15:38:00Z,ES_SPX,gex_full,7731.7,7719.7->7720.48,,,,
2026-08-27T15:38:01.069128Z,11:38:01,2026-08-27T15:38:00Z,ES_SPX,gex_one,7731.7,7710.07->7709.7,,,,
2026-08-27T15:38:01.530812Z,11:38:01,2026-08-27T15:38:01Z,NQ_NDX,gex_zero,29558.56,29562.54->29552.53,,,,29339.28->29343.92
2026-08-27T15:38:02.361739Z,11:38:02,2026-08-27T15:38:01Z,NQ_NDX,gex_full,29558.56,29531.01->29531.84,,,,
2026-08-27T15:39:03.667023Z,11:39:03,2026-08-27T15:39:03Z,ES_SPX,gex_one,7731.62,7709.7->7710.07,,,,7663.87->7713.87
2026-08-27T15:39:04.096885Z,11:39:04,2026-08-27T15:39:03Z,NQ_NDX,gex_zero,29557.26,29552.53->29547.39,,,,
2026-08-27T15:39:04.632494Z,11:39:04,2026-08-27T15:39:03Z,NQ_NDX,gex_full,29557.26,29531.84->29545.82,,,,
2026-08-27T15:40:05.278691Z,11:40:05,2026-08-27T15:40:04Z,ES_SPX,gex_zero,7731.08,7720.48->7720.07,,,,
2026-08-27T15:40:05.583343Z,11:40:05,2026-08-27T15:40:04Z,ES_SPX,gex_full,7731.08,7720.48->7719.7,,,,
2026-08-27T15:40:05.931037Z,11:40:05,2026-08-27T15:40:06Z,ES_SPX,gex_one,7730.87,,,,,7713.87->7663.87
2026-08-27T15:40:06.176594Z,11:40:06,2026-08-27T15:40:05Z,NQ_NDX,gex_zero,29558.47,29547.39->29565.86,,,,
2026-08-27T15:40:06.531463Z,11:40:06,2026-08-27T15:40:05Z,NQ_NDX,gex_full,29558.47,29545.82->29531.84,,,,
2026-08-27T15:41:07.202912Z,11:41:07,2026-08-27T15:41:06Z,ES_SPX,gex_zero,7732.26,7720.07->7720.48,,,,
2026-08-27T15:41:07.480110Z,11:41:07,2026-08-27T15:41:06Z,ES_SPX,gex_full,7732.26,7719.7->7720.48,,,,
2026-08-27T15:41:08.005178Z,11:41:08,2026-08-27T15:41:08Z,NQ_NDX,gex_zero,29560.91,29565.86->29546.56,,,,29343.92->29340.02
2026-08-27T15:41:08.321330Z,11:41:08,2026-08-27T15:41:08Z,NQ_NDX,gex_full,29560.91,29531.84->29558.3,,,,
2026-08-27T15:42:09.287178Z,11:42:09,2026-08-27T15:42:08Z,ES_SPX,gex_full,7734.43,,,,7913.87->7813.87,
2026-08-27T15:42:09.638809Z,11:42:09,2026-08-27T15:42:09Z,ES_SPX,gex_one,7734.59,7710.07->7710.92,,,,7663.87->7713.87
2026-08-27T15:42:09.883800Z,11:42:09,2026-08-27T15:42:09Z,NQ_NDX,gex_zero,29572.07,29546.56->29532.58,,,,29340.02->29342.12
2026-08-27T15:42:10.195548Z,11:42:10,2026-08-27T15:42:09Z,NQ_NDX,gex_full,29572.07,29558.3->29557.42,,,,
2026-08-27T15:43:10.848186Z,11:43:10,2026-08-27T15:43:09Z,ES_SPX,gex_zero,7731.73,7720.48->7720.07,,,,
2026-08-27T15:43:11.162457Z,11:43:11,2026-08-27T15:43:11Z,ES_SPX,gex_full,7731.43,7720.48->7720.07,,,,
2026-08-27T15:43:11.486110Z,11:43:11,2026-08-27T15:43:11Z,ES_SPX,gex_one,7731.43,7710.92->7709.7,,,,7713.87->7663.87
2026-08-27T15:43:11.813946Z,11:43:11,2026-08-27T15:43:11Z,NQ_NDX,gex_zero,29552.23,,,,,29342.12->29340.02
2026-08-27T15:43:12.145342Z,11:43:12,2026-08-27T15:43:11Z,NQ_NDX,gex_full,29552.23,29557.42->29556.6,,,,
2026-08-27T15:44:12.780046Z,11:44:12,2026-08-27T15:44:12Z,ES_SPX,gex_zero,7728.52,7720.07->7721.82,,,,
2026-08-27T15:44:13.270725Z,11:44:13,2026-08-27T15:44:13Z,ES_SPX,gex_full,7728.7,7720.07->7721.37,,,,
2026-08-27T15:44:13.666903Z,11:44:13,2026-08-27T15:44:13Z,ES_SPX,gex_one,7728.7,7709.7->7710.07,,,,
2026-08-27T15:44:14.324520Z,11:44:14,2026-08-27T15:44:14Z,NQ_NDX,gex_full,29537.87,29556.6->29531.84,,,,29164.2->29664.2
2026-08-27T15:45:14.931557Z,11:45:14,2026-08-27T15:45:13Z,ES_SPX,gex_zero,7727.32,7721.82->7722.25,,,,
2026-08-27T15:45:15.292890Z,11:45:15,2026-08-27T15:45:15Z,ES_SPX,gex_full,7727.43,7721.37->7722.25,,,,
2026-08-27T15:45:15.668169Z,11:45:15,2026-08-27T15:45:15Z,ES_SPX,gex_one,7727.43,7710.07->7710.92,,,,7663.87->7713.87
2026-08-27T15:45:15.940264Z,11:45:15,2026-08-27T15:45:14Z,NQ_NDX,gex_zero,29529.64,29532.58->29531.94,29614.2->29613.56,29464.2->29463.56,29574.2->29573.56,29340.02->29338.56
2026-08-27T15:45:16.274858Z,11:45:16,2026-08-27T15:45:14Z,NQ_NDX,gex_full,29529.64,29531.84->29545.93,29614.2->29613.56,29464.2->29463.56,29564.2->29563.56,29664.2->29663.56
2026-08-27T15:45:16.541945Z,11:45:16,2026-08-27T15:45:16Z,NQ_NDX,gex_one,29530.03,29124.2->29123.56,29914.2->29913.56,29064.2->29063.56,29564.2->29563.56,29239.2->29238.56
2026-08-27T15:46:17.281567Z,11:46:17,2026-08-27T15:46:17Z,ES_SPX,gex_full,7726.63,,,,7813.87->7913.87,
2026-08-27T15:46:17.645189Z,11:46:17,2026-08-27T15:46:17Z,ES_SPX,gex_one,7726.63,7710.92->7711.37,,,,7713.87->7663.87
2026-08-27T15:46:17.919942Z,11:46:17,2026-08-27T15:46:17Z,NQ_NDX,gex_zero,29519.79,29531.94->29533.08,,,,29338.56->29338.65
2026-08-27T15:46:18.693468Z,11:46:18,2026-08-27T15:46:18Z,NQ_NDX,gex_one,29518.33,29123.56->29133.56,,,,
2026-08-27T15:47:18.977527Z,11:47:18,2026-08-27T15:47:18Z,ES_SPX,gex_zero,7728.05,7722.25->7723.04,,,,
2026-08-27T15:47:19.279849Z,11:47:19,2026-08-27T15:47:18Z,ES_SPX,gex_full,7728.05,7722.25->7722.67,,,,
2026-08-27T15:47:19.574808Z,11:47:19,2026-08-27T15:47:18Z,ES_SPX,gex_one,7728.05,7711.37->7712.25,,,,7663.87->7713.87
2026-08-27T15:47:19.828310Z,11:47:19,2026-08-27T15:47:19Z,NQ_NDX,gex_zero,29523.71,29533.08->29547.63,,,,
2026-08-27T15:47:20.176178Z,11:47:20,2026-08-27T15:47:19Z,NQ_NDX,gex_full,29523.71,29545.93->29529.5,,,,
2026-08-27T15:48:20.753432Z,11:48:20,2026-08-27T15:48:20Z,ES_SPX,gex_zero,7728.05,7723.04->7722.67,,,,
2026-08-27T15:48:21.410730Z,11:48:21,2026-08-27T15:48:20Z,ES_SPX,gex_one,7728.05,7712.25->7710.92,,,,7713.87->7663.87
2026-08-27T15:48:21.685341Z,11:48:21,2026-08-27T15:48:21Z,NQ_NDX,gex_zero,29523.98,29547.63->29564.08,,,,29338.65->29338.82
2026-08-27T15:49:23.012035Z,11:49:23,2026-08-27T15:49:22Z,ES_SPX,gex_full,7727.85,7722.67->7722.25,,,,
2026-08-27T15:49:23.334181Z,11:49:23,2026-08-27T15:49:22Z,ES_SPX,gex_one,7727.85,7710.92->7711.82,,,,7663.87->7713.87
2026-08-27T15:49:23.660773Z,11:49:23,2026-08-27T15:49:22Z,NQ_NDX,gex_zero,29520.81,29564.08->29529.5,,,,29338.82->29338.65
2026-08-27T15:49:23.942568Z,11:49:23,2026-08-27T15:49:23Z,NQ_NDX,gex_full,29521.63,29529.5->29545.93,,,,
2026-08-27T15:50:24.539740Z,11:50:24,2026-08-27T15:50:23Z,ES_SPX,gex_zero,7729.86,7722.67->7723.04,,,,
2026-08-27T15:50:24.828452Z,11:50:24,2026-08-27T15:50:24Z,ES_SPX,gex_full,7729.93,7722.25->7723.36,,,,
2026-08-27T15:50:25.534258Z,11:50:25,2026-08-27T15:50:24Z,NQ_NDX,gex_zero,29536.9,29529.5->29559.47,,,,
2026-08-27T15:51:26.587236Z,11:51:26,2026-08-27T15:51:25Z,ES_SPX,gex_zero,7732.57,7723.04->7723.61,,,,
2026-08-27T15:51:27.035036Z,11:51:27,2026-08-27T15:51:25Z,ES_SPX,gex_full,7732.57,,,,7913.87->7813.87,
2026-08-27T15:51:27.399627Z,11:51:27,2026-08-27T15:51:27Z,ES_SPX,gex_one,7732.54,7711.82->7711.37,,,,
2026-08-27T15:51:27.691599Z,11:51:27,2026-08-27T15:51:27Z,NQ_NDX,gex_zero,29551.84,29559.47->29543.47,,,,29338.65->29343.47
2026-08-27T15:51:28.078389Z,11:51:28,2026-08-27T15:51:27Z,NQ_NDX,gex_full,29551.84,29545.93->29543.47,,,,29663.56->29163.56
2026-08-27T15:52:28.751136Z,11:52:28,2026-08-27T15:52:28Z,ES_SPX,gex_zero,7734.3,7723.61->7722.67,,,,
2026-08-27T15:52:29.098388Z,11:52:29,2026-08-27T15:52:28Z,ES_SPX,gex_full,7734.3,7723.36->7722.67,,,,
2026-08-27T15:52:29.433569Z,11:52:29,2026-08-27T15:52:28Z,ES_SPX,gex_one,7734.3,7711.37->7711.82,,,,
2026-08-27T15:52:29.693647Z,11:52:29,2026-08-27T15:52:29Z,NQ_NDX,gex_zero,29565.16,29543.47->29545.19,,,,
2026-08-27T15:52:30.059444Z,11:52:30,2026-08-27T15:52:29Z,NQ_NDX,gex_full,29565.16,29543.47->29544.55,,,29563.56->29563.73,
2026-08-27T15:53:30.687235Z,11:53:30,2026-08-27T15:53:30Z,ES_SPX,gex_zero,7737.74,7722.67->7723.04,,,,
2026-08-27T15:53:31.399762Z,11:53:31,2026-08-27T15:53:30Z,ES_SPX,gex_one,7737.74,7711.82->7712.25,,,7743.87->7813.87,
2026-08-27T15:53:31.731088Z,11:53:31,2026-08-27T15:53:31Z,NQ_NDX,gex_zero,29587.83,29545.19->29563.05,,,,29343.47->29338.65
2026-08-27T15:53:31.997211Z,11:53:31,2026-08-27T15:53:31Z,NQ_NDX,gex_full,29587.83,29544.55->29589.07,,,29563.73->29563.56,
2026-08-27T15:53:32.327466Z,11:53:32,2026-08-27T15:53:31Z,NQ_NDX,gex_one,29587.83,,29913.56->29863.56,,,
2026-08-27T15:54:32.599734Z,11:54:32,2026-08-27T15:54:32Z,ES_SPX,gex_zero,7738.93,7723.04->7723.36,,,,
2026-08-27T15:54:33.009528Z,11:54:33,2026-08-27T15:54:32Z,ES_SPX,gex_full,7738.93,7722.67->7723.04,,,,
2026-08-27T15:54:33.291821Z,11:54:33,2026-08-27T15:54:32Z,ES_SPX,gex_one,7738.93,7712.25->7711.37,,,,
2026-08-27T15:54:33.627724Z,11:54:33,2026-08-27T15:54:33Z,NQ_NDX,gex_zero,29594.89,29563.05->29528.6,,,,29338.65->29343.28
2026-08-27T15:54:33.947424Z,11:54:33,2026-08-27T15:54:33Z,NQ_NDX,gex_full,29594.89,29589.07->29558.56,,,,
2026-08-27T15:54:34.305795Z,11:54:34,2026-08-27T15:54:33Z,NQ_NDX,gex_one,29594.89,,29863.56->30063.56,,,
2026-08-27T15:55:35.526875Z,11:55:35,2026-08-27T15:55:34Z,ES_SPX,gex_one,7738.88,7711.37->7710.07,,,,7713.87->7663.87
2026-08-27T15:55:35.807393Z,11:55:35,2026-08-27T15:55:34Z,NQ_NDX,gex_zero,29599.87,29528.6->29560.34,,,,29343.28->29343.47
2026-08-27T15:55:36.156077Z,11:55:36,2026-08-27T15:55:36Z,NQ_NDX,gex_full,29599.64,29558.56->29556.79,,,,
2026-08-27T15:56:36.793725Z,11:56:36,2026-08-27T15:56:35Z,ES_SPX,gex_zero,7737.67,7723.36->7723.04,,,,
2026-08-27T15:56:37.094255Z,11:56:37,2026-08-27T15:56:37Z,ES_SPX,gex_full,7737.65,7723.04->7722.67,,,,
2026-08-27T15:56:37.422574Z,11:56:37,2026-08-27T15:56:37Z,ES_SPX,gex_one,7737.65,7710.07->7711.82,,,,7663.87->7713.87
2026-08-27T15:56:37.687032Z,11:56:37,2026-08-27T15:56:36Z,NQ_NDX,gex_zero,29596.27,29560.34->29528.6,,,,
2026-08-27T15:56:38.027392Z,11:56:38,2026-08-27T15:56:38Z,NQ_NDX,gex_full,29594.9,29556.79->29545.19,,,,
2026-08-27T15:57:39.283756Z,11:57:39,2026-08-27T15:57:37Z,ES_SPX,gex_one,7737.39,7711.82->7710.92,,,,7713.87->7663.87
2026-08-27T15:57:39.843185Z,11:57:39,2026-08-27T15:57:39Z,NQ_NDX,gex_full,29593.18,29545.19->29541.92,,,,
2026-08-27T15:58:40.473521Z,11:58:40,2026-08-27T15:58:40Z,ES_SPX,gex_zero,7739.15,7723.04->7723.36,,,,
2026-08-27T15:58:40.857381Z,11:58:40,2026-08-27T15:58:40Z,ES_SPX,gex_full,7739.15,7722.67->7723.04,,,,
2026-08-27T15:58:41.231378Z,11:58:41,2026-08-27T15:58:40Z,ES_SPX,gex_one,7739.15,7710.92->7710.48,,,,7663.87->7713.87
2026-08-27T15:58:41.620537Z,11:58:41,2026-08-27T15:58:40Z,NQ_NDX,gex_zero,29603.0,29528.6->29542.7,,,,
2026-08-27T15:58:41.956289Z,11:58:41,2026-08-27T15:58:42Z,NQ_NDX,gex_full,29602.5,29541.92->29542.7,,,,
2026-08-27T15:59:42.600724Z,11:59:42,2026-08-27T15:59:42Z,ES_SPX,gex_zero,7737.69,7723.36->7723.61,,,,
2026-08-27T15:59:42.946523Z,11:59:42,2026-08-27T15:59:42Z,ES_SPX,gex_full,7737.69,7723.04->7723.36,,,,
2026-08-27T15:59:43.194800Z,11:59:43,2026-08-27T15:59:42Z,ES_SPX,gex_one,7737.69,7710.48->7709.69,,,,7713.87->7663.87
2026-08-27T16:00:44.525290Z,12:00:44,2026-08-27T16:00:43Z,ES_SPX,gex_zero,7738.39,7723.61->7724.75,7743.87->7743.92,7713.87->7713.92,7753.87->7753.92,7728.87->7728.92
2026-08-27T16:00:44.981576Z,12:00:44,2026-08-27T16:00:45Z,ES_SPX,gex_full,7738.32,7723.36->7724.18,7743.87->7743.92,7713.87->7713.92,7813.87->7813.92,7513.87->7513.92
2026-08-27T16:00:45.350619Z,12:00:45,2026-08-27T16:00:45Z,ES_SPX,gex_one,7738.32,7709.69->7709.75,7763.87->7763.92,7688.87->7688.92,7813.87->7813.92,7663.87->7713.92
2026-08-27T16:00:45.790233Z,12:00:45,2026-08-27T16:00:45Z,NQ_NDX,gex_zero,29599.18,29542.7->29542.55,29613.56->29613.42,29463.56->29463.42,29573.56->29573.42,29343.47->29343.32
2026-08-27T16:00:46.060163Z,12:00:46,2026-08-27T16:00:45Z,NQ_NDX,gex_full,29599.18,29542.7->29542.55,29613.56->29613.42,29463.56->29463.42,29563.56->29563.42,29163.56->29163.42
2026-08-27T16:00:46.421647Z,12:00:46,2026-08-27T16:00:45Z,NQ_NDX,gex_one,29599.18,29133.56->29133.42,30063.56->30063.42,29063.56->29063.42,29563.56->29563.42,29238.56->29238.42
2026-08-27T16:01:46.659827Z,12:01:46,2026-08-27T16:01:46Z,ES_SPX,gex_zero,7738.01,7724.75->7724.43,,,,
2026-08-27T16:01:47.857253Z,12:01:47,2026-08-27T16:01:47Z,NQ_NDX,gex_full,29600.94,29542.55->29558.42,,,,
2026-08-27T16:02:48.493763Z,12:02:48,2026-08-27T16:02:49Z,ES_SPX,gex_zero,7739.54,7724.43->7724,,,,
2026-08-27T16:02:49.716757Z,12:02:49,2026-08-27T16:02:49Z,ES_SPX,gex_full,7739.54,7724.18->7723.84,,,,
2026-08-27T16:02:50.055223Z,12:02:50,2026-08-27T16:02:49Z,ES_SPX,gex_one,7739.54,7709.75->7709.43,,,,
2026-08-27T16:02:50.652290Z,12:02:50,2026-08-27T16:02:50Z,NQ_NDX,gex_full,29613.38,29558.42->29542.55,,,,
2026-08-27T16:02:50.900121Z,12:02:50,2026-08-27T16:02:50Z,NQ_NDX,gex_one,29613.38,,30063.42->29913.42,,,
2026-08-27T16:03:51.371140Z,12:03:51,2026-08-27T16:03:50Z,ES_SPX,gex_zero,7740.49,7724->7724.43,,,,
2026-08-27T16:03:51.675675Z,12:03:51,2026-08-27T16:03:52Z,ES_SPX,gex_full,7740.56,7723.84->7724.43,,,,
2026-08-27T16:03:52.094510Z,12:03:52,2026-08-27T16:03:52Z,ES_SPX,gex_one,7740.56,,,,,7713.92->7663.92
2026-08-27T16:03:52.346852Z,12:03:52,2026-08-27T16:03:52Z,NQ_NDX,gex_zero,29619.1,29542.55->29541.77,29613.42->29663.42,,,29343.32->29338.67
2026-08-27T16:03:52.716585Z,12:03:52,2026-08-27T16:03:52Z,NQ_NDX,gex_full,29619.1,29542.55->29513.93,,,,
2026-08-27T16:03:53.047450Z,12:03:53,2026-08-27T16:03:52Z,NQ_NDX,gex_one,29619.1,,29913.42->30063.42,,,
2026-08-27T16:04:53.328649Z,12:04:53,2026-08-27T16:04:51Z,ES_SPX,gex_zero,7740.16,7724.43->7724.75,,,,
2026-08-27T16:04:54.208267Z,12:04:54,2026-08-27T16:04:54Z,NQ_NDX,gex_zero,29614.58,29541.77->29530.23,29663.42->29613.42,,,
2026-08-27T16:04:54.545067Z,12:04:54,2026-08-27T16:04:54Z,NQ_NDX,gex_full,29614.58,29513.93->29558.42,,,,
2026-08-27T16:04:54.917275Z,12:04:54,2026-08-27T16:04:54Z,NQ_NDX,gex_one,29614.58,,30063.42->29913.42,,,
2026-08-27T16:05:55.833292Z,12:05:55,2026-08-27T16:05:55Z,ES_SPX,gex_one,7738.33,7709.43->7709.75,,,,7663.92->7713.92
2026-08-27T16:05:56.074508Z,12:05:56,2026-08-27T16:05:56Z,NQ_NDX,gex_zero,29607.91,29530.23->29537.6,,,,29338.67->29343.32
2026-08-27T16:05:56.372580Z,12:05:56,2026-08-27T16:05:56Z,NQ_NDX,gex_full,29607.91,29558.42->29530.23,,,,
2026-08-27T16:06:57.010470Z,12:06:57,2026-08-27T16:06:56Z,ES_SPX,gex_zero,7737.98,7724.75->7725.12,,,,
2026-08-27T16:06:57.293534Z,12:06:57,2026-08-27T16:06:56Z,ES_SPX,gex_full,7737.98,7724.43->7725.12,,,,
2026-08-27T16:06:58.195481Z,12:06:58,2026-08-27T16:06:57Z,NQ_NDX,gex_full,29606.27,29530.23->29537.23,,,,
2026-08-27T16:07:58.775384Z,12:07:58,2026-08-27T16:07:57Z,ES_SPX,gex_zero,7737.49,7725.12->7724.43,,,,
2026-08-27T16:07:59.123930Z,12:07:59,2026-08-27T16:07:57Z,ES_SPX,gex_full,7737.49,7725.12->7724.18,,,,
2026-08-27T16:08:00.174359Z,12:08:00,2026-08-27T16:08:00Z,NQ_NDX,gex_full,29599.84,29537.23->29531.06,,,,
2026-08-27T16:09:00.807657Z,12:09:00,2026-08-27T16:09:00Z,ES_SPX,gex_zero,7737.13,7724.43->7724.75,,,,
2026-08-27T16:09:01.108717Z,12:09:01,2026-08-27T16:09:00Z,ES_SPX,gex_full,7737.13,7724.18->7724.43,,,,
2026-08-27T16:10:02.667216Z,12:10:02,2026-08-27T16:10:01Z,ES_SPX,gex_zero,7737.1,7724.75->7725.12,,,,
2026-08-27T16:10:03.382366Z,12:10:03,2026-08-27T16:10:03Z,ES_SPX,gex_full,7737.21,7724.43->7725.53,,,,
2026-08-27T16:10:04.604613Z,12:10:04,2026-08-27T16:10:03Z,NQ_NDX,gex_full,29596.51,29531.06->29537.23,,,,
2026-08-27T16:11:05.676603Z,12:11:05,2026-08-27T16:11:04Z,ES_SPX,gex_full,7739.18,7725.53->7725.12,,,,
2026-08-27T16:11:06.715597Z,12:11:06,2026-08-27T16:11:05Z,NQ_NDX,gex_zero,29602.64,29537.6->29537.23,,,,
2026-08-27T16:11:06.971340Z,12:11:06,2026-08-27T16:11:06Z,NQ_NDX,gex_full,29602.61,29537.23->29536.83,,,29563.42->29563.58,
2026-08-27T16:12:07.638638Z,12:12:07,2026-08-27T16:12:07Z,ES_SPX,gex_zero,7737.09,7725.12->7725.97,,,,
2026-08-27T16:12:07.991934Z,12:12:07,2026-08-27T16:12:07Z,ES_SPX,gex_full,7737.09,7725.12->7725.53,,,,
2026-08-27T16:12:08.245442Z,12:12:08,2026-08-27T16:12:07Z,ES_SPX,gex_one,7737.09,,,,,7713.92->7663.92
2026-08-27T16:13:09.596449Z,12:13:09,2026-08-27T16:13:08Z,ES_SPX,gex_zero,7736.98,7725.97->7726.42,,,,
2026-08-27T16:13:10.058716Z,12:13:10,2026-08-27T16:13:09Z,ES_SPX,gex_full,7736.91,7725.53->7725.97,,,,
2026-08-27T16:13:10.411635Z,12:13:10,2026-08-27T16:13:09Z,ES_SPX,gex_one,7736.91,,,,,7663.92->7713.92
2026-08-27T16:13:10.647567Z,12:13:10,2026-08-27T16:13:09Z,NQ_NDX,gex_zero,29587.56,29537.23->29534.65,,,,
2026-08-27T16:13:10.971723Z,12:13:10,2026-08-27T16:13:09Z,NQ_NDX,gex_full,29587.56,29536.83->29563.58,,,,
2026-08-27T16:14:11.582207Z,12:14:11,2026-08-27T16:14:11Z,ES_SPX,gex_zero,7737.2,7726.42->7725.97,,,,
2026-08-27T16:14:12.557267Z,12:14:12,2026-08-27T16:14:11Z,NQ_NDX,gex_zero,29588.47,29534.65->29563.42,,,,
2026-08-27T16:14:12.923483Z,12:14:12,2026-08-27T16:14:13Z,NQ_NDX,gex_full,29588.13,29563.58->29558.42,,,,
2026-08-27T16:15:13.506234Z,12:15:13,2026-08-27T16:15:12Z,ES_SPX,gex_zero,7738.08,7725.97->7725.63,7743.92->7744.02,7713.92->7714.02,7753.92->7754.02,7728.92->7729.02
2026-08-27T16:15:13.906340Z,12:15:13,2026-08-27T16:15:13Z,ES_SPX,gex_full,7737.98,7725.97->7725.63,7743.92->7744.02,7713.92->7714.02,7813.92->7814.02,7513.92->7514.02
2026-08-27T16:15:14.348156Z,12:15:14,2026-08-27T16:15:13Z,ES_SPX,gex_one,7737.98,7709.75->7709.85,7763.92->7764.02,7688.92->7689.02,7813.92->7814.02,7713.92->7714.02
2026-08-27T16:15:14.925852Z,12:15:14,2026-08-27T16:15:14Z,NQ_NDX,gex_zero,29592.58,29563.42->29537.03,29613.42->29614.95,29463.42->29464.95,29573.42->29574.95,29343.32->29344.85
2026-08-27T16:15:15.432724Z,12:15:15,2026-08-27T16:15:14Z,NQ_NDX,gex_full,29592.58,29558.42->29535.04,29613.42->29614.95,29463.42->29464.95,29563.58->29565.11,29163.42->29164.95
2026-08-27T16:15:15.767854Z,12:15:15,2026-08-27T16:15:14Z,NQ_NDX,gex_one,29592.58,29133.42->29134.95,29913.42->29914.95,29063.42->29064.95,29563.42->29564.95,29238.42->29239.95
2026-08-27T16:16:16.269535Z,12:16:16,2026-08-27T16:16:16Z,ES_SPX,gex_zero,7739.1,7725.63->7726.52,,,,
2026-08-27T16:16:16.614815Z,12:16:16,2026-08-27T16:16:16Z,ES_SPX,gex_full,7739.1,7725.63->7726.07,,,,
2026-08-27T16:17:18.580117Z,12:17:18,2026-08-27T16:17:18Z,ES_SPX,gex_full,7739.56,7726.07->7725.22,,,,
2026-08-27T16:17:19.488697Z,12:17:19,2026-08-27T16:17:19Z,NQ_NDX,gex_full,29595.23,29535.04->29559.95,,,,
2026-08-27T16:18:20.035424Z,12:18:20,2026-08-27T16:18:18Z,ES_SPX,gex_zero,7738.38,7726.52->7726.07,,,,
2026-08-27T16:18:20.405602Z,12:18:20,2026-08-27T16:18:20Z,ES_SPX,gex_full,7738.49,7725.22->7725.63,,,,
2026-08-27T16:18:21.296361Z,12:18:21,2026-08-27T16:18:21Z,NQ_NDX,gex_full,29586.17,29559.95->29535.04,,,,
2026-08-27T16:19:22.032815Z,12:19:22,2026-08-27T16:19:21Z,ES_SPX,gex_zero,7738.41,7726.07->7725.22,,,,
2026-08-27T16:19:22.374581Z,12:19:22,2026-08-27T16:19:21Z,ES_SPX,gex_full,7738.41,7725.63->7725.22,,,,
2026-08-27T16:19:22.759339Z,12:19:22,2026-08-27T16:19:22Z,ES_SPX,gex_one,7738.44,,,,,7714.02->7664.02
2026-08-27T16:19:23.262529Z,12:19:23,2026-08-27T16:19:22Z,NQ_NDX,gex_zero,29588.3,29537.03->29561.72,,,,29344.85->29344.95
2026-08-27T16:19:23.627299Z,12:19:23,2026-08-27T16:19:22Z,NQ_NDX,gex_full,29588.3,29535.04->29589.13,,,,
2026-08-27T16:20:24.485013Z,12:20:24,2026-08-27T16:20:23Z,ES_SPX,gex_zero,7737.92,7725.22->7724.85,,,,
2026-08-27T16:20:24.817083Z,12:20:24,2026-08-27T16:20:23Z,ES_SPX,gex_full,7737.92,7725.22->7724.53,,,,
2026-08-27T16:20:25.497765Z,12:20:25,2026-08-27T16:20:25Z,NQ_NDX,gex_zero,29588.93,29561.72->29565.11,,,,
2026-08-27T16:21:26.407046Z,12:21:26,2026-08-27T16:21:26Z,ES_SPX,gex_zero,7736.18,7724.85->7725.22,,,,
2026-08-27T16:21:26.693378Z,12:21:26,2026-08-27T16:21:26Z,ES_SPX,gex_full,7736.18,7724.53->7725.22,,,,
2026-08-27T16:21:27.170881Z,12:21:27,2026-08-27T16:21:26Z,ES_SPX,gex_one,7736.18,,,,7814.02->7744.02,
2026-08-27T16:21:27.524486Z,12:21:27,2026-08-27T16:21:26Z,NQ_NDX,gex_zero,29578.99,29565.11->29565.46,,,,
2026-08-27T16:22:28.493097Z,12:22:28,2026-08-27T16:22:28Z,ES_SPX,gex_zero,7736.7,7725.22->7726.07,,,,
2026-08-27T16:22:28.819249Z,12:22:28,2026-08-27T16:22:28Z,ES_SPX,gex_full,7736.7,7725.22->7725.63,,,,
2026-08-27T16:22:29.087341Z,12:22:29,2026-08-27T16:22:28Z,ES_SPX,gex_one,7736.7,,,,7744.02->7814.02,
2026-08-27T16:22:29.397020Z,12:22:29,2026-08-27T16:22:29Z,NQ_NDX,gex_zero,29582.82,29565.46->29589.95,,,,
2026-08-27T16:22:29.853092Z,12:22:29,2026-08-27T16:22:29Z,NQ_NDX,gex_full,29582.82,29589.13->29562.55,,,,
2026-08-27T16:23:30.547392Z,12:23:30,2026-08-27T16:23:29Z,ES_SPX,gex_zero,7737.63,7726.07->7725.22,,,,
2026-08-27T16:23:30.835685Z,12:23:30,2026-08-27T16:23:31Z,ES_SPX,gex_full,7737.7,7725.63->7724.85,,,,
2026-08-27T16:23:32.021042Z,12:23:32,2026-08-27T16:23:30Z,NQ_NDX,gex_full,29584.31,29562.55->29561.72,,,,
2026-08-27T16:24:33.036040Z,12:24:33,2026-08-27T16:24:32Z,ES_SPX,gex_full,7737.64,7724.85->7725.22,,,,
2026-08-27T16:24:33.301856Z,12:24:33,2026-08-27T16:24:32Z,ES_SPX,gex_one,7737.64,7709.85->7709.53,,,,
2026-08-27T16:24:33.885536Z,12:24:33,2026-08-27T16:24:34Z,NQ_NDX,gex_full,29580.21,29561.72->29562.55,,,,
2026-08-27T16:25:34.621452Z,12:25:34,2026-08-27T16:25:34Z,ES_SPX,gex_zero,7737.37,7725.22->7725.63,,,,
2026-08-27T16:25:35.025547Z,12:25:35,2026-08-27T16:25:34Z,ES_SPX,gex_full,7737.37,7725.22->7725.63,,,,
2026-08-27T16:25:35.369504Z,12:25:35,2026-08-27T16:25:35Z,ES_SPX,gex_one,7737.32,7709.53->7709.85,,,,
2026-08-27T16:25:35.655359Z,12:25:35,2026-08-27T16:25:34Z,NQ_NDX,gex_zero,29580.03,29589.95->29589.86,,,,
2026-08-27T16:26:38.040448Z,12:26:38,2026-08-27T16:26:37Z,NQ_NDX,gex_full,29578.22,29562.55->29589.13,,,,
2026-08-27T16:27:39.105329Z,12:27:39,2026-08-27T16:27:39Z,ES_SPX,gex_full,7738.73,7725.63->7725.22,,,,
2026-08-27T16:27:39.702457Z,12:27:39,2026-08-27T16:27:38Z,NQ_NDX,gex_zero,29585.99,29589.86->29564.95,,,,
2026-08-27T16:27:40.300801Z,12:27:40,2026-08-27T16:27:38Z,NQ_NDX,gex_full,29585.99,29589.13->29560.85,,,,
2026-08-27T16:28:40.945778Z,12:28:40,2026-08-27T16:28:40Z,ES_SPX,gex_zero,7740.83,7725.63->7726.07,,,,
2026-08-27T16:28:41.251027Z,12:28:41,2026-08-27T16:28:40Z,ES_SPX,gex_full,7740.83,7725.22->7725.63,,,,
2026-08-27T16:28:41.616889Z,12:28:41,2026-08-27T16:28:40Z,ES_SPX,gex_one,7740.83,7709.85->7709.53,,,,
2026-08-27T16:28:41.869044Z,12:28:41,2026-08-27T16:28:41Z,NQ_NDX,gex_zero,29605.21,29564.95->29589.86,,,,
2026-08-27T16:28:42.375699Z,12:28:42,2026-08-27T16:28:41Z,NQ_NDX,gex_full,29605.21,29560.85->29566.6,,,29565.11->29567.35,
2026-08-27T16:29:44.016993Z,12:29:44,2026-08-27T16:29:43Z,NQ_NDX,gex_zero,29603.73,29589.86->29569.04,,,,29344.95->29344.67
2026-08-27T16:30:45.148751Z,12:30:45,2026-08-27T16:30:43Z,ES_SPX,gex_zero,7740.3,7726.07->7725.95,7744.02->7743.9,7714.02->7713.9,7754.02->7753.9,7729.02->7728.9
2026-08-27T16:30:45.500120Z,12:30:45,2026-08-27T16:30:45Z,ES_SPX,gex_full,7740.45,7725.63->7725.51,7744.02->7743.9,7714.02->7713.9,7814.02->7813.9,7514.02->7513.9
2026-08-27T16:30:45.909344Z,12:30:45,2026-08-27T16:30:45Z,ES_SPX,gex_one,7740.45,7709.53->7709.41,7764.02->7763.9,7689.02->7688.9,7814.02->7813.9,7664.02->7713.9
2026-08-27T16:30:46.185605Z,12:30:46,2026-08-27T16:30:45Z,NQ_NDX,gex_zero,29601.95,29569.04->29539.27,29614.95->29613.45,29464.95->29463.45,29574.95->29573.45,29344.67->29343.17
2026-08-27T16:30:46.500424Z,12:30:46,2026-08-27T16:30:45Z,NQ_NDX,gex_full,29601.95,29566.6->29535.98,29614.95->29613.45,29464.95->29463.45,29567.35->29565.85,29164.95->29163.45
2026-08-27T16:30:46.804038Z,12:30:46,2026-08-27T16:30:45Z,NQ_NDX,gex_one,29601.95,29134.95->29133.45,29914.95->29913.45,29064.95->29063.45,29564.95->29563.45,29239.95->29238.45
2026-08-27T16:31:47.764334Z,12:31:47,2026-08-27T16:31:47Z,ES_SPX,gex_one,7742.35,7709.41->7709.73,,,,
2026-08-27T16:31:47.996676Z,12:31:47,2026-08-27T16:31:47Z,NQ_NDX,gex_zero,29611.97,29539.27->29533.99,,,,29343.17->29363.45
2026-08-27T16:31:48.329678Z,12:31:48,2026-08-27T16:31:48Z,NQ_NDX,gex_full,29612.04,,,,29565.85->29564.47,
2026-08-27T16:32:48.946246Z,12:32:48,2026-08-27T16:32:48Z,ES_SPX,gex_zero,7742.08,7725.95->7726.4,,,,
2026-08-27T16:32:49.254381Z,12:32:49,2026-08-27T16:32:48Z,ES_SPX,gex_full,7742.08,7725.51->7726.4,,,,
2026-08-27T16:32:49.567384Z,12:32:49,2026-08-27T16:32:49Z,ES_SPX,gex_one,7742.15,7709.73->7709.41,,,,7713.9->7663.9
2026-08-27T16:32:49.916016Z,12:32:49,2026-08-27T16:32:49Z,NQ_NDX,gex_zero,29608.15,29533.99->29534.31,,,,
2026-08-27T16:32:50.257724Z,12:32:50,2026-08-27T16:32:49Z,NQ_NDX,gex_full,29608.15,29535.98->29536.43,,,29564.47->29563.96,
2026-08-27T16:33:51.172723Z,12:33:51,2026-08-27T16:33:50Z,ES_SPX,gex_full,7741.68,7726.4->7725.95,,,,
2026-08-27T16:33:51.495451Z,12:33:51,2026-08-27T16:33:50Z,ES_SPX,gex_one,7741.68,7709.41->7709.73,,,,7663.9->7713.9
2026-08-27T16:33:51.751962Z,12:33:51,2026-08-27T16:33:50Z,NQ_NDX,gex_zero,29606.03,29534.31->29533.3,,,,
2026-08-27T16:33:52.093985Z,12:33:52,2026-08-27T16:33:52Z,NQ_NDX,gex_full,29607.36,29536.43->29535.53,,,29563.96->29563.61,
2026-08-27T16:34:23.583572Z,12:34:23,2026-08-27T16:34:22Z,ES_SPX,gex_zero,7742.32,7726.4->7725.95,,,,
2026-08-27T16:35:54.619820Z,12:35:54,2026-08-27T16:35:54Z,ES_SPX,gex_zero,7743.5,7725.95->7726.4,,,,
2026-08-27T16:35:54.930160Z,12:35:54,2026-08-27T16:35:54Z,ES_SPX,gex_full,7743.5,7725.95->7726.4,,,,
2026-08-27T16:35:55.533428Z,12:35:55,2026-08-27T16:35:54Z,NQ_NDX,gex_zero,29614.34,29533.3->29588.37,,,,29363.45->29340.47
2026-08-27T16:36:56.798455Z,12:36:56,2026-08-27T16:36:55Z,ES_SPX,gex_full,7744.17,7726.4->7725.95,,,,
2026-08-27T16:36:57.344191Z,12:36:57,2026-08-27T16:36:57Z,NQ_NDX,gex_zero,29619.9,29588.37->29533.3,,,,29340.47->29363.45
2026-08-27T16:37:58.395604Z,12:37:58,2026-08-27T16:37:57Z,ES_SPX,gex_zero,7746.21,,7743.9->7743.98,,,
2026-08-27T16:37:58.698328Z,12:37:58,2026-08-27T16:37:58Z,ES_SPX,gex_full,7746.21,7725.95->7726.4,7743.9->7743.98,,,
2026-08-27T16:37:59.004076Z,12:37:59,2026-08-27T16:37:58Z,ES_SPX,gex_one,7746.21,7709.73->7710.1,,,,
2026-08-27T16:37:59.256963Z,12:37:59,2026-08-27T16:37:59Z,NQ_NDX,gex_zero,29632.79,,29613.45->29663.45,,,
2026-08-27T16:39:00.291881Z,12:39:00,2026-08-27T16:38:59Z,ES_SPX,gex_zero,7745.99,7726.4->7726.85,,,,
2026-08-27T16:39:00.711927Z,12:39:00,2026-08-27T16:38:59Z,ES_SPX,gex_full,7745.99,7726.4->7726.85,,,,
2026-08-27T16:39:00.964259Z,12:39:00,2026-08-27T16:38:59Z,ES_SPX,gex_one,7745.99,7710.1->7709.73,,,,7713.9->7663.9
2026-08-27T16:39:01.347130Z,12:39:01,2026-08-27T16:39:01Z,NQ_NDX,gex_zero,29635.01,29533.3->29534.31,,,,
2026-08-27T16:39:01.946420Z,12:39:01,2026-08-27T16:39:01Z,NQ_NDX,gex_full,29635.01,29535.53->29535.98,,,,
2026-08-27T16:40:02.615332Z,12:40:02,2026-08-27T16:40:02Z,ES_SPX,gex_zero,7747.42,,7743.98->7744.16,,,
2026-08-27T16:40:02.911474Z,12:40:02,2026-08-27T16:40:02Z,ES_SPX,gex_full,7747.42,7726.85->7726.4,7743.98->7744.16,,,
2026-08-27T16:40:03.254443Z,12:40:03,2026-08-27T16:40:02Z,ES_SPX,gex_one,7747.42,7709.73->7710.1,,,,
2026-08-27T16:40:03.501401Z,12:40:03,2026-08-27T16:40:03Z,NQ_NDX,gex_zero,29639.26,29534.31->29538.95,,,,
2026-08-27T16:40:03.865882Z,12:40:03,2026-08-27T16:40:04Z,NQ_NDX,gex_full,29638.67,29535.98->29538.95,,,,
2026-08-27T16:40:04.734149Z,12:40:04,2026-08-27T16:40:04Z,NQ_NDX,gex_one,29638.67,,29913.45->30063.45,,,
2026-08-27T16:41:05.292538Z,12:41:05,2026-08-27T16:41:04Z,ES_SPX,gex_full,7747.64,7726.4->7726.85,7744.16->7743.98,,,
2026-08-27T16:41:06.030723Z,12:41:06,2026-08-27T16:41:05Z,NQ_NDX,gex_zero,29643.55,,,,,29363.45->29343.45
2026-08-27T16:41:06.542782Z,12:41:06,2026-08-27T16:41:06Z,NQ_NDX,gex_full,29642.94,,,,29563.61->29565.85,
2026-08-27T16:42:07.088307Z,12:42:07,2026-08-27T16:42:07Z,ES_SPX,gex_zero,7748.06,7726.85->7727.29,7744.16->7744.73,,,
2026-08-27T16:42:07.580498Z,12:42:07,2026-08-27T16:42:07Z,ES_SPX,gex_full,7748.06,,7743.98->7744.41,,,
2026-08-27T16:42:07.887999Z,12:42:07,2026-08-27T16:42:07Z,ES_SPX,gex_one,7748.06,,,,,7663.9->7713.9
2026-08-27T16:42:08.512034Z,12:42:08,2026-08-27T16:42:07Z,NQ_NDX,gex_full,29642.75,,29613.45->29663.45,,,
2026-08-27T16:43:09.126182Z,12:43:09,2026-08-27T16:43:09Z,ES_SPX,gex_zero,7748.32,,7744.73->7748.39,,,
2026-08-27T16:43:09.526392Z,12:43:09,2026-08-27T16:43:09Z,ES_SPX,gex_full,7748.32,7726.85->7727.29,7744.41->7745.95,,,
2026-08-27T16:43:09.827117Z,12:43:09,2026-08-27T16:43:09Z,ES_SPX,gex_one,7748.32,7710.1->7709.73,,,,
2026-08-27T16:43:10.414982Z,12:43:10,2026-08-27T16:43:10Z,NQ_NDX,gex_full,29644.79,,29663.45->29613.45,,,
2026-08-27T16:44:11.067117Z,12:44:11,2026-08-27T16:44:10Z,ES_SPX,gex_zero,7748.21,,7748.39->7748.07,,,
2026-08-27T16:44:11.348153Z,12:44:11,2026-08-27T16:44:10Z,ES_SPX,gex_full,7748.21,7727.29->7726.85,,,,
2026-08-27T16:44:11.678406Z,12:44:11,2026-08-27T16:44:11Z,ES_SPX,gex_one,7748.38,7709.73->7710.1,,,,
2026-08-27T16:44:11.944053Z,12:44:11,2026-08-27T16:44:12Z,NQ_NDX,gex_zero,29643.97,29538.95->29540.92,,,,
2026-08-27T16:44:12.278706Z,12:44:12,2026-08-27T16:44:12Z,NQ_NDX,gex_full,29643.97,29538.95->29540.92,,,,
2026-08-27T16:45:12.888785Z,12:45:12,2026-08-27T16:45:11Z,ES_SPX,gex_zero,7748.79,7727.29->7727.36,7748.07->7744.8,7713.9->7713.97,7753.9->7753.97,7728.9->7728.97
2026-08-27T16:45:13.285389Z,12:45:13,2026-08-27T16:45:13Z,ES_SPX,gex_full,7748.77,7726.85->7727.36,7745.95->7744.8,7713.9->7713.97,7813.9->7813.97,7513.9->7513.97
2026-08-27T16:45:13.622771Z,12:45:13,2026-08-27T16:45:13Z,ES_SPX,gex_one,7748.77,7710.1->7710.17,7763.9->7763.97,7688.9->7688.97,7813.9->7813.97,7713.9->7713.97
2026-08-27T16:45:13.874572Z,12:45:13,2026-08-27T16:45:12Z,NQ_NDX,gex_zero,29645.16,29540.92->29541.59,29663.45->29664.12,29463.45->29464.12,29573.45->29574.12,29343.45->29344.12
2026-08-27T16:45:14.224392Z,12:45:14,2026-08-27T16:45:14Z,NQ_NDX,gex_full,29644.67,29540.92->29541.59,29613.45->29664.12,29463.45->29464.12,29565.85->29570.02,29163.45->29164.12
2026-08-27T16:45:14.694652Z,12:45:14,2026-08-27T16:45:14Z,NQ_NDX,gex_one,29644.67,29133.45->29134.12,30063.45->30064.12,29063.45->29064.12,29563.45->29564.12,29238.45->29239.12
2026-08-27T16:46:14.939515Z,12:46:14,2026-08-27T16:46:14Z,ES_SPX,gex_zero,7750.1,7727.36->7727.77,7744.8->7748.97,,,
2026-08-27T16:46:15.242906Z,12:46:15,2026-08-27T16:46:14Z,ES_SPX,gex_full,7750.1,7727.36->7727.77,7744.8->7748.89,,7813.97->7763.97,
2026-08-27T16:46:15.884120Z,12:46:15,2026-08-27T16:46:15Z,NQ_NDX,gex_zero,29653.78,29541.59->29588.87,,,,
2026-08-27T16:46:16.122942Z,12:46:16,2026-08-27T16:46:15Z,NQ_NDX,gex_full,29653.78,,29664.12->29614.12,,29570.02->29569.12,
2026-08-27T16:47:16.691354Z,12:47:16,2026-08-27T16:47:15Z,ES_SPX,gex_zero,7748.94,7727.77->7727.36,,,,
2026-08-27T16:47:16.976792Z,12:47:16,2026-08-27T16:47:16Z,ES_SPX,gex_full,7749.19,7727.77->7726.92,7748.89->7746.47,,7763.97->7813.97,
2026-08-27T16:47:17.302414Z,12:47:17,2026-08-27T16:47:16Z,ES_SPX,gex_one,7749.19,7710.17->7710.58,,,,
2026-08-27T16:47:18.045279Z,12:47:18,2026-08-27T16:47:16Z,NQ_NDX,gex_full,29648.41,29541.59->29531.76,29614.12->29664.12,,29569.12->29572.47,
2026-08-27T16:48:18.704253Z,12:48:18,2026-08-27T16:48:18Z,ES_SPX,gex_zero,7748.72,,7748.97->7744.8,,,
2026-08-27T16:48:18.978697Z,12:48:18,2026-08-27T16:48:18Z,ES_SPX,gex_full,7748.72,7726.92->7727.36,7746.47->7744.48,,,
2026-08-27T16:48:19.988347Z,12:48:19,2026-08-27T16:48:19Z,NQ_NDX,gex_full,29647.04,29531.76->29532.5,,,,
2026-08-27T16:49:20.576368Z,12:49:20,2026-08-27T16:49:20Z,ES_SPX,gex_zero,7749.74,7727.36->7727.77,7744.8->7748.97,,,
2026-08-27T16:49:20.860560Z,12:49:20,2026-08-27T16:49:20Z,ES_SPX,gex_full,7749.74,,7744.48->7748.97,,7813.97->7763.97,
2026-08-27T16:49:21.542090Z,12:49:21,2026-08-27T16:49:21Z,NQ_NDX,gex_zero,29648.51,,,,,29344.12->29364.12
2026-08-27T16:49:21.783827Z,12:49:21,2026-08-27T16:49:21Z,NQ_NDX,gex_full,29648.51,29532.5->29533.13,29664.12->29614.12,,29572.47->29571.72,
2026-08-27T16:50:22.337980Z,12:50:22,2026-08-27T16:50:22Z,ES_SPX,gex_zero,7749.23,7727.77->7728.15,7748.97->7748.72,,,
2026-08-27T16:50:22.621573Z,12:50:22,2026-08-27T16:50:22Z,ES_SPX,gex_full,7749.23,7727.36->7728.15,7748.97->7746.92,,7763.97->7813.97,
2026-08-27T16:50:23.504135Z,12:50:23,2026-08-27T16:50:22Z,NQ_NDX,gex_full,29646.29,29533.13->29540.31,29614.12->29664.12,,,
2026-08-27T16:51:24.120345Z,12:51:24,2026-08-27T16:51:23Z,ES_SPX,gex_zero,7749.0,,7748.72->7748.97,,,
2026-08-27T16:51:24.439831Z,12:51:24,2026-08-27T16:51:24Z,ES_SPX,gex_full,7749.08,,7746.92->7748.97,,7813.97->7763.97,
2026-08-27T16:51:25.075960Z,12:51:25,2026-08-27T16:51:23Z,NQ_NDX,gex_zero,29641.8,29588.87->29539.94,,,,
2026-08-27T16:51:25.585619Z,12:51:25,2026-08-27T16:51:25Z,NQ_NDX,gex_full,29640.93,29540.31->29539.94,,,29571.72->29566.52,
2026-08-27T16:53:28.434094Z,12:53:28,2026-08-27T16:53:28Z,ES_SPX,gex_zero,7750.42,7728.15->7727.77,,,,
2026-08-27T16:53:28.704423Z,12:53:28,2026-08-27T16:53:28Z,ES_SPX,gex_full,7750.42,7728.15->7727.36,,,,
2026-08-27T16:53:29.264625Z,12:53:29,2026-08-27T16:53:28Z,NQ_NDX,gex_zero,29646.47,29539.94->29531.76,,,,
2026-08-27T16:53:29.612666Z,12:53:29,2026-08-27T16:53:28Z,NQ_NDX,gex_full,29646.47,29539.94->29533.13,,,29566.52->29569.12,
2026-08-27T16:54:30.281920Z,12:54:30,2026-08-27T16:54:30Z,ES_SPX,gex_zero,7751.37,,7748.97->7753.72,,,
2026-08-27T16:54:30.566542Z,12:54:30,2026-08-27T16:54:30Z,ES_SPX,gex_full,7751.37,7727.36->7727.77,7748.97->7753.89,,,
2026-08-27T16:54:31.124021Z,12:54:31,2026-08-27T16:54:29Z,NQ_NDX,gex_zero,29651.49,29531.76->29539.62,,,,
2026-08-27T16:55:32.005592Z,12:55:32,2026-08-27T16:55:31Z,ES_SPX,gex_zero,7750.11,7727.77->7728.46,7753.72->7748.97,,,
2026-08-27T16:55:32.384232Z,12:55:32,2026-08-27T16:55:31Z,ES_SPX,gex_full,7750.11,7727.77->7728.15,7753.89->7748.97,,,
2026-08-27T16:55:32.942004Z,12:55:32,2026-08-27T16:55:32Z,NQ_NDX,gex_zero,29647.32,29539.62->29533.63,,,,
2026-08-27T16:55:33.340961Z,12:55:33,2026-08-27T16:55:32Z,NQ_NDX,gex_full,29647.32,29533.13->29536.21,,,,
2026-08-27T16:56:34.065993Z,12:56:34,2026-08-27T16:56:32Z,ES_SPX,gex_zero,7749.34,7728.46->7728.15,,,,
2026-08-27T16:56:34.343068Z,12:56:34,2026-08-27T16:56:34Z,ES_SPX,gex_full,7749.16,7728.15->7728.46,7748.97->7749.06,,7763.97->7813.97,
2026-08-27T16:56:34.664827Z,12:56:34,2026-08-27T16:56:34Z,ES_SPX,gex_one,7749.16,7710.58->7711.02,,,,
2026-08-27T16:56:34.882074Z,12:56:34,2026-08-27T16:56:33Z,NQ_NDX,gex_zero,29642.75,29533.63->29589.62,,29464.12->29564.12,,
2026-08-27T16:56:35.228176Z,12:56:35,2026-08-27T16:56:33Z,NQ_NDX,gex_full,29642.75,,,,29569.12->29570.02,
2026-08-27T16:57:35.938870Z,12:57:35,2026-08-27T16:57:36Z,ES_SPX,gex_zero,7750.26,7728.15->7728.46,7748.97->7749.23,,,
2026-08-27T16:57:36.261020Z,12:57:36,2026-08-27T16:57:36Z,ES_SPX,gex_full,7750.26,7728.46->7728.15,7749.06->7749.8,,7813.97->7763.97,
2026-08-27T16:57:36.610703Z,12:57:36,2026-08-27T16:57:36Z,ES_SPX,gex_one,7750.26,7711.02->7710.58,,,,
2026-08-27T16:57:37.122110Z,12:57:37,2026-08-27T16:57:36Z,NQ_NDX,gex_zero,29645.12,29589.62->29572.47,,29564.12->29464.12,,
2026-08-27T16:57:37.361682Z,12:57:37,2026-08-27T16:57:36Z,NQ_NDX,gex_full,29645.12,,,,29570.02->29564.29,
2026-08-27T16:58:38.023179Z,12:58:38,2026-08-27T16:58:37Z,ES_SPX,gex_zero,7750.35,7728.46->7727.77,7749.23->7753.72,,,
2026-08-27T16:58:38.374787Z,12:58:38,2026-08-27T16:58:37Z,ES_SPX,gex_full,7750.35,7728.15->7727.36,7749.8->7753.72,,,
2026-08-27T16:58:38.717909Z,12:58:38,2026-08-27T16:58:38Z,ES_SPX,gex_one,7750.36,7710.58->7711.02,,,,
2026-08-27T16:58:39.063379Z,12:58:39,2026-08-27T16:58:38Z,NQ_NDX,gex_zero,29645.73,29572.47->29533.97,,,,
2026-08-27T16:59:39.948374Z,12:59:39,2026-08-27T16:59:39Z,ES_SPX,gex_zero,7750.76,7727.77->7728.15,7753.72->7753.46,,,
2026-08-27T16:59:40.298290Z,12:59:40,2026-08-27T16:59:39Z,ES_SPX,gex_full,7750.76,7727.36->7727.77,7753.72->7753.46,,,
2026-08-27T16:59:40.965289Z,12:59:40,2026-08-27T16:59:40Z,NQ_NDX,gex_zero,29647.01,29533.97->29574.64,,29464.12->29564.12,,
2026-08-27T17:00:41.901832Z,13:00:41,2026-08-27T17:00:41Z,ES_SPX,gex_zero,7751.95,7728.15->7727.85,7753.46->7754.05,7713.97->7714.05,7753.97->7754.05,7728.97->7729.05
2026-08-27T17:00:42.272758Z,13:00:42,2026-08-27T17:00:41Z,ES_SPX,gex_full,7751.95,7727.77->7727.85,7753.46->7754.05,7713.97->7714.05,7763.97->7764.05,7513.97->7514.05
2026-08-27T17:00:42.638732Z,13:00:42,2026-08-27T17:00:41Z,ES_SPX,gex_one,7751.95,7711.02->7711.1,7763.97->7764.05,7688.97->7689.05,7813.97->7814.05,7713.97->7714.05
2026-08-27T17:00:43.101905Z,13:00:43,2026-08-27T17:00:41Z,NQ_NDX,gex_zero,29652.42,29574.64->29575.59,29664.12->29665.43,29564.12->29565.43,29574.12->29575.43,29364.12->29365.43
2026-08-27T17:00:43.380102Z,13:00:43,2026-08-27T17:00:43Z,NQ_NDX,gex_full,29652.44,29536.21->29537.51,29664.12->29665.43,29464.12->29465.43,29564.29->29565.59,29164.12->29165.43
2026-08-27T17:00:43.698134Z,13:00:43,2026-08-27T17:00:43Z,NQ_NDX,gex_one,29652.44,29134.12->29135.43,30064.12->30065.43,29064.12->29065.43,29564.12->29565.43,29239.12->29240.43
2026-08-27T17:01:44.321787Z,13:01:44,2026-08-27T17:01:44Z,ES_SPX,gex_full,7752.66,7727.85->7727.44,,,,
2026-08-27T17:01:45.074201Z,13:01:45,2026-08-27T17:01:44Z,NQ_NDX,gex_zero,29658.68,29575.59->29574.91,,,,
2026-08-27T17:01:45.669889Z,13:01:45,2026-08-27T17:01:45Z,NQ_NDX,gex_one,29659.72,29135.43->29690.43,,29065.43->29555.43,,
2026-08-27T17:02:46.030447Z,13:02:46,2026-08-27T17:02:45Z,ES_SPX,gex_zero,7752.67,7727.85->7728.54,,,,
2026-08-27T17:02:46.367456Z,13:02:46,2026-08-27T17:02:45Z,ES_SPX,gex_full,7752.67,7727.44->7728.22,,,,
2026-08-27T17:02:46.981940Z,13:02:46,2026-08-27T17:02:46Z,NQ_NDX,gex_zero,29663.41,29574.91->29533.06,,29565.43->29465.43,,29365.43->29345.43
2026-08-27T17:02:47.266614Z,13:02:47,2026-08-27T17:02:46Z,NQ_NDX,gex_full,29663.41,29537.51->29572.2,,,,
2026-08-27T17:02:47.582082Z,13:02:47,2026-08-27T17:02:46Z,NQ_NDX,gex_one,29663.41,,,29555.43->29365.43,,
2026-08-27T17:03:47.917149Z,13:03:47,2026-08-27T17:03:46Z,ES_SPX,gex_zero,7752.51,7728.54->7727.85,,,,
2026-08-27T17:03:48.322457Z,13:03:48,2026-08-27T17:03:48Z,ES_SPX,gex_full,7752.48,7728.22->7727.85,,,,
2026-08-27T17:03:48.894500Z,13:03:48,2026-08-27T17:03:47Z,NQ_NDX,gex_zero,29660.75,29533.06->29575.94,,29465.43->29565.43,,
2026-08-27T17:03:49.117098Z,13:03:49,2026-08-27T17:03:47Z,NQ_NDX,gex_full,29660.75,29572.2->29534.94,,,29565.59->29340.43,
2026-08-27T17:04:49.839750Z,13:04:49,2026-08-27T17:04:49Z,ES_SPX,gex_zero,7752.32,7727.85->7728.54,,,,
2026-08-27T17:04:50.183053Z,13:04:50,2026-08-27T17:04:49Z,ES_SPX,gex_full,7752.32,7727.85->7728.54,,,,
2026-08-27T17:04:50.754019Z,13:04:50,2026-08-27T17:04:50Z,NQ_NDX,gex_zero,29664.53,29575.94->29590.93,,,,
2026-08-27T17:05:51.635958Z,13:05:51,2026-08-27T17:05:50Z,ES_SPX,gex_zero,7751.22,7728.54->7729.05,,,,
2026-08-27T17:05:51.976160Z,13:05:51,2026-08-27T17:05:50Z,ES_SPX,gex_full,7751.22,7728.54->7728.79,,,,
2026-08-27T17:05:52.221752Z,13:05:52,2026-08-27T17:05:52Z,ES_SPX,gex_one,7751.08,7711.1->7724.05,,,,
2026-08-27T17:05:52.555961Z,13:05:52,2026-08-27T17:05:52Z,NQ_NDX,gex_zero,29657.71,29590.93->29575.94,,,,
2026-08-27T17:06:53.350700Z,13:06:53,2026-08-27T17:06:52Z,ES_SPX,gex_zero,7749.74,7729.05->7728.97,7754.05->7753.79,,,
2026-08-27T17:06:53.619881Z,13:06:53,2026-08-27T17:06:52Z,ES_SPX,gex_full,7749.74,,7754.05->7753.79,,,
2026-08-27T17:06:54.186814Z,13:06:54,2026-08-27T17:06:53Z,NQ_NDX,gex_zero,29651.43,,,,,29345.43->29365.43
2026-08-27T17:06:54.731375Z,13:06:54,2026-08-27T17:06:54Z,NQ_NDX,gex_one,29651.12,29690.43->29135.43,,29365.43->29065.43,,
2026-08-27T17:07:55.081101Z,13:07:55,2026-08-27T17:07:55Z,ES_SPX,gex_zero,7750.23,7728.97->7728.79,,,,
2026-08-27T17:07:55.412021Z,13:07:55,2026-08-27T17:07:55Z,ES_SPX,gex_full,7750.23,7728.79->7728.54,,,,
2026-08-27T17:07:55.740621Z,13:07:55,2026-08-27T17:07:55Z,ES_SPX,gex_one,7750.23,7724.05->7724.56,,7689.05->7654.05,,
2026-08-27T17:07:56.008169Z,13:07:56,2026-08-27T17:07:55Z,NQ_NDX,gex_zero,29653.62,29575.94->29533.8,,29565.43->29465.43,,
2026-08-27T17:07:56.319853Z,13:07:56,2026-08-27T17:07:55Z,NQ_NDX,gex_full,29653.62,,,,29340.43->29565.43,
2026-08-27T17:08:56.908008Z,13:08:56,2026-08-27T17:08:56Z,ES_SPX,gex_zero,7753.39,7728.79->7728.54,7753.79->7754.05,,,
2026-08-27T17:08:57.644451Z,13:08:57,2026-08-27T17:09:00Z,ES_SPX,gex_full,7753.4,7728.54->7728.22,7753.79->7754.05,,,
2026-08-27T17:09:01.374368Z,13:09:01,2026-08-27T17:09:01Z,ES_SPX,gex_one,7753.05,7724.56->7724.3,,,,
2026-08-27T17:09:01.622488Z,13:09:01,2026-08-27T17:09:02Z,NQ_NDX,gex_zero,29661.58,29533.8->29540.68,,,,
2026-08-27T17:09:05.398746Z,13:09:05,2026-08-27T17:09:04Z,NQ_NDX,gex_full,29661.22,29534.94->29534.44,,,,
2026-08-27T17:09:05.636946Z,13:09:05,2026-08-27T17:09:05Z,NQ_NDX,gex_one,29661.2,29135.43->29940.43,,29065.43->29365.43,,
2026-08-27T17:10:05.926801Z,13:10:05,2026-08-27T17:10:04Z,ES_SPX,gex_zero,7754.27,7728.54->7728.22,,,,
2026-08-27T17:10:06.863692Z,13:10:06,2026-08-27T17:10:06Z,NQ_NDX,gex_zero,29668.1,29540.68->29590.93,,,,
2026-08-27T17:11:07.800820Z,13:11:07,2026-08-27T17:11:06Z,ES_SPX,gex_zero,7754.44,7728.22->7728.54,,,,
2026-08-27T17:11:08.391633Z,13:11:08,2026-08-27T17:11:08Z,ES_SPX,gex_one,7754.46,7724.3->7723.97,,,,
2026-08-27T17:11:08.740530Z,13:11:08,2026-08-27T17:11:08Z,NQ_NDX,gex_zero,29671.51,29590.93->29575.43,,,,
2026-08-27T17:11:09.306142Z,13:11:09,2026-08-27T17:11:08Z,NQ_NDX,gex_one,29671.51,,,,,29240.43->29240.34
2026-08-27T17:12:10.592476Z,13:12:10,2026-08-27T17:12:09Z,NQ_NDX,gex_zero,29670.44,29575.43->29575.59,,,,
2026-08-27T17:13:11.529000Z,13:13:11,2026-08-27T17:13:11Z,ES_SPX,gex_zero,7754.68,7728.54->7730.66,,,,
2026-08-27T17:13:11.908286Z,13:13:11,2026-08-27T17:13:11Z,ES_SPX,gex_full,7754.68,7728.22->7730.25,,,,
2026-08-27T17:13:12.147232Z,13:13:12,2026-08-27T17:13:11Z,ES_SPX,gex_one,7754.68,7723.97->7724.05,,,,
2026-08-27T17:13:12.738661Z,13:13:12,2026-08-27T17:13:12Z,NQ_NDX,gex_full,29672.93,29534.44->29541.61,,,,
2026-08-27T17:14:13.405174Z,13:14:13,2026-08-27T17:14:13Z,ES_SPX,gex_zero,7753.1,7730.66->7729.56,,,,
2026-08-27T17:14:13.755620Z,13:14:13,2026-08-27T17:14:13Z,ES_SPX,gex_full,7753.1,7730.25->7729.3,,,,
2026-08-27T17:14:14.510418Z,13:14:14,2026-08-27T17:14:13Z,NQ_NDX,gex_zero,29667.13,,,29465.43->29565.43,,
2026-08-27T17:14:14.786767Z,13:14:14,2026-08-27T17:14:13Z,NQ_NDX,gex_full,29667.13,29541.61->29533.8,,,29565.43->29340.43,
2026-08-27T17:15:15.364079Z,13:15:15,2026-08-27T17:15:14Z,ES_SPX,gex_zero,7753.66,7729.56->7727.37,7754.05->7753.98,7714.05->7713.98,7754.05->7753.98,7729.05->7728.98
2026-08-27T17:15:15.728405Z,13:15:15,2026-08-27T17:15:14Z,ES_SPX,gex_full,7753.66,7729.3->7726.93,7754.05->7753.98,7714.05->7713.98,7764.05->7763.98,7514.05->7513.98
2026-08-27T17:15:16.150064Z,13:15:16,2026-08-27T17:15:15Z,ES_SPX,gex_one,7753.64,7724.05->7723.9,7764.05->7763.98,7654.05->7653.98,7814.05->7813.98,7714.05->7713.98
2026-08-27T17:15:16.386429Z,13:15:16,2026-08-27T17:15:15Z,NQ_NDX,gex_zero,29671.04,29575.59->29575.63,29665.43->29665.63,29565.43->29465.63,29575.43->29575.63,29365.43->29365.63
2026-08-27T17:15:16.665825Z,13:15:16,2026-08-27T17:15:16Z,NQ_NDX,gex_full,29671.33,29533.8->29534.01,29665.43->29665.63,29465.43->29465.63,29340.43->29340.63,29165.43->29165.63
2026-08-27T17:15:16.925591Z,13:15:16,2026-08-27T17:15:16Z,NQ_NDX,gex_one,29671.33,29940.43->29940.63,30065.43->30065.63,29365.43->29365.63,29565.43->29565.63,29240.34->29240.55
2026-08-27T17:16:17.237925Z,13:16:17,2026-08-27T17:16:16Z,ES_SPX,gex_zero,7753.49,7727.37->7728.47,,,,
2026-08-27T17:16:17.836911Z,13:16:17,2026-08-27T17:16:18Z,ES_SPX,gex_full,7753.39,7726.93->7728.47,,,,
2026-08-27T17:16:20.051729Z,13:16:20,2026-08-27T17:16:22Z,NQ_NDX,gex_full,29668.42,29534.01->29573.97,,,,
2026-08-27T17:17:25.815082Z,13:17:25,2026-08-27T17:17:24Z,ES_SPX,gex_zero,7752.86,7728.47->7728.73,,,,
2026-08-27T17:17:26.486376Z,13:17:26,2026-08-27T17:17:26Z,ES_SPX,gex_one,7752.98,7723.9->7723.73,,,,
2026-08-27T17:17:26.834927Z,13:17:26,2026-08-27T17:17:26Z,NQ_NDX,gex_zero,29666.81,,,29465.63->29565.63,,
2026-08-27T17:17:27.157350Z,13:17:27,2026-08-27T17:17:26Z,NQ_NDX,gex_full,29666.81,29573.97->29534.01,,,,
2026-08-27T17:18:28.389253Z,13:18:28,2026-08-27T17:18:27Z,ES_SPX,gex_one,7752.28,7723.73->7724.49,,,,
2026-08-27T17:18:28.719024Z,13:18:28,2026-08-27T17:18:28Z,NQ_NDX,gex_zero,29660.3,29575.63->29576.65,,,,
2026-08-27T17:18:29.124800Z,13:18:29,2026-08-27T17:18:28Z,NQ_NDX,gex_full,29660.3,29534.01->29541.44,,,,
2026-08-27T17:19:29.820913Z,13:19:29,2026-08-27T17:19:29Z,ES_SPX,gex_zero,7753.5,7728.73->7727.37,,,,
2026-08-27T17:19:30.112831Z,13:19:30,2026-08-27T17:19:29Z,ES_SPX,gex_full,7753.5,7728.47->7726.93,,,,
2026-08-27T17:19:30.707105Z,13:19:30,2026-08-27T17:19:30Z,NQ_NDX,gex_zero,29667.08,29576.65->29588.61,,,,
2026-08-27T17:20:31.607317Z,13:20:31,2026-08-27T17:20:30Z,ES_SPX,gex_zero,7753.07,7727.37->7728.15,,,,
2026-08-27T17:20:31.969942Z,13:20:31,2026-08-27T17:20:32Z,ES_SPX,gex_full,7752.98,7726.93->7727.78,,,,
2026-08-27T17:21:33.407276Z,13:21:33,2026-08-27T17:21:33Z,ES_SPX,gex_zero,7752.7,7728.15->7728.73,,,,
2026-08-27T17:21:33.794417Z,13:21:33,2026-08-27T17:21:33Z,ES_SPX,gex_full,7752.7,7727.78->7728.47,,,,
2026-08-27T17:22:35.220180Z,13:22:35,2026-08-27T17:22:34Z,ES_SPX,gex_zero,7753.01,7728.73->7730.18,,,,
2026-08-27T17:22:35.578635Z,13:22:35,2026-08-27T17:22:34Z,ES_SPX,gex_full,7753.01,7728.47->7729.81,,,7763.98->7753.98,
2026-08-27T17:22:35.839429Z,13:22:35,2026-08-27T17:22:34Z,ES_SPX,gex_one,7753.01,7724.49->7724.81,,,,
2026-08-27T17:22:36.503989Z,13:22:36,2026-08-27T17:22:36Z,NQ_NDX,gex_full,29666.38,29541.44->29535.14,,,,
2026-08-27T17:23:37.117282Z,13:23:37,2026-08-27T17:23:36Z,ES_SPX,gex_zero,7753.38,7730.18->7728.47,,,,
2026-08-27T17:23:37.439301Z,13:23:37,2026-08-27T17:23:36Z,ES_SPX,gex_full,7753.38,7729.81->7728.15,,,7753.98->7763.98,
2026-08-27T17:23:38.210039Z,13:23:38,2026-08-27T17:23:38Z,NQ_NDX,gex_full,29670.82,29535.14->29592.65,,29465.63->29590.63,,
2026-08-27T17:24:38.812145Z,13:24:38,2026-08-27T17:24:38Z,ES_SPX,gex_zero,7754.01,7728.47->7728.73,,,,
2026-08-27T17:24:39.188412Z,13:24:39,2026-08-27T17:24:38Z,ES_SPX,gex_full,7754.01,7728.15->7728.47,,,,
2026-08-27T17:24:39.447318Z,13:24:39,2026-08-27T17:24:38Z,ES_SPX,gex_one,7754.01,7724.81->7711.93,,,,
2026-08-27T17:25:17.410877Z,13:25:17,2026-08-27T17:25:16Z,ES_SPX,gex_zero,7752.74,7728.73->7729.06,,,,
2026-08-27T17:25:40.931409Z,13:25:40,2026-08-27T17:25:40Z,ES_SPX,gex_zero,7752.11,7729.06->7730.18,,,,
2026-08-27T17:25:41.304330Z,13:25:41,2026-08-27T17:25:40Z,ES_SPX,gex_full,7752.11,7728.47->7729.81,,,7763.98->7753.98,
2026-08-27T17:25:41.634665Z,13:25:41,2026-08-27T17:25:41Z,ES_SPX,gex_one,7752.17,7711.93->7712.37,,,,
2026-08-27T17:26:42.823642Z,13:26:42,2026-08-27T17:26:42Z,ES_SPX,gex_zero,7751.1,7730.18->7729.24,,,,
2026-08-27T17:26:43.221730Z,13:26:43,2026-08-27T17:26:42Z,ES_SPX,gex_full,7751.1,7729.81->7729.06,,,,
2026-08-27T17:26:43.519972Z,13:26:43,2026-08-27T17:26:42Z,ES_SPX,gex_one,7751.1,7712.37->7724.49,,,,
2026-08-27T17:26:43.779412Z,13:26:43,2026-08-27T17:26:43Z,NQ_NDX,gex_zero,29652.46,29588.61->29578.04,,,,
2026-08-27T17:26:44.136622Z,13:26:44,2026-08-27T17:26:43Z,NQ_NDX,gex_full,29652.46,29592.65->29576.65,,29590.63->29565.63,,
2026-08-27T17:27:44.768927Z,13:27:44,2026-08-27T17:27:45Z,ES_SPX,gex_zero,7750.19,7729.24->7729.06,,,,
2026-08-27T17:27:45.102768Z,13:27:45,2026-08-27T17:27:45Z,ES_SPX,gex_full,7750.19,7729.06->7728.73,,,,
2026-08-27T17:27:45.450246Z,13:27:45,2026-08-27T17:27:45Z,ES_SPX,gex_one,7750.19,7724.49->7723.47,,,,
2026-08-27T17:27:46.030274Z,13:27:46,2026-08-27T17:27:46Z,NQ_NDX,gex_full,29643.54,29576.65->29577.3,,,,
2026-08-27T17:28:46.687385Z,13:28:46,2026-08-27T17:28:46Z,ES_SPX,gex_zero,7750.57,7729.06->7728.15,,,,
2026-08-27T17:28:46.994679Z,13:28:46,2026-08-27T17:28:46Z,ES_SPX,gex_full,7750.57,7728.73->7727.78,,,,
2026-08-27T17:28:47.319319Z,13:28:47,2026-08-27T17:28:46Z,ES_SPX,gex_one,7750.57,7723.47->7712.78,,,,
2026-08-27T17:28:47.561055Z,13:28:47,2026-08-27T17:28:47Z,NQ_NDX,gex_zero,29646.97,29578.04->29587.71,,,,
2026-08-27T17:29:48.489644Z,13:29:48,2026-08-27T17:29:47Z,ES_SPX,gex_zero,7748.94,7728.15->7730.59,,,,
2026-08-27T17:29:48.829589Z,13:29:48,2026-08-27T17:29:47Z,ES_SPX,gex_full,7748.94,7727.78->7730.18,,,,
2026-08-27T17:29:49.119165Z,13:29:49,2026-08-27T17:29:49Z,ES_SPX,gex_one,7748.9,7712.78->7725.18,,,,
2026-08-27T17:29:49.774711Z,13:29:49,2026-08-27T17:29:49Z,NQ_NDX,gex_full,29640.5,29577.3->29578.04,,,,
2026-08-27T17:30:50.365166Z,13:30:50,2026-08-27T17:30:50Z,ES_SPX,gex_zero,7750.22,7730.59->7727.74,7753.98->7753.94,7713.98->7713.94,7753.98->7753.94,7728.98->7728.94
2026-08-27T17:30:50.812924Z,13:30:50,2026-08-27T17:30:52Z,ES_SPX,gex_full,7750.14,7730.18->7728.85,7753.98->7753.94,7713.98->7713.94,7753.98->7753.94,7513.98->7513.94
2026-08-27T17:30:52.949287Z,13:30:52,2026-08-27T17:30:52Z,ES_SPX,gex_one,7750.14,7725.18->7713.11,7763.98->7763.94,7653.98->7653.94,7813.98->7813.94,7713.98->7713.94
2026-08-27T17:30:53.300906Z,13:30:53,2026-08-27T17:30:52Z,NQ_NDX,gex_zero,29644.96,29587.71->29580.21,29665.63->29665.18,29565.63->29565.18,29575.63->29575.18,29365.63->29365.18
2026-08-27T17:30:53.619166Z,13:30:53,2026-08-27T17:30:53Z,NQ_NDX,gex_full,29645.57,29578.04->29578.43,29665.63->29665.18,29565.63->29565.18,29340.63->29340.18,29165.63->29165.18
2026-08-27T17:30:53.889002Z,13:30:53,2026-08-27T17:30:53Z,NQ_NDX,gex_one,29645.57,29940.63->29940.18,30065.63->30065.18,29365.63->29365.18,29565.63->29565.18,29240.55->29240.1
2026-08-27T17:31:54.712408Z,13:31:54,2026-08-27T17:31:54Z,ES_SPX,gex_zero,7749.46,7727.74->7729.76,,,,
2026-08-27T17:31:55.090516Z,13:31:55,2026-08-27T17:31:54Z,ES_SPX,gex_full,7749.46,7728.85->7729.45,,,,
2026-08-27T17:31:55.416172Z,13:31:55,2026-08-27T17:31:54Z,ES_SPX,gex_one,7749.46,7713.11->7713.43,,,,
2026-08-27T17:31:56.040750Z,13:31:56,2026-08-27T17:31:55Z,NQ_NDX,gex_full,29640.44,,,,29340.18->29565.18,
2026-08-27T17:32:56.650055Z,13:32:56,2026-08-27T17:32:56Z,ES_SPX,gex_zero,7751.86,7729.76->7728.11,,,,
2026-08-27T17:32:57.006429Z,13:32:57,2026-08-27T17:32:56Z,ES_SPX,gex_full,7751.86,7729.45->7728.11,,,,
2026-08-27T17:32:57.356006Z,13:32:57,2026-08-27T17:32:56Z,ES_SPX,gex_one,7751.86,7713.43->7725.14,,,,
2026-08-27T17:32:57.599703Z,13:32:57,2026-08-27T17:32:57Z,NQ_NDX,gex_zero,29654.72,29580.21->29579.31,,,29575.18->29665.18,
2026-08-27T17:32:57.949040Z,13:32:57,2026-08-27T17:32:57Z,NQ_NDX,gex_full,29654.72,29578.43->29592.21,,29565.18->29590.18,,
2026-08-27T17:33:58.572256Z,13:33:58,2026-08-27T17:33:57Z,ES_SPX,gex_zero,7751.84,7728.11->7729.45,,,,
2026-08-27T17:33:58.902984Z,13:33:58,2026-08-27T17:33:57Z,ES_SPX,gex_full,7751.84,7728.11->7729.02,,,,
2026-08-27T17:33:59.242692Z,13:33:59,2026-08-27T17:33:59Z,ES_SPX,gex_one,7751.6,7725.14->7712.74,,,,
2026-08-27T17:33:59.515497Z,13:33:59,2026-08-27T17:33:58Z,NQ_NDX,gex_zero,29654.76,29579.31->29578.43,,,,
2026-08-27T17:35:00.394109Z,13:35:00,2026-08-27T17:34:59Z,ES_SPX,gex_zero,7749.34,7729.45->7731.44,,,,
2026-08-27T17:35:00.805332Z,13:35:00,2026-08-27T17:35:01Z,ES_SPX,gex_full,7749.42,7729.02->7730.99,,,,
2026-08-27T17:35:01.090509Z,13:35:01,2026-08-27T17:35:01Z,ES_SPX,gex_one,7749.42,7712.74->7713.43,,,,
2026-08-27T17:35:01.722998Z,13:35:01,2026-08-27T17:35:02Z,NQ_NDX,gex_full,29640.9,29592.21->29576.85,,29590.18->29565.18,,
2026-08-27T17:36:02.329970Z,13:36:02,2026-08-27T17:36:02Z,ES_SPX,gex_zero,7750.45,7731.44->7729.76,,,,
2026-08-27T17:36:02.722516Z,13:36:02,2026-08-27T17:36:02Z,ES_SPX,gex_full,7750.45,7730.99->7729.45,,,,
2026-08-27T17:36:03.055506Z,13:36:03,2026-08-27T17:36:02Z,ES_SPX,gex_one,7750.45,7713.43->7725.14,,,,
2026-08-27T17:36:03.334059Z,13:36:03,2026-08-27T17:36:02Z,NQ_NDX,gex_zero,29645.57,29578.43->29586.83,,,29665.18->29575.18,
2026-08-27T17:36:03.651092Z,13:36:03,2026-08-27T17:36:02Z,NQ_NDX,gex_full,29645.57,29576.85->29573.53,,,29565.18->29565.69,
2026-08-27T17:37:04.298961Z,13:37:04,2026-08-27T17:37:03Z,ES_SPX,gex_zero,7750.6,7729.76->7730.99,,,,
2026-08-27T17:37:04.763907Z,13:37:04,2026-08-27T17:37:05Z,ES_SPX,gex_full,7750.79,7729.45->7730.99,,,,
2026-08-27T17:37:05.121202Z,13:37:05,2026-08-27T17:37:05Z,ES_SPX,gex_one,7750.79,7725.14->7712.74,,,,
2026-08-27T17:37:05.468560Z,13:37:05,2026-08-27T17:37:05Z,NQ_NDX,gex_zero,29646.52,29586.83->29577.6,,,,
2026-08-27T17:37:05.811594Z,13:37:05,2026-08-27T17:37:05Z,NQ_NDX,gex_full,29646.52,29573.53->29576.21,,,29565.69->29565.35,
2026-08-27T17:38:06.659983Z,13:38:06,2026-08-27T17:38:05Z,ES_SPX,gex_zero,7750.13,7730.99->7729.19,,,,
2026-08-27T17:38:07.008391Z,13:38:07,2026-08-27T17:38:07Z,ES_SPX,gex_full,7750.01,7730.99->7728.85,,,,
2026-08-27T17:38:07.444787Z,13:38:07,2026-08-27T17:38:07Z,ES_SPX,gex_one,7750.01,7712.74->7725.14,,,,
2026-08-27T17:38:07.745157Z,13:38:07,2026-08-27T17:38:06Z,NQ_NDX,gex_zero,29642.03,29577.6->29591.77,,,,
2026-08-27T17:39:08.747560Z,13:39:08,2026-08-27T17:39:08Z,ES_SPX,gex_zero,7749.18,7729.19->7731.44,,,,
2026-08-27T17:39:09.119401Z,13:39:09,2026-08-27T17:39:08Z,ES_SPX,gex_full,7749.18,7728.85->7730.99,,,,
2026-08-27T17:39:09.388072Z,13:39:09,2026-08-27T17:39:09Z,ES_SPX,gex_one,7749.31,7725.14->7722.74,,,,7713.94->7663.94
2026-08-27T17:40:10.707225Z,13:40:10,2026-08-27T17:40:10Z,ES_SPX,gex_zero,7749.11,7731.44->7733.85,,7713.94->7723.94,,
2026-08-27T17:40:11.061049Z,13:40:11,2026-08-27T17:40:10Z,ES_SPX,gex_full,7749.11,7730.99->7733.43,,7713.94->7723.94,,
2026-08-27T17:40:11.310830Z,13:40:11,2026-08-27T17:40:10Z,ES_SPX,gex_one,7749.11,7722.74->7725.14,,,,
2026-08-27T17:40:11.676960Z,13:40:11,2026-08-27T17:40:12Z,NQ_NDX,gex_zero,29633.48,29591.77->29577.6,,,,
2026-08-27T17:40:12.116558Z,13:40:12,2026-08-27T17:40:12Z,NQ_NDX,gex_full,29633.48,29576.21->29592.21,,29565.18->29590.18,,
2026-08-27T17:41:12.771634Z,13:41:12,2026-08-27T17:41:12Z,ES_SPX,gex_zero,7749.81,7733.85->7731.44,,7723.94->7713.94,,
2026-08-27T17:41:13.090689Z,13:41:13,2026-08-27T17:41:12Z,ES_SPX,gex_full,7749.81,7733.43->7731.44,,7723.94->7713.94,,
2026-08-27T17:41:14.158661Z,13:41:14,2026-08-27T17:41:13Z,NQ_NDX,gex_full,29640.43,29592.21->29586.42,,29590.18->29565.18,,
2026-08-27T17:42:14.726045Z,13:42:14,2026-08-27T17:42:14Z,ES_SPX,gex_zero,7750.11,7731.44->7730.99,,,,
2026-08-27T17:42:15.010966Z,13:42:15,2026-08-27T17:42:14Z,ES_SPX,gex_full,7750.11,7731.44->7730.55,,,,
2026-08-27T17:42:16.203808Z,13:42:16,2026-08-27T17:42:16Z,NQ_NDX,gex_full,29640.88,29586.42->29592.21,,29565.18->29590.18,,
2026-08-27T17:43:16.839475Z,13:43:16,2026-08-27T17:43:15Z,ES_SPX,gex_zero,7750.4,7730.99->7730.14,,,,
2026-08-27T17:43:17.226924Z,13:43:17,2026-08-27T17:43:17Z,ES_SPX,gex_full,7750.33,7730.55->7729.76,,,,
2026-08-27T17:43:17.547851Z,13:43:17,2026-08-27T17:43:17Z,ES_SPX,gex_one,7750.33,,,,,7663.94->7713.94
2026-08-27T17:44:18.720566Z,13:44:18,2026-08-27T17:44:18Z,ES_SPX,gex_zero,7751.19,7730.14->7734.02,,,,
2026-08-27T17:44:19.086920Z,13:44:19,2026-08-27T17:44:18Z,ES_SPX,gex_full,7751.19,7729.76->7733.85,,,,
2026-08-27T17:44:19.312432Z,13:44:19,2026-08-27T17:44:18Z,ES_SPX,gex_one,7751.19,7725.14->7722.74,,,,
2026-08-27T17:44:19.631886Z,13:44:19,2026-08-27T17:44:18Z,NQ_NDX,gex_zero,29649.13,29577.6->29576.21,,,,
2026-08-27T17:45:20.543375Z,13:45:20,2026-08-27T17:45:20Z,ES_SPX,gex_zero,7748.34,7734.02->7732.65,7753.94->7753.85,7713.94->7713.85,7753.94->7753.85,7728.94->7728.85
2026-08-27T17:45:20.934684Z,13:45:20,2026-08-27T17:45:20Z,ES_SPX,gex_full,7748.34,7733.85->7732.24,7753.94->7753.85,7713.94->7713.85,7753.94->7753.85,7513.94->7513.85
2026-08-27T17:45:21.286732Z,13:45:21,2026-08-27T17:45:20Z,ES_SPX,gex_one,7748.34,7722.74->7724.11,7763.94->7763.85,7653.94->7653.85,7813.94->7813.85,7713.94->7663.85
2026-08-27T17:45:21.571469Z,13:45:21,2026-08-27T17:45:21Z,NQ_NDX,gex_zero,29634.11,29576.21->29575.71,29665.18->29664.05,29565.18->29564.05,29575.18->29574.05,29365.18->29364.05
2026-08-27T17:45:21.875012Z,13:45:21,2026-08-27T17:45:21Z,NQ_NDX,gex_full,29634.11,29592.21->29575.07,29665.18->29664.05,29590.18->29564.05,29565.35->29339.05,29165.18->29164.05
2026-08-27T17:45:22.161886Z,13:45:22,2026-08-27T17:45:21Z,NQ_NDX,gex_one,29634.11,29940.18->29939.05,30065.18->30064.05,29365.18->29364.05,29565.18->29564.05,29240.1->29238.96
2026-08-27T17:46:22.573848Z,13:46:22,2026-08-27T17:46:22Z,ES_SPX,gex_zero,7746.77,7732.65->7730.9,,,,
2026-08-27T17:46:22.880405Z,13:46:22,2026-08-27T17:46:22Z,ES_SPX,gex_full,7746.77,7732.24->7730.9,,,,
2026-08-27T17:46:23.155467Z,13:46:23,2026-08-27T17:46:22Z,ES_SPX,gex_one,7746.77,7724.11->7713.77,,,,7663.85->7713.85
2026-08-27T17:46:23.431469Z,13:46:23,2026-08-27T17:46:22Z,NQ_NDX,gex_zero,29625.59,29575.71->29576.46,,,,
2026-08-27T17:46:23.743907Z,13:46:23,2026-08-27T17:46:22Z,NQ_NDX,gex_full,29625.59,29575.07->29575.71,,,29339.05->29564.21,
2026-08-27T17:47:24.295421Z,13:47:24,2026-08-27T17:47:23Z,ES_SPX,gex_zero,7747.23,7730.9->7730.46,,,,
2026-08-27T17:47:24.628338Z,13:47:24,2026-08-27T17:47:24Z,ES_SPX,gex_full,7747.24,7730.9->7731.8,,,,
2026-08-27T17:47:24.862740Z,13:47:24,2026-08-27T17:47:24Z,ES_SPX,gex_one,7747.24,,,,,7713.85->7663.85
2026-08-27T17:47:25.259158Z,13:47:25,2026-08-27T17:47:24Z,NQ_NDX,gex_zero,29627.93,29576.46->29575.71,,,,
2026-08-27T17:47:25.606358Z,13:47:25,2026-08-27T17:47:24Z,NQ_NDX,gex_full,29627.93,29575.71->29575.07,,,,
2026-08-27T17:48:26.249548Z,13:48:26,2026-08-27T17:48:25Z,ES_SPX,gex_zero,7745.69,7730.46->7733.85,7753.85->7753.77,,,
2026-08-27T17:48:26.608415Z,13:48:26,2026-08-27T17:48:26Z,ES_SPX,gex_full,7745.75,7731.8->7733.59,,,,
2026-08-27T17:48:26.941670Z,13:48:26,2026-08-27T17:48:26Z,ES_SPX,gex_one,7745.75,7713.77->7725.05,,,,7663.85->7713.85
2026-08-27T17:49:28.124634Z,13:49:28,2026-08-27T17:49:28Z,ES_SPX,gex_zero,7744.82,7733.85->7734.11,7753.77->7753.85,,,
2026-08-27T17:49:28.457478Z,13:49:28,2026-08-27T17:49:28Z,ES_SPX,gex_full,7744.82,7733.59->7733.93,,,,
2026-08-27T17:49:28.763561Z,13:49:28,2026-08-27T17:49:28Z,ES_SPX,gex_one,7744.82,7725.05->7722.24,,,,
2026-08-27T17:49:29.023255Z,13:49:29,2026-08-27T17:49:29Z,NQ_NDX,gex_zero,29617.2,29575.71->29590.63,,,,
2026-08-27T17:49:29.992318Z,13:49:29,2026-08-27T17:49:29Z,NQ_NDX,gex_full,29617.2,29575.07->29575.71,,,,
2026-08-27T17:50:30.583298Z,13:50:30,2026-08-27T17:50:29Z,ES_SPX,gex_zero,7745.51,7734.11->7733.93,,,,
2026-08-27T17:50:30.982718Z,13:50:30,2026-08-27T17:50:31Z,ES_SPX,gex_full,7745.55,7733.93->7733.85,,,,
2026-08-27T17:50:31.275767Z,13:50:31,2026-08-27T17:50:31Z,ES_SPX,gex_one,7745.55,7722.24->7715.9,,,,
2026-08-27T17:50:31.517976Z,13:50:31,2026-08-27T17:50:30Z,NQ_NDX,gex_zero,29617.13,29590.63->29576.46,,,,
2026-08-27T17:51:32.529852Z,13:51:32,2026-08-27T17:51:31Z,ES_SPX,gex_zero,7744.52,7733.93->7733.02,7753.85->7753.77,,,
2026-08-27T17:51:32.872660Z,13:51:32,2026-08-27T17:51:32Z,ES_SPX,gex_full,7744.29,7733.85->7733.59,,,,
2026-08-27T17:51:33.202694Z,13:51:33,2026-08-27T17:51:32Z,ES_SPX,gex_one,7744.29,7715.9->7722.24,,,,
2026-08-27T17:51:33.450652Z,13:51:33,2026-08-27T17:51:33Z,NQ_NDX,gex_zero,29615.19,29576.46->29590.63,,,,
2026-08-27T17:52:34.415784Z,13:52:34,2026-08-27T17:52:33Z,ES_SPX,gex_zero,7744.16,7733.02->7734.36,7753.77->7753.85,,,
2026-08-27T17:52:34.779437Z,13:52:34,2026-08-27T17:52:33Z,ES_SPX,gex_full,7744.16,7733.59->7734.36,,,,
2026-08-27T17:52:35.510017Z,13:52:35,2026-08-27T17:52:34Z,NQ_NDX,gex_zero,29613.98,29590.63->29575.71,,,,
2026-08-27T17:52:35.775766Z,13:52:35,2026-08-27T17:52:34Z,NQ_NDX,gex_full,29613.98,29575.71->29575.07,,,29564.21->29565.06,
2026-08-27T17:53:36.471042Z,13:53:36,2026-08-27T17:53:35Z,ES_SPX,gex_zero,7744.78,7734.36->7733.93,7753.85->7753.77,,,
2026-08-27T17:53:36.945892Z,13:53:36,2026-08-27T17:53:35Z,ES_SPX,gex_full,7744.78,7734.36->7733.85,7753.85->7753.77,,,
2026-08-27T17:53:37.587030Z,13:53:37,2026-08-27T17:53:36Z,NQ_NDX,gex_zero,29619.46,29575.71->29590.63,,,,
2026-08-27T17:54:38.592452Z,13:54:38,2026-08-27T17:54:38Z,ES_SPX,gex_zero,7746.15,7733.93->7733.02,,,,
2026-08-27T17:54:38.934062Z,13:54:38,2026-08-27T17:54:38Z,ES_SPX,gex_full,7746.15,7733.85->7732.65,,,,
2026-08-27T17:54:39.685672Z,13:54:39,2026-08-27T17:54:39Z,NQ_NDX,gex_zero,29630.6,29590.63->29587.02,,,,
2026-08-27T17:54:39.969096Z,13:54:39,2026-08-27T17:54:39Z,NQ_NDX,gex_full,29630.6,29575.07->29586.58,,,,
2026-08-27T17:55:40.593601Z,13:55:40,2026-08-27T17:55:40Z,ES_SPX,gex_zero,7745.93,7733.02->7733.34,7753.77->7753.85,,,
2026-08-27T17:55:40.859059Z,13:55:40,2026-08-27T17:55:40Z,ES_SPX,gex_full,7745.93,7732.65->7733.02,7753.77->7753.85,,,
2026-08-27T17:55:41.220634Z,13:55:41,2026-08-27T17:55:40Z,ES_SPX,gex_one,7745.93,7722.24->7716.35,,,,
2026-08-27T17:55:41.549399Z,13:55:41,2026-08-27T17:55:40Z,NQ_NDX,gex_zero,29626.85,29587.02->29575.07,,,,
2026-08-27T17:55:41.819826Z,13:55:41,2026-08-27T17:55:41Z,NQ_NDX,gex_full,29626.63,29586.58->29574.05,,,,
2026-08-27T17:56:43.025102Z,13:56:43,2026-08-27T17:56:42Z,ES_SPX,gex_one,7746.3,7716.35->7725.05,,,,
2026-08-27T17:57:44.201362Z,13:57:44,2026-08-27T17:57:44Z,ES_SPX,gex_zero,7746.08,7733.34->7734.11,,,,
2026-08-27T17:57:44.488497Z,13:57:44,2026-08-27T17:57:44Z,ES_SPX,gex_full,7746.08,7733.02->7734.11,,,,
2026-08-27T17:57:44.959099Z,13:57:44,2026-08-27T17:57:44Z,ES_SPX,gex_one,7746.08,7725.05->7722.65,,,,
2026-08-27T17:58:46.425824Z,13:58:46,2026-08-27T17:58:45Z,ES_SPX,gex_zero,7744.1,7734.11->7733.93,7753.85->7753.77,,,
2026-08-27T17:58:46.834510Z,13:58:46,2026-08-27T17:58:45Z,ES_SPX,gex_full,7744.1,7734.11->7733.85,7753.85->7753.77,,,
2026-08-27T17:58:47.156458Z,13:58:47,2026-08-27T17:58:47Z,ES_SPX,gex_one,7744.24,7722.65->7716.35,,,,
2026-08-27T17:58:47.518751Z,13:58:47,2026-08-27T17:58:47Z,NQ_NDX,gex_zero,29613.89,29575.07->29577.29,,,,
2026-08-27T17:58:47.835658Z,13:58:47,2026-08-27T17:58:47Z,NQ_NDX,gex_full,29613.89,29574.05->29576.46,,,29565.06->29564.21,
2026-08-27T17:59:48.432111Z,13:59:48,2026-08-27T17:59:47Z,ES_SPX,gex_zero,7744.82,7733.93->7733.59,7753.77->7753.85,,,
2026-08-27T17:59:48.760843Z,13:59:48,2026-08-27T17:59:49Z,ES_SPX,gex_full,7744.92,7733.85->7733.02,,,,
2026-08-27T17:59:49.083232Z,13:59:49,2026-08-27T17:59:49Z,ES_SPX,gex_one,7744.92,7716.35->7725.05,,,,
2026-08-27T17:59:49.318878Z,13:59:49,2026-08-27T17:59:48Z,NQ_NDX,gex_zero,29614.94,29577.29->29587.02,,,,
2026-08-27T18:00:50.328501Z,14:00:50,2026-08-27T18:00:50Z,ES_SPX,gex_zero,7744.67,7733.59->7734.36,7753.85->7753.53,7713.85->7713.53,7753.85->7753.53,7728.85->7728.53
2026-08-27T18:00:50.623629Z,14:00:50,2026-08-27T18:00:50Z,ES_SPX,gex_full,7744.67,7733.02->7734.36,7753.77->7753.53,7713.85->7713.53,7753.85->7753.53,7513.85->7513.53
2026-08-27T18:00:50.959908Z,14:00:50,2026-08-27T18:00:50Z,ES_SPX,gex_one,7744.67,7725.05->7721.92,7763.85->7763.53,7653.85->7653.53,7813.85->7813.53,7713.85->7713.53
2026-08-27T18:00:51.213463Z,14:00:51,2026-08-27T18:00:51Z,NQ_NDX,gex_zero,29617.49,29587.02->29575.23,29664.05->29662.81,29564.05->29562.81,29574.05->29572.81,29364.05->29362.81
2026-08-27T18:00:51.529714Z,14:00:51,2026-08-27T18:00:51Z,NQ_NDX,gex_full,29617.49,29576.46->29585.34,29664.05->29662.81,29564.05->29562.81,29564.21->29562.98,29164.05->29162.81
2026-08-27T18:00:51.779107Z,14:00:51,2026-08-27T18:00:51Z,NQ_NDX,gex_one,29617.49,29939.05->29937.81,30064.05->30062.81,29364.05->29362.81,29564.05->29562.81,29238.96->29237.73
2026-08-27T18:01:52.139761Z,14:01:52,2026-08-27T18:01:52Z,ES_SPX,gex_zero,7741.08,7734.36->7731.92,7753.53->7748.53,,,
2026-08-27T18:01:52.542827Z,14:01:52,2026-08-27T18:01:52Z,ES_SPX,gex_full,7741.08,7734.36->7731.92,7753.53->7748.53,,7753.53->7913.53,
2026-08-27T18:01:52.891066Z,14:01:52,2026-08-27T18:01:52Z,ES_SPX,gex_one,7741.08,7721.92->7724.73,,,,7713.53->7663.53
2026-08-27T18:01:53.158030Z,14:01:53,2026-08-27T18:01:52Z,NQ_NDX,gex_zero,29602.35,29575.23->29589.4,,,,
2026-08-27T18:01:53.520991Z,14:01:53,2026-08-27T18:01:53Z,NQ_NDX,gex_full,29590.72,29585.34->29589.84,,29562.81->29512.81,29562.98->29562.81,
2026-08-27T18:02:54.198828Z,14:02:54,2026-08-27T18:02:53Z,ES_SPX,gex_zero,7738.6,7731.92->7736.03,7748.53->7748.62,,,
2026-08-27T18:02:54.517995Z,14:02:54,2026-08-27T18:02:53Z,ES_SPX,gex_full,7738.6,7731.92->7735.58,7748.53->7748.79,,,
2026-08-27T18:02:54.872644Z,14:02:54,2026-08-27T18:02:54Z,ES_SPX,gex_one,7738.7,7724.73->7721.92,,,7813.53->7743.53,7663.53->7713.53
2026-08-27T18:02:55.216203Z,14:02:55,2026-08-27T18:02:54Z,NQ_NDX,gex_zero,29584.38,29589.4->29576.94,,29562.81->29512.81,,
2026-08-27T18:02:55.480281Z,14:02:55,2026-08-27T18:02:54Z,NQ_NDX,gex_full,29584.38,29589.84->29576.94,,,29562.81->29562.98,
2026-08-27T18:03:56.100260Z,14:03:56,2026-08-27T18:03:55Z,ES_SPX,gex_zero,7739.99,7736.03->7735.58,7748.62->7751.03,,,
2026-08-27T18:03:56.374493Z,14:03:56,2026-08-27T18:03:55Z,ES_SPX,gex_full,7739.99,,7748.79->7751.48,,,
2026-08-27T18:03:56.746537Z,14:03:56,2026-08-27T18:03:55Z,ES_SPX,gex_one,7739.99,,,,,7713.53->7663.53
2026-08-27T18:03:57.335352Z,14:03:57,2026-08-27T18:03:56Z,NQ_NDX,gex_full,29590.38,29576.94->29589.84,,,,
2026-08-27T18:04:57.960826Z,14:04:57,2026-08-27T18:04:57Z,ES_SPX,gex_zero,7737.32,,7751.03->7748.53,,,
2026-08-27T18:04:58.231154Z,14:04:58,2026-08-27T18:04:58Z,ES_SPX,gex_full,7737.31,7735.58->7735.14,7751.48->7748.53,,,
2026-08-27T18:04:58.560040Z,14:04:58,2026-08-27T18:04:58Z,ES_SPX,gex_one,7737.31,,,,,7663.53->7713.53
2026-08-27T18:04:58.890254Z,14:04:58,2026-08-27T18:04:58Z,NQ_NDX,gex_zero,29577.12,29576.94->29585.79,,,,
2026-08-27T18:04:59.146018Z,14:04:59,2026-08-27T18:04:58Z,NQ_NDX,gex_full,29577.12,29589.84->29585.34,,,29562.98->29562.81,
2026-08-27T18:06:00.446396Z,14:06:00,2026-08-27T18:05:59Z,ES_SPX,gex_one,7738.2,7721.92->7725.14,,,,
2026-08-27T18:06:00.850619Z,14:06:00,2026-08-27T18:05:59Z,NQ_NDX,gex_zero,29586.19,29585.79->29585.34,,,,
2026-08-27T18:06:01.127353Z,14:06:01,2026-08-27T18:06:01Z,NQ_NDX,gex_full,29586.87,29585.34->29575.23,,,29562.81->29563.32,
2026-08-27T18:07:02.802086Z,14:07:02,2026-08-27T18:07:01Z,NQ_NDX,gex_zero,29588.59,29585.34->29576.06,,,,
2026-08-27T18:07:03.164906Z,14:07:03,2026-08-27T18:07:03Z,NQ_NDX,gex_full,29589.08,29575.23->29589.84,,,29563.32->29564.47,
2026-08-27T18:08:03.927137Z,14:08:03,2026-08-27T18:08:03Z,ES_SPX,gex_zero,7737.42,,7748.53->7746.48,,,
2026-08-27T18:08:04.261973Z,14:08:04,2026-08-27T18:08:04Z,ES_SPX,gex_full,7737.4,7735.14->7735.58,7748.53->7744.73,,,
2026-08-27T18:08:04.694403Z,14:08:04,2026-08-27T18:08:04Z,ES_SPX,gex_one,7737.4,7725.14->7716.48,,,7743.53->7813.53,
2026-08-27T18:08:05.059337Z,14:08:05,2026-08-27T18:08:03Z,NQ_NDX,gex_zero,29585.7,29576.06->29585.34,,,,29362.81->29342.72
2026-08-27T18:09:05.901165Z,14:09:05,2026-08-27T18:09:05Z,ES_SPX,gex_zero,7736.47,7735.58->7734.73,7746.48->7743.79,,,
2026-08-27T18:09:06.250853Z,14:09:06,2026-08-27T18:09:05Z,ES_SPX,gex_full,7736.47,7735.58->7734.73,7744.73->7743.62,,,
2026-08-27T18:09:06.648387Z,14:09:06,2026-08-27T18:09:05Z,ES_SPX,gex_one,7736.47,7716.48->7721.92,,,,
2026-08-27T18:09:06.961491Z,14:09:06,2026-08-27T18:09:05Z,NQ_NDX,gex_zero,29583.0,29585.34->29575.23,,,,29342.72->29342.81
2026-08-27T18:09:07.214432Z,14:09:07,2026-08-27T18:09:07Z,NQ_NDX,gex_full,29582.26,,,,29564.47->29563.32,
2026-08-27T18:10:07.861993Z,14:10:07,2026-08-27T18:10:08Z,ES_SPX,gex_zero,7737.09,,7743.79->7743.62,,7753.53->7738.62,
2026-08-27T18:10:08.608222Z,14:10:08,2026-08-27T18:10:08Z,ES_SPX,gex_one,7737.09,,,,,7713.53->7663.53
2026-08-27T18:10:09.281011Z,14:10:09,2026-08-27T18:10:08Z,NQ_NDX,gex_full,29583.06,29589.84->29574.48,,,,
2026-08-27T18:11:09.875965Z,14:11:09,2026-08-27T18:11:09Z,ES_SPX,gex_zero,7735.33,7734.73->7735.14,7743.62->7743.79,,7738.62->7753.53,
2026-08-27T18:11:10.234701Z,14:11:10,2026-08-27T18:11:09Z,ES_SPX,gex_full,7735.33,7734.73->7735.14,7743.62->7743.79,,,
2026-08-27T18:11:10.638608Z,14:11:10,2026-08-27T18:11:09Z,ES_SPX,gex_one,7735.33,7721.92->7722.33,,,7813.53->7743.53,
2026-08-27T18:11:11.543576Z,14:11:11,2026-08-27T18:11:11Z,NQ_NDX,gex_full,29581.1,29574.48->29585.34,,,29563.32->29564.47,
2026-08-27T18:12:12.243403Z,14:12:12,2026-08-27T18:12:11Z,ES_SPX,gex_zero,7735.39,7735.14->7735.58,7743.79->7744.36,,,
2026-08-27T18:12:13.034941Z,14:12:13,2026-08-27T18:12:11Z,ES_SPX,gex_full,7735.39,7735.14->7735.58,7743.79->7744.04,,,
2026-08-27T18:12:13.419104Z,14:12:13,2026-08-27T18:12:13Z,ES_SPX,gex_one,7735.25,7722.33->7748.62,,,,7663.53->7713.53
2026-08-27T18:12:13.861746Z,14:12:13,2026-08-27T18:12:13Z,NQ_NDX,gex_zero,29577.79,29575.23->29589,,,,
2026-08-27T18:12:14.223730Z,14:12:14,2026-08-27T18:12:14Z,NQ_NDX,gex_full,29577.51,29585.34->29575.23,,,29564.47->29562.98,
2026-08-27T18:13:15.475654Z,14:13:15,2026-08-27T18:13:14Z,ES_SPX,gex_zero,7735.98,7735.58->7736.03,7744.36->7745.58,,,
2026-08-27T18:13:15.792015Z,14:13:15,2026-08-27T18:13:14Z,ES_SPX,gex_full,7735.98,7735.58->7736.03,7744.04->7744.73,,,
2026-08-27T18:13:16.138919Z,14:13:16,2026-08-27T18:13:16Z,ES_SPX,gex_one,7736.1,7748.62->7716.48,,,,7713.53->7663.53
2026-08-27T18:13:16.560223Z,14:13:16,2026-08-27T18:13:15Z,NQ_NDX,gex_zero,29583.5,29589->29576.06,,,,
2026-08-27T18:13:16.843749Z,14:13:16,2026-08-27T18:13:17Z,NQ_NDX,gex_full,29579.83,29575.23->29585.34,,,,
2026-08-27T18:14:17.585248Z,14:14:17,2026-08-27T18:14:16Z,ES_SPX,gex_zero,7732.59,7736.03->7736.48,7745.58->7743.79,,7753.53->7738.79,
2026-08-27T18:14:17.922854Z,14:14:17,2026-08-27T18:14:18Z,ES_SPX,gex_full,7732.77,,7744.73->7743.79,,,
2026-08-27T18:14:18.212246Z,14:14:18,2026-08-27T18:14:18Z,ES_SPX,gex_one,7732.77,,,,,7663.53->7713.53
2026-08-27T18:14:18.514644Z,14:14:18,2026-08-27T18:14:18Z,NQ_NDX,gex_zero,29568.13,29576.06->29589,,,,29342.81->29362.81
2026-08-27T18:14:18.854518Z,14:14:18,2026-08-27T18:14:18Z,NQ_NDX,gex_full,29568.13,29585.34->29576.06,,,29562.98->29564.47,
2026-08-27T18:14:19.097740Z,14:14:19,2026-08-27T18:14:18Z,NQ_NDX,gex_one,29568.13,29937.81->29687.31,30062.81->29912.81,,,
2026-08-27T18:15:19.439172Z,14:15:19,2026-08-27T18:15:18Z,ES_SPX,gex_zero,7733.88,7736.48->7735.45,7743.79->7743.78,7713.53->7712.95,7738.79->7738.21,7728.53->7727.95
2026-08-27T18:15:19.818429Z,14:15:19,2026-08-27T18:15:20Z,ES_SPX,gex_full,7733.74,7736.03->7735.45,7743.79->7743.03,7713.53->7712.95,7913.53->7912.95,7513.53->7512.95
2026-08-27T18:15:20.199396Z,14:15:20,2026-08-27T18:15:20Z,ES_SPX,gex_one,7733.74,7716.48->7715.9,7763.53->7762.95,7653.53->7652.95,7743.53->7742.95,7713.53->7662.95
2026-08-27T18:15:20.467479Z,14:15:20,2026-08-27T18:15:20Z,NQ_NDX,gex_zero,29576.96,29589->29574.21,29662.81->29660.96,29512.81->29510.96,29572.81->29570.96,29362.81->29340.96
2026-08-27T18:15:20.809737Z,14:15:20,2026-08-27T18:15:20Z,NQ_NDX,gex_full,29576.96,29576.06->29587.55,29662.81->29660.96,29512.81->29510.96,29564.47->29561.47,29162.81->29160.96
2026-08-27T18:15:21.247660Z,14:15:21,2026-08-27T18:15:20Z,NQ_NDX,gex_one,29576.96,29687.31->29685.46,29912.81->29910.96,29362.81->29360.96,29562.81->29560.96,29237.73->29235.88
2026-08-27T18:16:21.671027Z,14:16:21,2026-08-27T18:16:21Z,ES_SPX,gex_zero,7732.89,7735.45->7735,7743.78->7743.03,,7738.21->7738.03,
2026-08-27T18:16:21.949530Z,14:16:21,2026-08-27T18:16:21Z,ES_SPX,gex_full,7732.89,7735.45->7735,,,,
2026-08-27T18:16:22.597009Z,14:16:22,2026-08-27T18:16:21Z,NQ_NDX,gex_zero,29570.47,29574.21->29587.15,,,,
2026-08-27T18:17:23.497247Z,14:17:23,2026-08-27T18:17:23Z,ES_SPX,gex_zero,7732.96,7735->7735.9,7743.03->7743.78,,7738.03->7738.46,
2026-08-27T18:17:23.811275Z,14:17:23,2026-08-27T18:17:23Z,ES_SPX,gex_full,7732.96,7735->7735.9,7743.03->7743.46,,,
2026-08-27T18:17:24.148744Z,14:17:24,2026-08-27T18:17:23Z,ES_SPX,gex_one,7732.96,7715.9->7720.45,,,,
2026-08-27T18:17:24.462412Z,14:17:24,2026-08-27T18:17:23Z,NQ_NDX,gex_zero,29570.19,29587.15->29587.55,,,,
2026-08-27T18:17:24.833365Z,14:17:24,2026-08-27T18:17:25Z,NQ_NDX,gex_full,29569.91,29587.55->29583.05,,,29561.47->29561.98,
2026-08-27T18:18:25.577696Z,14:18:25,2026-08-27T18:18:25Z,ES_SPX,gex_zero,7734.33,,7743.78->7746.75,,7738.46->7752.95,
2026-08-27T18:18:25.940024Z,14:18:25,2026-08-27T18:18:25Z,ES_SPX,gex_full,7734.33,,7743.46->7745,,,
2026-08-27T18:18:26.332309Z,14:18:26,2026-08-27T18:18:25Z,ES_SPX,gex_one,7734.33,7720.45->7725.45,,,,7662.95->7712.95
2026-08-27T18:18:26.954175Z,14:18:26,2026-08-27T18:18:27Z,NQ_NDX,gex_full,29576.14,29583.05->29575.09,,,,
2026-08-27T18:19:27.592078Z,14:19:27,2026-08-27T18:19:27Z,ES_SPX,gex_zero,7735.53,7735.9->7735.45,7746.75->7743.21,,,
2026-08-27T18:19:27.964177Z,14:19:27,2026-08-27T18:19:27Z,ES_SPX,gex_full,7735.53,7735.9->7735.45,7745->7743.21,,7912.95->7812.95,
2026-08-27T18:19:28.524801Z,14:19:28,2026-08-27T18:19:27Z,ES_SPX,gex_one,7735.53,7725.45->7720.45,,,,
2026-08-27T18:19:28.926561Z,14:19:28,2026-08-27T18:19:27Z,NQ_NDX,gex_zero,29585.32,29587.55->29576.9,,,,
2026-08-27T18:19:29.258603Z,14:19:29,2026-08-27T18:19:27Z,NQ_NDX,gex_full,29585.32,29575.09->29575.99,,,29561.98->29565.96,
2026-08-27T18:20:29.935744Z,14:20:29,2026-08-27T18:20:29Z,ES_SPX,gex_zero,7734.93,7735.45->7734.56,7743.21->7743.03,7712.95->7722.95,7752.95->7738.03,
2026-08-27T18:20:30.360505Z,14:20:30,2026-08-27T18:20:29Z,ES_SPX,gex_full,7734.93,7735.45->7734.56,7743.21->7743.03,7712.95->7722.95,7812.95->7912.95,
2026-08-27T18:20:30.915333Z,14:20:30,2026-08-27T18:20:30Z,NQ_NDX,gex_zero,29578.87,29576.9->29575.99,,,,
2026-08-27T18:20:31.349633Z,14:20:31,2026-08-27T18:20:30Z,NQ_NDX,gex_full,29578.87,29575.99->29575.09,29660.96->29610.96,,29565.96->29565.06,
2026-08-27T18:21:32.181176Z,14:21:32,2026-08-27T18:21:32Z,ES_SPX,gex_zero,7734.07,7734.56->7735.45,,7722.95->7712.95,7738.03->7738.21,
2026-08-27T18:21:32.673868Z,14:21:32,2026-08-27T18:21:32Z,ES_SPX,gex_full,7734.07,7734.56->7735.45,,7722.95->7712.95,,
2026-08-27T18:21:33.132507Z,14:21:33,2026-08-27T18:21:32Z,ES_SPX,gex_one,7734.07,7720.45->7715.9,,,,
2026-08-27T18:21:33.427309Z,14:21:33,2026-08-27T18:21:33Z,NQ_NDX,gex_zero,29575.9,29575.99->29575.09,,,,
2026-08-27T18:21:33.905084Z,14:21:33,2026-08-27T18:21:33Z,NQ_NDX,gex_full,29575.9,29575.09->29587.99,29610.96->29660.96,,29565.06->29567.74,
2026-08-27T18:22:34.681010Z,14:22:34,2026-08-27T18:22:33Z,ES_SPX,gex_zero,7735.08,7735.45->7735,,,7738.21->7739.56,
2026-08-27T18:22:35.069548Z,14:22:35,2026-08-27T18:22:33Z,ES_SPX,gex_full,7735.08,7735.45->7735,,,7912.95->7812.95,
2026-08-27T18:22:35.382043Z,14:22:35,2026-08-27T18:22:35Z,ES_SPX,gex_one,7734.65,7715.9->7725.45,,,,
2026-08-27T18:22:35.792451Z,14:22:35,2026-08-27T18:22:34Z,NQ_NDX,gex_zero,29579.67,29575.09->29587.55,,,,
2026-08-27T18:22:36.122667Z,14:22:36,2026-08-27T18:22:36Z,NQ_NDX,gex_full,29579.09,29587.99->29574.21,29660.96->29610.96,,,
2026-08-27T18:23:36.797543Z,14:23:36,2026-08-27T18:23:37Z,ES_SPX,gex_zero,7732.61,7735->7736.75,7743.03->7743.21,7712.95->7723.03,7739.56->7742.7,
2026-08-27T18:23:37.131995Z,14:23:37,2026-08-27T18:23:37Z,ES_SPX,gex_full,7732.61,7735->7736.75,7743.03->7743.21,,7812.95->7912.95,
2026-08-27T18:23:37.667560Z,14:23:37,2026-08-27T18:23:37Z,NQ_NDX,gex_zero,29571.42,29587.55->29575.09,,,,
2026-08-27T18:24:38.664357Z,14:24:38,2026-08-27T18:24:38Z,ES_SPX,gex_zero,7731.91,7736.75->7736.34,7743.21->7743.03,7723.03->7712.95,7742.7->7738.03,
2026-08-27T18:24:39.019836Z,14:24:39,2026-08-27T18:24:38Z,ES_SPX,gex_full,7731.91,7736.75->7735.9,7743.21->7743.03,,,
2026-08-27T18:24:39.345688Z,14:24:39,2026-08-27T18:24:38Z,ES_SPX,gex_one,7731.91,7725.45->7716.34,,,,
2026-08-27T18:24:39.719916Z,14:24:39,2026-08-27T18:24:38Z,NQ_NDX,gex_zero,29567.66,,,,,29340.96->29360.96
2026-08-27T18:24:39.990773Z,14:24:39,2026-08-27T18:24:38Z,NQ_NDX,gex_full,29567.66,29574.21->29583.05,,,,
2026-08-27T18:24:40.348782Z,14:24:40,2026-08-27T18:24:40Z,NQ_NDX,gex_one,29567.75,,,,,29235.88->29235.96
2026-08-27T18:25:12.868242Z,14:25:12,2026-08-27T18:25:12Z,ES_SPX,gex_zero,7731.79,7736.34->7735.45,,,,
2026-08-27T18:25:40.701708Z,14:25:40,2026-08-27T18:25:40Z,ES_SPX,gex_zero,7730.46,,7743.03->7742.95,,7738.03->7737.95,
2026-08-27T18:25:41.133685Z,14:25:41,2026-08-27T18:25:40Z,ES_SPX,gex_full,7730.46,7735.9->7735.45,7743.03->7742.95,,,
2026-08-27T18:25:41.424574Z,14:25:41,2026-08-27T18:25:40Z,ES_SPX,gex_one,7730.46,7716.34->7715.9,,,,7712.95->7662.95
2026-08-27T18:25:41.831193Z,14:25:41,2026-08-27T18:25:41Z,NQ_NDX,gex_zero,29558.49,29575.09->29587.55,,,,
2026-08-27T18:25:42.243987Z,14:25:42,2026-08-27T18:25:41Z,NQ_NDX,gex_full,29558.49,,29610.96->29660.96,,29567.74->29561.98,
2026-08-27T18:26:42.950578Z,14:26:42,2026-08-27T18:26:42Z,ES_SPX,gex_zero,7729.84,7735.45->7735.9,7742.95->7743.03,,7737.95->7738.03,
2026-08-27T18:26:43.247096Z,14:26:43,2026-08-27T18:26:42Z,ES_SPX,gex_full,7729.84,7735.45->7735.9,7742.95->7743.03,,,
2026-08-27T18:26:43.568473Z,14:26:43,2026-08-27T18:26:42Z,ES_SPX,gex_one,7729.84,7715.9->7725.9,,,,7662.95->7712.95
2026-08-27T18:26:43.906410Z,14:26:43,2026-08-27T18:26:43Z,NQ_NDX,gex_zero,29555.67,29587.55->29575.99,,,,
2026-08-27T18:26:44.150371Z,14:26:44,2026-08-27T18:26:43Z,NQ_NDX,gex_full,29555.67,29583.05->29582.61,,,29561.98->29569.94,
2026-08-27T18:27:44.769205Z,14:27:44,2026-08-27T18:27:44Z,ES_SPX,gex_zero,7727.71,7735.9->7735.45,7743.03->7742.95,,7738.03->7737.95,
2026-08-27T18:27:45.567472Z,14:27:45,2026-08-27T18:27:44Z,ES_SPX,gex_full,7727.71,7735.9->7735.45,7743.03->7742.95,,,
2026-08-27T18:27:46.384019Z,14:27:46,2026-08-27T18:27:46Z,ES_SPX,gex_one,7727.48,7725.9->7716.34,,,,7712.95->7662.95
2026-08-27T18:27:47.403433Z,14:27:47,2026-08-27T18:27:47Z,NQ_NDX,gex_zero,29542.08,29575.99->29576.9,,,,
2026-08-27T18:27:47.994629Z,14:27:47,2026-08-27T18:27:47Z,NQ_NDX,gex_full,29542.08,29582.61->29576.9,29660.96->29610.96,,29569.94->29561.13,29160.96->29660.96
2026-08-27T18:28:49.296554Z,14:28:49,2026-08-27T18:28:48Z,ES_SPX,gex_zero,7726.72,7735.45->7735,,,,
2026-08-27T18:28:49.662098Z,14:28:49,2026-08-27T18:28:48Z,ES_SPX,gex_full,7726.72,7735.45->7735,,,,
2026-08-27T18:28:49.983528Z,14:28:49,2026-08-27T18:28:49Z,ES_SPX,gex_one,7726.61,7716.34->7725.45,,,,
2026-08-27T18:28:50.666858Z,14:28:50,2026-08-27T18:28:49Z,NQ_NDX,gex_full,29539.07,29576.9->29582.2,29610.96->29660.96,,29561.13->29561.47,
2026-08-27T18:29:52.669923Z,14:29:52,2026-08-27T18:29:52Z,NQ_NDX,gex_zero,29531.16,29576.9->29582.2,,,,
2026-08-27T18:29:52.928531Z,14:29:52,2026-08-27T18:29:52Z,NQ_NDX,gex_full,29531.16,29582.2->29577.78,,,29561.47->29561.13,
2026-08-27T18:29:53.339026Z,14:29:53,2026-08-27T18:29:53Z,NQ_NDX,gex_one,29533.06,29685.46->29686.22,,,,
2026-08-27T18:30:14.433046Z,14:30:14,2026-08-27T18:30:13Z,ES_SPX,gex_zero,7725.75,7735->7735.51,7742.95->7743.01,7712.95->7713.01,7737.95->7738.01,7727.95->7728.01
2026-08-27T18:30:53.731087Z,14:30:53,2026-08-27T18:30:52Z,ES_SPX,gex_zero,7727.16,7735.51->7735.96,,,,
2026-08-27T18:30:54.078170Z,14:30:54,2026-08-27T18:30:52Z,ES_SPX,gex_full,7727.16,7735->7735.96,7742.95->7743.01,7712.95->7713.01,7912.95->7913.01,7512.95->7513.01
2026-08-27T18:30:54.326576Z,14:30:54,2026-08-27T18:30:54Z,ES_SPX,gex_one,7727.34,7725.45->7725.96,7762.95->7763.01,7652.95->7653.01,7742.95->7743.01,7662.95->7663.01
2026-08-27T18:30:54.720248Z,14:30:54,2026-08-27T18:30:53Z,NQ_NDX,gex_zero,29546.45,29582.2->29583.16,29660.96->29661.08,29510.96->29511.08,29570.96->29571.08,29360.96->29361.08
2026-08-27T18:30:55.054947Z,14:30:55,2026-08-27T18:30:55Z,NQ_NDX,gex_full,29546.58,29577.78->29575.2,29660.96->29611.08,29510.96->29511.08,29561.13->29561.24,29660.96->29661.08
2026-08-27T18:30:55.330596Z,14:30:55,2026-08-27T18:30:55Z,NQ_NDX,gex_one,29546.58,29686.22->29686.33,29910.96->29911.08,29360.96->29361.08,29560.96->29561.08,29235.96->29236.08
2026-08-27T18:31:55.709677Z,14:31:55,2026-08-27T18:31:55Z,ES_SPX,gex_zero,7728.67,7735.96->7735.51,,,,
2026-08-27T18:31:56.090409Z,14:31:56,2026-08-27T18:31:55Z,ES_SPX,gex_full,7728.67,7735.96->7735.51,,,,
2026-08-27T18:31:56.483625Z,14:31:56,2026-08-27T18:31:56Z,ES_SPX,gex_one,7728.84,7725.96->7716.4,,,,7663.01->7713.01
2026-08-27T18:31:56.742708Z,14:31:56,2026-08-27T18:31:56Z,NQ_NDX,gex_zero,29557.81,29583.16->29575.2,,,,29361.08->29336.33
2026-08-27T18:31:57.184526Z,14:31:57,2026-08-27T18:31:56Z,NQ_NDX,gex_full,29557.81,29575.2->29574.32,,,,
2026-08-27T18:32:58.060035Z,14:32:58,2026-08-27T18:32:58Z,ES_SPX,gex_zero,7730.04,7735.51->7735.06,7743.01->7743.09,,,
2026-08-27T18:32:58.455086Z,14:32:58,2026-08-27T18:32:58Z,ES_SPX,gex_full,7730.04,7735.51->7735.06,7743.01->7743.09,,,
2026-08-27T18:32:59.028855Z,14:32:59,2026-08-27T18:32:58Z,NQ_NDX,gex_zero,29568.5,29575.2->29574.32,,29511.08->29511.24,,
2026-08-27T18:32:59.387039Z,14:32:59,2026-08-27T18:32:58Z,NQ_NDX,gex_full,29568.5,29574.32->29583.16,29611.08->29661.08,29511.08->29511.24,29561.24->29561.59,29661.08->29161.08
2026-08-27T18:34:00.047392Z,14:34:00,2026-08-27T18:33:59Z,ES_SPX,gex_zero,7726.63,7735.06->7734.62,7743.09->7743.01,,,
2026-08-27T18:34:00.418711Z,14:34:00,2026-08-27T18:33:59Z,ES_SPX,gex_full,7726.63,7735.06->7734.62,7743.09->7743.01,,,
2026-08-27T18:34:00.766508Z,14:34:00,2026-08-27T18:33:59Z,ES_SPX,gex_one,7726.63,7716.4->7720.51,,,,
2026-08-27T18:34:01.028122Z,14:34:01,2026-08-27T18:34:00Z,NQ_NDX,gex_zero,29549.8,,,29511.24->29511.08,,
2026-08-27T18:34:01.367833Z,14:34:01,2026-08-27T18:34:00Z,NQ_NDX,gex_full,29549.8,29583.16->29587.67,29661.08->29611.08,29511.24->29511.08,29561.59->29566.98,
2026-08-27T18:34:01.710607Z,14:34:01,2026-08-27T18:34:00Z,NQ_NDX,gex_one,29549.8,29686.33->29936.08,29911.08->30061.08,,,
2026-08-27T18:35:02.000969Z,14:35:02,2026-08-27T18:35:01Z,ES_SPX,gex_zero,7726.9,7734.62->7734.21,,,,
2026-08-27T18:35:02.393715Z,14:35:02,2026-08-27T18:35:01Z,ES_SPX,gex_full,7726.9,7734.62->7734.21,,,,
2026-08-27T18:35:02.734994Z,14:35:02,2026-08-27T18:35:01Z,ES_SPX,gex_one,7726.9,7720.51->7725.51,,,,7713.01->7663.01
2026-08-27T18:35:03.048166Z,14:35:03,2026-08-27T18:35:03Z,NQ_NDX,gex_zero,29550.19,29574.32->29575.2,,,,29336.33->29361.08
2026-08-27T18:35:03.415664Z,14:35:03,2026-08-27T18:35:03Z,NQ_NDX,gex_full,29550.19,29587.67->29583.16,,,29566.98->29561.24,
2026-08-27T18:36:04.109769Z,14:36:04,2026-08-27T18:36:02Z,ES_SPX,gex_zero,7726.93,7734.21->7735.06,,,,
2026-08-27T18:36:04.468291Z,14:36:04,2026-08-27T18:36:04Z,ES_SPX,gex_full,7727.04,7734.21->7735.06,,,,
2026-08-27T18:36:05.731473Z,14:36:05,2026-08-27T18:36:05Z,NQ_NDX,gex_full,29550.38,29583.16->29575.2,29611.08->29661.08,,,29161.08->29661.08
2026-08-27T18:37:06.504522Z,14:37:06,2026-08-27T18:37:06Z,ES_SPX,gex_zero,7728.22,7735.06->7734.21,,,,
2026-08-27T18:37:06.989498Z,14:37:06,2026-08-27T18:37:06Z,ES_SPX,gex_full,7728.22,7735.06->7734.21,,,,
2026-08-27T18:37:07.313081Z,14:37:07,2026-08-27T18:37:07Z,ES_SPX,gex_one,7728.18,7725.51->7716.4,,,,7663.01->7713.01
2026-08-27T18:37:07.649667Z,14:37:07,2026-08-27T18:37:06Z,NQ_NDX,gex_zero,29555.54,29575.2->29584.06,,,,
2026-08-27T18:37:07.962969Z,14:37:07,2026-08-27T18:37:07Z,NQ_NDX,gex_full,29556.09,29575.2->29573.5,,29511.08->29511.24,29561.24->29561.59,29661.08->29161.08
2026-08-27T18:38:08.562095Z,14:38:08,2026-08-27T18:38:08Z,ES_SPX,gex_zero,7729.05,7734.21->7735.06,,,,
2026-08-27T18:38:08.999655Z,14:38:08,2026-08-27T18:38:08Z,ES_SPX,gex_full,7729.05,7734.21->7735.06,,,,
2026-08-27T18:38:09.709187Z,14:38:09,2026-08-27T18:38:08Z,NQ_NDX,gex_zero,29560.58,,,29511.08->29511.24,,29361.08->29340.98
2026-08-27T18:38:09.983454Z,14:38:09,2026-08-27T18:38:10Z,NQ_NDX,gex_full,29559.27,29573.5->29587.67,29661.08->29611.08,,29561.59->29562.73,
2026-08-27T18:39:10.906070Z,14:39:10,2026-08-27T18:39:10Z,ES_SPX,gex_full,7729.94,,,,7913.01->7813.01,
2026-08-27T18:39:11.271296Z,14:39:11,2026-08-27T18:39:10Z,ES_SPX,gex_one,7729.94,7716.4->7720.06,,,,
2026-08-27T18:39:11.575556Z,14:39:11,2026-08-27T18:39:10Z,NQ_NDX,gex_zero,29567.84,29584.06->29571.59,,29511.24->29511.59,,
2026-08-27T18:39:11.803088Z,14:39:11,2026-08-27T18:39:11Z,NQ_NDX,gex_full,29568.26,29587.67->29571.08,,29511.24->29511.59,29562.73->29568.68,
2026-08-27T18:40:12.433480Z,14:40:12,2026-08-27T18:40:12Z,ES_SPX,gex_zero,7731.14,7735.06->7734.21,,,,
2026-08-27T18:40:12.752747Z,14:40:12,2026-08-27T18:40:12Z,ES_SPX,gex_full,7731.14,7735.06->7734.21,,,,
2026-08-27T18:40:13.453174Z,14:40:13,2026-08-27T18:40:13Z,NQ_NDX,gex_zero,29574.03,29571.59->29573.5,,29511.59->29511.24,,
2026-08-27T18:40:13.757358Z,14:40:13,2026-08-27T18:40:13Z,NQ_NDX,gex_full,29574.03,29571.08->29573.5,,29511.59->29511.24,29568.68->29565.18,
2026-08-27T18:41:14.507042Z,14:41:14,2026-08-27T18:41:14Z,ES_SPX,gex_zero,7732.14,7734.21->7733.09,,,,
2026-08-27T18:41:14.926667Z,14:41:14,2026-08-27T18:41:14Z,ES_SPX,gex_full,7732.14,7734.21->7733.01,,,,
2026-08-27T18:41:15.219367Z,14:41:15,2026-08-27T18:41:14Z,ES_SPX,gex_one,7732.14,,,7653.01->7688.01,,7713.01->7663.01
2026-08-27T18:41:15.687865Z,14:41:15,2026-08-27T18:41:15Z,NQ_NDX,gex_zero,29577.83,29573.5->29584.06,29661.08->29611.08,29511.24->29515.18,,
2026-08-27T18:41:16.018065Z,14:41:16,2026-08-27T18:41:15Z,NQ_NDX,gex_full,29577.83,29573.5->29572.1,,29511.24->29516.08,29565.18->29570.06,
2026-08-27T18:42:16.625100Z,14:42:16,2026-08-27T18:42:15Z,ES_SPX,gex_zero,7731.09,7733.09->7734.62,,,,
2026-08-27T18:42:16.968435Z,14:42:16,2026-08-27T18:42:15Z,ES_SPX,gex_full,7731.09,7733.01->7734.21,,,,
2026-08-27T18:42:17.357315Z,14:42:17,2026-08-27T18:42:17Z,ES_SPX,gex_one,7731.24,7720.06->7725.51,,7688.01->7653.01,,
2026-08-27T18:42:17.711036Z,14:42:17,2026-08-27T18:42:17Z,NQ_NDX,gex_zero,29573.17,29584.06->29587.26,29611.08->29661.08,29515.18->29511.24,,
2026-08-27T18:42:17.978190Z,14:42:17,2026-08-27T18:42:17Z,NQ_NDX,gex_full,29573.17,29572.1->29570.57,,29516.08->29511.24,29570.06->29570.57,
2026-08-27T18:43:18.590623Z,14:43:18,2026-08-27T18:43:18Z,ES_SPX,gex_zero,7731.15,7734.62->7733.84,,,,
2026-08-27T18:43:18.897651Z,14:43:18,2026-08-27T18:43:18Z,ES_SPX,gex_full,7731.15,7734.21->7733.84,,,,
2026-08-27T18:43:19.628439Z,14:43:19,2026-08-27T18:43:18Z,NQ_NDX,gex_zero,29575.26,29587.26->29571.24,29661.08->29611.08,,,
2026-08-27T18:43:19.910426Z,14:43:19,2026-08-27T18:43:19Z,NQ_NDX,gex_full,29575.34,29570.57->29570.92,,,29570.57->29570.06,
2026-08-27T18:44:20.817086Z,14:44:20,2026-08-27T18:44:20Z,ES_SPX,gex_full,7730.73,7733.84->7733.52,,,,
2026-08-27T18:44:21.202470Z,14:44:21,2026-08-27T18:44:20Z,ES_SPX,gex_one,7730.73,7725.51->7716.4,,,,
2026-08-27T18:44:22.876315Z,14:44:22,2026-08-27T18:44:23Z,NQ_NDX,gex_zero,29575.48,29571.24->29570.57,,,,
2026-08-27T18:44:23.287900Z,14:44:23,2026-08-27T18:44:23Z,NQ_NDX,gex_full,29575.48,29570.92->29584.06,,,29570.06->29570.57,
2026-08-27T18:45:24.220533Z,14:45:24,2026-08-27T18:45:24Z,ES_SPX,gex_zero,7730.49,7733.84->7734.73,7743.01->7743.11,7713.01->7723.11,7738.01->7738.11,7728.01->7728.11
2026-08-27T18:45:24.594137Z,14:45:24,2026-08-27T18:45:24Z,ES_SPX,gex_full,7730.49,7733.52->7734.73,7743.01->7743.11,7713.01->7723.11,7813.01->7913.11,7513.01->7513.11
2026-08-27T18:45:24.952174Z,14:45:24,2026-08-27T18:45:24Z,ES_SPX,gex_one,7730.49,7716.4->7720.16,7763.01->7763.11,7653.01->7653.11,7743.01->7743.11,7663.01->7663.11
2026-08-27T18:45:25.200340Z,14:45:25,2026-08-27T18:45:24Z,NQ_NDX,gex_zero,29572.57,29570.57->29571.02,29611.08->29611.02,29511.24->29511.19,29571.08->29571.02,29340.98->29340.93
2026-08-27T18:45:25.539837Z,14:45:25,2026-08-27T18:45:25Z,NQ_NDX,gex_full,29573.35,29584.06->29570.86,29611.08->29611.02,29511.24->29511.19,29570.57->29568.62,29161.08->29161.02
2026-08-27T18:45:25.799428Z,14:45:25,2026-08-27T18:45:25Z,NQ_NDX,gex_one,29573.35,29936.08->29936.02,30061.08->30061.02,29361.08->29361.02,29561.08->29561.02,29236.08->29236.02
2026-08-27T18:46:26.168992Z,14:46:26,2026-08-27T18:46:26Z,ES_SPX,gex_zero,7730.4,7734.73->7734.31,,7723.11->7713.11,,
2026-08-27T18:46:26.540507Z,14:46:26,2026-08-27T18:46:26Z,ES_SPX,gex_full,7730.4,7734.73->7734.31,,7723.11->7713.11,,
2026-08-27T18:46:26.863777Z,14:46:26,2026-08-27T18:46:26Z,ES_SPX,gex_one,7730.4,7720.16->7716.5,,,,
2026-08-27T18:46:27.107267Z,14:46:27,2026-08-27T18:46:26Z,NQ_NDX,gex_zero,29573.08,29571.02->29570.86,,29511.19->29511.02,,
2026-08-27T18:46:27.426912Z,14:46:27,2026-08-27T18:46:26Z,NQ_NDX,gex_full,29573.08,29570.86->29570.51,,29511.19->29511.02,29568.62->29570,
2026-08-27T18:47:28.000990Z,14:47:28,2026-08-27T18:47:28Z,ES_SPX,gex_zero,7730.18,7734.31->7733.94,,,,
2026-08-27T18:47:28.378880Z,14:47:28,2026-08-27T18:47:28Z,ES_SPX,gex_full,7730.18,7734.31->7733.94,,,7913.11->7813.11,
2026-08-27T18:47:28.940145Z,14:47:28,2026-08-27T18:47:27Z,NQ_NDX,gex_zero,29571.44,29570.86->29571.19,29611.02->29661.02,,,
2026-08-27T18:47:29.312230Z,14:47:29,2026-08-27T18:47:29Z,NQ_NDX,gex_full,29571.72,29570.51->29570.86,,,29570->29569.37,
2026-08-27T18:48:29.930927Z,14:48:29,2026-08-27T18:48:29Z,ES_SPX,gex_zero,7731.19,7733.94->7733.2,,,,
2026-08-27T18:48:30.501516Z,14:48:30,2026-08-27T18:48:29Z,ES_SPX,gex_full,7731.19,7733.94->7733.2,,,,
2026-08-27T18:48:30.838603Z,14:48:30,2026-08-27T18:48:31Z,ES_SPX,gex_one,7731.19,,,7653.11->7688.11,,
2026-08-27T18:48:31.224263Z,14:48:31,2026-08-27T18:48:31Z,NQ_NDX,gex_zero,29577.59,29571.19->29571.54,,29511.02->29511.19,,29340.93->29336.1
2026-08-27T18:48:31.549041Z,14:48:31,2026-08-27T18:48:31Z,NQ_NDX,gex_full,29577.59,29570.86->29571.02,,29511.02->29511.19,29569.37->29570.51,
2026-08-27T18:49:32.225802Z,14:49:32,2026-08-27T18:49:32Z,ES_SPX,gex_zero,7729.68,7733.2->7732.29,,,,
2026-08-27T18:49:32.614096Z,14:49:32,2026-08-27T18:49:31Z,ES_SPX,gex_full,7729.87,7733.2->7732.6,,,,
2026-08-27T18:49:33.202752Z,14:49:33,2026-08-27T18:49:32Z,NQ_NDX,gex_zero,29569.99,29571.54->29587.21,,,,
2026-08-27T18:49:33.555248Z,14:49:33,2026-08-27T18:49:33Z,NQ_NDX,gex_full,29569.77,29571.02->29570.51,,,,
2026-08-27T18:50:34.161988Z,14:50:34,2026-08-27T18:50:34Z,ES_SPX,gex_zero,7726.04,7732.29->7733.2,,,,
2026-08-27T18:50:34.590691Z,14:50:34,2026-08-27T18:50:34Z,ES_SPX,gex_full,7726.04,7732.6->7733.11,,,7813.11->7913.11,
2026-08-27T18:50:34.895975Z,14:50:34,2026-08-27T18:50:34Z,ES_SPX,gex_one,7726.04,7716.5->7725.61,,7688.11->7653.11,,
2026-08-27T18:50:35.339901Z,14:50:35,2026-08-27T18:50:35Z,NQ_NDX,gex_zero,29552.07,29587.21->29570.86,29661.02->29611.02,29511.19->29511.02,,29336.1->29341.02
2026-08-27T18:50:35.659421Z,14:50:35,2026-08-27T18:50:35Z,NQ_NDX,gex_full,29552.07,,,29511.19->29511.02,29570.51->29561.53,29161.02->29661.02
2026-08-27T18:51:36.903996Z,14:51:36,2026-08-27T18:51:35Z,ES_SPX,gex_full,7726.93,7733.11->7733.2,,,,
2026-08-27T18:51:37.220152Z,14:51:37,2026-08-27T18:51:37Z,ES_SPX,gex_one,7726.77,7725.61->7720.16,,,,
2026-08-27T18:51:37.480760Z,14:51:37,2026-08-27T18:51:37Z,NQ_NDX,gex_zero,29561.57,29570.86->29583.55,,,,29341.02->29340.93
2026-08-27T18:51:37.809272Z,14:51:37,2026-08-27T18:51:37Z,NQ_NDX,gex_full,29561.57,29570.51->29570,,,29561.53->29563.42,
2026-08-27T18:52:38.450750Z,14:52:38,2026-08-27T18:52:38Z,ES_SPX,gex_zero,7726.85,7733.2->7733.03,,,,
2026-08-27T18:52:38.839529Z,14:52:38,2026-08-27T18:52:38Z,ES_SPX,gex_full,7726.85,7733.2->7733.03,,,,
2026-08-27T18:52:39.193919Z,14:52:39,2026-08-27T18:52:38Z,ES_SPX,gex_one,7726.85,7720.16->7725.61,,,,
2026-08-27T18:52:39.546341Z,14:52:39,2026-08-27T18:52:39Z,NQ_NDX,gex_zero,29561.45,29583.55->29584.43,29611.02->29661.02,,,29340.93->29341.02
2026-08-27T18:52:39.850424Z,14:52:39,2026-08-27T18:52:39Z,NQ_NDX,gex_full,29561.45,,,,29563.42->29570,29661.02->29161.02
2026-08-27T18:53:40.475380Z,14:53:40,2026-08-27T18:53:40Z,ES_SPX,gex_zero,7726.98,7733.03->7733.37,,,,
2026-08-27T18:53:40.890526Z,14:53:40,2026-08-27T18:53:40Z,ES_SPX,gex_full,7726.98,7733.03->7733.37,,,,
2026-08-27T18:53:41.479715Z,14:53:41,2026-08-27T18:53:41Z,NQ_NDX,gex_zero,29563.63,29584.43->29570,29661.02->29611.02,,,
2026-08-27T18:53:41.778081Z,14:53:41,2026-08-27T18:53:41Z,NQ_NDX,gex_full,29563.63,29570->29536.02,,,,
2026-08-27T18:54:42.544281Z,14:54:42,2026-08-27T18:54:42Z,ES_SPX,gex_zero,7725.5,7733.37->7732.6,,,,
2026-08-27T18:54:42.916311Z,14:54:42,2026-08-27T18:54:42Z,ES_SPX,gex_full,7725.5,7733.37->7732.6,,,,
2026-08-27T18:54:43.161449Z,14:54:43,2026-08-27T18:54:43Z,ES_SPX,gex_one,7725.43,7725.61->7716.5,,,,
2026-08-27T18:54:43.534920Z,14:54:43,2026-08-27T18:54:43Z,NQ_NDX,gex_zero,29558.16,29570->29570.51,,,,
2026-08-27T18:54:43.873748Z,14:54:43,2026-08-27T18:54:43Z,NQ_NDX,gex_full,29558.16,29536.02->29570.51,,,29570->29562.68,
2026-08-27T18:54:44.134063Z,14:54:44,2026-08-27T18:54:44Z,NQ_NDX,gex_one,29557.8,29936.02->29686.27,30061.02->29821.19,,,
2026-08-27T18:55:44.443398Z,14:55:44,2026-08-27T18:55:44Z,ES_SPX,gex_zero,7725.36,7732.6->7733.2,,,,
2026-08-27T18:55:44.909104Z,14:55:44,2026-08-27T18:55:44Z,ES_SPX,gex_full,7725.36,7732.6->7733.2,,,,
2026-08-27T18:55:45.993934Z,14:55:45,2026-08-27T18:55:45Z,NQ_NDX,gex_zero,29556.5,29570.51->29587.21,,,,
2026-08-27T18:55:46.332726Z,14:55:46,2026-08-27T18:55:45Z,NQ_NDX,gex_full,29556.5,29570.51->29587.61,,,,29161.02->29661.02
2026-08-27T18:55:46.590319Z,14:55:46,2026-08-27T18:55:45Z,NQ_NDX,gex_one,29556.5,,29821.19->29821.02,,,
2026-08-27T18:56:46.952997Z,14:56:46,2026-08-27T18:56:46Z,ES_SPX,gex_zero,7725.13,7733.2->7732.6,,,,
2026-08-27T18:56:47.562600Z,14:56:47,2026-08-27T18:56:46Z,ES_SPX,gex_full,7725.13,7733.2->7732.29,,,,
2026-08-27T18:56:48.230172Z,14:56:48,2026-08-27T18:56:47Z,NQ_NDX,gex_zero,29552.75,29587.21->29584.84,,,,
2026-08-27T18:56:48.620298Z,14:56:48,2026-08-27T18:56:47Z,NQ_NDX,gex_full,29552.75,29587.61->29569.37,,,29562.68->29566.02,29661.02->29161.02
2026-08-27T18:57:49.190854Z,14:57:49,2026-08-27T18:57:48Z,ES_SPX,gex_zero,7727.19,7732.6->7731.91,,,,
2026-08-27T18:57:49.546073Z,14:57:49,2026-08-27T18:57:49Z,ES_SPX,gex_full,7727.1,7732.29->7731.91,,,,
2026-08-27T18:57:49.811603Z,14:57:49,2026-08-27T18:57:49Z,ES_SPX,gex_one,7727.1,7716.5->7725.61,,,,
2026-08-27T18:57:50.177830Z,14:57:50,2026-08-27T18:57:49Z,NQ_NDX,gex_zero,29562.82,29584.84->29570,,29511.02->29511.19,,
2026-08-27T18:57:50.457583Z,14:57:50,2026-08-27T18:57:49Z,NQ_NDX,gex_full,29562.82,29569.37->29584.43,,29511.02->29511.19,29566.02->29570.51,
2026-08-27T18:58:51.078418Z,14:58:51,2026-08-27T18:58:50Z,ES_SPX,gex_zero,7728.62,7731.91->7731.5,,,,
2026-08-27T18:58:51.460293Z,14:58:51,2026-08-27T18:58:50Z,ES_SPX,gex_full,7728.62,7731.91->7731.5,,,7913.11->7813.11,
2026-08-27T18:58:51.695582Z,14:58:51,2026-08-27T18:58:50Z,ES_SPX,gex_one,7728.62,7725.61->7720.16,,,,
2026-08-27T18:58:52.032434Z,14:58:52,2026-08-27T18:58:51Z,NQ_NDX,gex_zero,29571.6,29570->29586.84,,,,
2026-08-27T18:58:52.395157Z,14:58:52,2026-08-27T18:58:51Z,NQ_NDX,gex_full,29571.6,29584.43->29587.21,,,,
2026-08-27T18:59:52.923730Z,14:59:52,2026-08-27T18:59:52Z,ES_SPX,gex_zero,7728.94,7731.5->7730.16,,,,
2026-08-27T18:59:53.413420Z,14:59:53,2026-08-27T18:59:52Z,ES_SPX,gex_full,7728.94,7731.5->7730.16,,,,
2026-08-27T18:59:53.758267Z,14:59:53,2026-08-27T18:59:52Z,ES_SPX,gex_one,7728.94,7720.16->7716.5,,,,
2026-08-27T18:59:54.025637Z,14:59:54,2026-08-27T18:59:53Z,NQ_NDX,gex_zero,29572.38,29586.84->29535.94,,,,29341.02->29340.16
2026-08-27T18:59:54.492663Z,14:59:54,2026-08-27T18:59:53Z,NQ_NDX,gex_full,29572.38,29587.21->29535.94,,,29570.51->29570.86,
2026-08-27T19:00:55.105761Z,15:00:55,2026-08-27T19:00:54Z,ES_SPX,gex_zero,7729.63,7730.16->7730.82,7743.11->7742.87,7713.11->7712.87,7738.11->7737.87,7728.11->7727.87
2026-08-27T19:00:55.372474Z,15:00:55,2026-08-27T19:00:54Z,ES_SPX,gex_full,7729.63,7730.16->7730.82,7743.11->7742.87,7713.11->7712.87,7813.11->7812.87,7513.11->7512.87
2026-08-27T19:00:55.692275Z,15:00:55,2026-08-27T19:00:54Z,ES_SPX,gex_one,7729.63,7716.5->7719.92,7763.11->7762.87,7653.11->7652.87,7743.11->7742.87,7663.11->7712.87
2026-08-27T19:00:55.951816Z,15:00:55,2026-08-27T19:00:54Z,NQ_NDX,gex_zero,29575.45,29535.94->29570.05,29611.02->29610.57,29511.19->29510.73,29571.02->29570.57,29340.16->29339.7
2026-08-27T19:00:56.275807Z,15:00:56,2026-08-27T19:00:56Z,NQ_NDX,gex_full,29575.97,29535.94->29583.1,29611.02->29610.57,29511.19->29510.73,29570.86->29570.05,29161.02->29160.57
2026-08-27T19:00:56.637712Z,15:00:56,2026-08-27T19:00:56Z,NQ_NDX,gex_one,29575.97,29686.27->29685.82,29821.02->29820.57,29361.02->29360.57,29561.02->29560.57,29236.02->29235.57
2026-08-27T19:01:48.811209Z,15:01:48,2026-08-27T19:01:48Z,NQ_NDX,gex_zero,29575.69,29570.05->29583.98,,29510.73->29511.58,,29339.7->29335.82
2026-08-27T19:01:56.886777Z,15:01:56,2026-08-27T19:01:55Z,ES_SPX,gex_zero,7729.64,7730.82->7730.37,,,,
2026-08-27T19:01:57.201283Z,15:01:57,2026-08-27T19:01:57Z,ES_SPX,gex_full,7729.71,7730.82->7729.92,,,,
2026-08-27T19:01:57.537117Z,15:01:57,2026-08-27T19:01:57Z,ES_SPX,gex_one,7729.71,7719.92->7725.37,,,,
2026-08-27T19:01:58.131143Z,15:01:58,2026-08-27T19:01:57Z,NQ_NDX,gex_full,29573.57,29583.1->29583.54,,29510.73->29511.58,29570.05->29570.4,
2026-08-27T19:02:58.740396Z,15:02:58,2026-08-27T19:02:58Z,ES_SPX,gex_zero,7727.08,7730.37->7730.82,,,,
2026-08-27T19:02:59.025720Z,15:02:59,2026-08-27T19:02:58Z,ES_SPX,gex_full,7727.08,7729.92->7730.82,,,,
2026-08-27T19:02:59.335208Z,15:02:59,2026-08-27T19:02:58Z,ES_SPX,gex_one,7727.08,7725.37->7716.26,,7652.87->7687.87,,
2026-08-27T19:02:59.611197Z,15:02:59,2026-08-27T19:02:59Z,NQ_NDX,gex_zero,29569.0,29583.98->29586.75,,29511.58->29510.73,,
2026-08-27T19:03:00.155181Z,15:03:00,2026-08-27T19:03:00Z,NQ_NDX,gex_full,29568.83,,,29511.58->29510.73,,
2026-08-27T19:04:03.537681Z,15:04:03,2026-08-27T19:04:02Z,ES_SPX,gex_zero,7728.87,7730.82->7731.26,,7712.87->7722.87,,
2026-08-27T19:04:03.903530Z,15:04:03,2026-08-27T19:04:02Z,ES_SPX,gex_full,7728.87,7730.82->7731.26,,7712.87->7722.87,,
2026-08-27T19:04:04.141838Z,15:04:04,2026-08-27T19:04:04Z,ES_SPX,gex_one,7728.81,7716.26->7725.37,,,,
2026-08-27T19:04:04.476479Z,15:04:04,2026-08-27T19:04:04Z,NQ_NDX,gex_zero,29575.13,,,,,29335.82->29335.65
2026-08-27T19:04:04.815384Z,15:04:04,2026-08-27T19:04:04Z,NQ_NDX,gex_full,29575.13,,,,29570.4->29570.05,
2026-08-27T19:05:05.405123Z,15:05:05,2026-08-27T19:05:04Z,ES_SPX,gex_zero,7730.93,7731.26->7730.82,,,,
2026-08-27T19:05:05.768476Z,15:05:05,2026-08-27T19:05:05Z,ES_SPX,gex_full,7730.88,7731.26->7730.82,,,,
2026-08-27T19:05:06.018215Z,15:05:06,2026-08-27T19:05:05Z,ES_SPX,gex_one,7730.88,7725.37->7719.92,,,,
2026-08-27T19:05:06.343994Z,15:05:06,2026-08-27T19:05:06Z,NQ_NDX,gex_zero,29586.91,29586.75->29583.54,29610.57->29660.57,,,29335.65->29340.57
2026-08-27T19:05:06.582733Z,15:05:06,2026-08-27T19:05:06Z,NQ_NDX,gex_full,29586.91,29583.54->29587.16,,,29570.05->29570.4,
2026-08-27T19:06:07.284374Z,15:06:07,2026-08-27T19:06:06Z,ES_SPX,gex_zero,7729.74,7730.82->7729.92,,7722.87->7712.87,,
2026-08-27T19:06:07.686194Z,15:06:07,2026-08-27T19:06:06Z,ES_SPX,gex_full,7729.74,7730.82->7729.92,,7722.87->7712.87,,
2026-08-27T19:06:07.928619Z,15:06:07,2026-08-27T19:06:08Z,ES_SPX,gex_one,7729.52,7719.92->7716.26,,7687.87->7652.87,,7712.87->7662.87
2026-08-27T19:06:08.278536Z,15:06:08,2026-08-27T19:06:07Z,NQ_NDX,gex_zero,29579.37,29583.54->29569.55,29660.57->29610.57,,,
2026-08-27T19:06:08.614139Z,15:06:08,2026-08-27T19:06:09Z,NQ_NDX,gex_full,29579.26,29587.16->29568.91,,,29570.4->29562.97,
2026-08-27T19:07:09.211133Z,15:07:09,2026-08-27T19:07:08Z,ES_SPX,gex_zero,7731.88,7729.92->7730.37,,7712.87->7722.87,,
2026-08-27T19:07:09.610407Z,15:07:09,2026-08-27T19:07:09Z,ES_SPX,gex_full,7731.85,7729.92->7730.37,,7712.87->7722.87,,
2026-08-27T19:07:09.896947Z,15:07:09,2026-08-27T19:07:09Z,ES_SPX,gex_one,7731.85,7716.26->7719.92,,7652.87->7687.87,,7662.87->7712.87
2026-08-27T19:07:10.140769Z,15:07:10,2026-08-27T19:07:09Z,NQ_NDX,gex_zero,29590.82,29569.55->29583.54,29610.57->29660.57,29510.73->29511.58,,
2026-08-27T19:07:10.481457Z,15:07:10,2026-08-27T19:07:09Z,NQ_NDX,gex_full,29590.82,,,29510.73->29511.58,29562.97->29570.4,
2026-08-27T19:08:11.173185Z,15:08:11,2026-08-27T19:08:10Z,ES_SPX,gex_zero,7731.41,7730.37->7729.07,,7722.87->7722.79,,
2026-08-27T19:08:11.526665Z,15:08:11,2026-08-27T19:08:10Z,ES_SPX,gex_full,7731.41,7730.37->7729.07,,7722.87->7722.79,,
2026-08-27T19:08:11.834562Z,15:08:11,2026-08-27T19:08:10Z,ES_SPX,gex_one,7731.41,7719.92->7724.92,,,,7712.87->7662.87
2026-08-27T19:08:12.106561Z,15:08:12,2026-08-27T19:08:12Z,NQ_NDX,gex_zero,29580.89,29583.54->29568.17,29660.57->29610.57,29511.58->29510.57,,
2026-08-27T19:08:12.465853Z,15:08:12,2026-08-27T19:08:12Z,NQ_NDX,gex_full,29580.89,29568.91->29584.38,,29511.58->29510.57,29570.4->29568.91,
2026-08-27T19:09:13.045981Z,15:09:13,2026-08-27T19:09:12Z,ES_SPX,gex_zero,7732.91,7729.07->7729.48,,7722.79->7722.87,,
2026-08-27T19:09:13.635212Z,15:09:13,2026-08-27T19:09:14Z,ES_SPX,gex_full,7733.08,7729.07->7729.48,,7722.79->7722.87,,
2026-08-27T19:09:14.180379Z,15:09:14,2026-08-27T19:09:14Z,ES_SPX,gex_one,7733.08,7724.92->7716.26,,,,
2026-08-27T19:09:14.710599Z,15:09:14,2026-08-27T19:09:14Z,NQ_NDX,gex_zero,29588.45,29568.17->29584.38,,29510.57->29510.73,,
2026-08-27T19:09:15.634937Z,15:09:15,2026-08-27T19:09:14Z,NQ_NDX,gex_full,29588.45,29584.38->29586.75,,29510.57->29510.73,29568.91->29570.05,
2026-08-27T19:10:17.682191Z,15:10:17,2026-08-27T19:10:17Z,NQ_NDX,gex_zero,29590.69,,,29510.73->29511.08,,
2026-08-27T19:10:17.915116Z,15:10:17,2026-08-27T19:10:17Z,NQ_NDX,gex_full,29590.69,29586.75->29583.98,,29510.73->29511.08,29570.05->29570.4,
2026-08-27T19:11:18.519946Z,15:11:18,2026-08-27T19:11:18Z,ES_SPX,gex_zero,7732.58,7729.48->7729.92,,,,
2026-08-27T19:11:18.810480Z,15:11:18,2026-08-27T19:11:18Z,ES_SPX,gex_full,7732.58,7729.48->7729.92,,,,
2026-08-27T19:11:19.470226Z,15:11:19,2026-08-27T19:11:19Z,NQ_NDX,gex_zero,29593.76,29584.38->29586.38,,,,
2026-08-27T19:11:19.705752Z,15:11:19,2026-08-27T19:11:19Z,NQ_NDX,gex_full,29593.76,29583.98->29568.17,,,,
2026-08-27T19:12:20.321193Z,15:12:20,2026-08-27T19:12:20Z,ES_SPX,gex_zero,7732.07,7729.92->7729.48,,,,
2026-08-27T19:12:20.826095Z,15:12:20,2026-08-27T19:12:19Z,ES_SPX,gex_full,7732.1,7729.92->7729.07,,,,
2026-08-27T19:12:21.459501Z,15:12:21,2026-08-27T19:12:21Z,NQ_NDX,gex_zero,29593.98,29586.38->29584.38,,29511.08->29510.73,,
2026-08-27T19:12:21.725845Z,15:12:21,2026-08-27T19:12:21Z,NQ_NDX,gex_full,29593.98,29568.17->29535.49,,,,
2026-08-27T19:13:22.401356Z,15:13:22,2026-08-27T19:13:22Z,ES_SPX,gex_zero,7732.6,7729.48->7729.92,,,,
2026-08-27T19:13:22.743796Z,15:13:22,2026-08-27T19:13:22Z,ES_SPX,gex_full,7732.6,7729.07->7729.92,,,,
2026-08-27T19:13:22.985633Z,15:13:22,2026-08-27T19:13:22Z,ES_SPX,gex_one,7732.6,,,7687.87->7662.87,,
2026-08-27T19:13:23.335685Z,15:13:23,2026-08-27T19:13:22Z,NQ_NDX,gex_zero,29596.17,,,29510.73->29513.79,,
2026-08-27T19:13:23.581780Z,15:13:23,2026-08-27T19:13:24Z,NQ_NDX,gex_full,29595.92,29535.49->29535.31,,29511.08->29513.79,,
2026-08-27T19:14:25.626092Z,15:14:25,2026-08-27T19:14:25Z,NQ_NDX,gex_zero,29603.1,29584.38->29535.06,29610.57->29660.57,29513.79->29518.91,,
2026-08-27T19:14:25.871847Z,15:14:25,2026-08-27T19:14:25Z,NQ_NDX,gex_full,29603.1,29535.31->29534.75,29610.57->29660.57,29513.79->29518.91,,
2026-08-27T19:15:26.698318Z,15:15:26,2026-08-27T19:15:25Z,ES_SPX,gex_zero,7730.79,7729.92->7729.77,7742.87->7742.64,7722.87->7722.72,7737.87->7737.72,7727.87->7727.72
2026-08-27T19:15:27.064771Z,15:15:27,2026-08-27T19:15:27Z,ES_SPX,gex_full,7730.9,7729.92->7729.77,7742.87->7742.64,7722.87->7722.72,7812.87->7812.72,7512.87->7512.72
2026-08-27T19:15:27.321229Z,15:15:27,2026-08-27T19:15:27Z,ES_SPX,gex_one,7730.9,7716.26->7724.77,7762.87->7762.72,7662.87->7687.72,7742.87->7742.72,7662.87->7662.72
2026-08-27T19:15:27.661467Z,15:15:27,2026-08-27T19:15:26Z,NQ_NDX,gex_zero,29594.92,29535.06->29570.96,29660.57->29611.48,29518.91->29511.64,29570.57->29571.48,29340.57->29341.48
2026-08-27T19:15:27.997766Z,15:15:27,2026-08-27T19:15:28Z,NQ_NDX,gex_full,29595.05,29534.75->29536.4,29660.57->29611.48,29518.91->29511.64,29570.4->29571.31,29160.57->29161.48
2026-08-27T19:15:28.236606Z,15:15:28,2026-08-27T19:15:28Z,NQ_NDX,gex_one,29595.05,29685.82->29686.48,29820.57->29821.48,29360.57->29361.48,29560.57->29561.48,29235.57->29236.48
2026-08-27T19:16:28.624030Z,15:16:28,2026-08-27T19:16:28Z,ES_SPX,gex_zero,7733.19,7729.77->7730.22,,,,
2026-08-27T19:16:29.001342Z,15:16:29,2026-08-27T19:16:28Z,ES_SPX,gex_full,7733.19,7729.77->7730.22,,,7812.72->7737.72,
2026-08-27T19:16:29.339328Z,15:16:29,2026-08-27T19:16:28Z,ES_SPX,gex_one,7733.19,7724.77->7716.11,,,,
2026-08-27T19:16:29.587699Z,15:16:29,2026-08-27T19:16:29Z,NQ_NDX,gex_zero,29606.94,29570.96->29587.66,29611.48->29661.48,29511.64->29521.31,,
2026-08-27T19:16:29.862762Z,15:16:29,2026-08-27T19:16:29Z,NQ_NDX,gex_full,29606.94,29536.4->29584.45,,29511.64->29521.31,,
2026-08-27T19:17:30.403321Z,15:17:30,2026-08-27T19:17:30Z,ES_SPX,gex_zero,7732.82,7730.22->7729.33,,,,
2026-08-27T19:17:30.822033Z,15:17:30,2026-08-27T19:17:30Z,ES_SPX,gex_full,7732.82,7730.22->7729.33,,,,
2026-08-27T19:17:31.067791Z,15:17:31,2026-08-27T19:17:30Z,ES_SPX,gex_one,7732.82,7716.11->7724.77,,,,
2026-08-27T19:17:31.383573Z,15:17:31,2026-08-27T19:17:30Z,NQ_NDX,gex_zero,29605.41,29587.66->29536.22,,29521.31->29513.13,,
2026-08-27T19:17:31.737057Z,15:17:31,2026-08-27T19:17:32Z,NQ_NDX,gex_full,29603.82,29584.45->29536.4,,29521.31->29513.13,,
2026-08-27T19:18:32.324239Z,15:18:32,2026-08-27T19:18:33Z,ES_SPX,gex_zero,7731.68,7729.33->7729.77,,,,
2026-08-27T19:18:33.321149Z,15:18:33,2026-08-27T19:18:33Z,ES_SPX,gex_full,7731.68,7729.33->7729.77,,,7737.72->7812.72,
2026-08-27T19:18:33.700275Z,15:18:33,2026-08-27T19:18:33Z,ES_SPX,gex_one,7731.68,7724.77->7720.22,,7687.72->7662.72,,
2026-08-27T19:18:33.952901Z,15:18:33,2026-08-27T19:18:33Z,NQ_NDX,gex_zero,29597.45,29536.22->29536.48,29661.48->29611.48,29513.13->29521.31,,
2026-08-27T19:18:34.264121Z,15:18:34,2026-08-27T19:18:33Z,NQ_NDX,gex_full,29597.45,29536.4->29587.66,,29513.13->29521.31,,
2026-08-27T19:19:35.294352Z,15:19:35,2026-08-27T19:19:34Z,ES_SPX,gex_full,7732.98,,,,7812.72->7737.72,
2026-08-27T19:19:35.610746Z,15:19:35,2026-08-27T19:19:34Z,ES_SPX,gex_one,7732.98,7720.22->7716.11,,,,
2026-08-27T19:19:35.868924Z,15:19:35,2026-08-27T19:19:35Z,NQ_NDX,gex_zero,29603.97,29536.48->29570.46,29611.48->29661.48,29521.31->29512.49,,
2026-08-27T19:19:36.344027Z,15:19:36,2026-08-27T19:19:35Z,NQ_NDX,gex_full,29603.97,,,29521.31->29512.49,,
2026-08-27T19:20:37.047442Z,15:20:37,2026-08-27T19:20:36Z,ES_SPX,gex_zero,7732.51,7729.77->7729.33,7742.64->7742.21,,,
2026-08-27T19:20:37.409207Z,15:20:37,2026-08-27T19:20:36Z,ES_SPX,gex_full,7732.51,7729.77->7729.33,7742.64->7742.21,,,
2026-08-27T19:20:37.670040Z,15:20:37,2026-08-27T19:20:36Z,ES_SPX,gex_one,7732.51,7716.11->7724.77,,,,
2026-08-27T19:20:37.989656Z,15:20:37,2026-08-27T19:20:37Z,NQ_NDX,gex_zero,29604.79,29570.46->29585.29,29661.48->29611.48,,,
2026-08-27T19:20:38.247393Z,15:20:38,2026-08-27T19:20:37Z,NQ_NDX,gex_full,29604.79,29587.66->29584.89,,,,
2026-08-27T19:21:38.813445Z,15:21:38,2026-08-27T19:21:38Z,ES_SPX,gex_zero,7733.19,,7742.21->7742.64,,,
2026-08-27T19:21:39.207179Z,15:21:39,2026-08-27T19:21:38Z,ES_SPX,gex_full,7733.19,,7742.21->7742.64,,,
2026-08-27T19:21:39.480735Z,15:21:39,2026-08-27T19:21:38Z,ES_SPX,gex_one,7733.19,7724.77->7716.11,,,,
2026-08-27T19:21:39.797587Z,15:21:39,2026-08-27T19:21:39Z,NQ_NDX,gex_zero,29606.96,29585.29->29569.82,,29512.49->29519.82,,
2026-08-27T19:21:40.033819Z,15:21:40,2026-08-27T19:21:39Z,NQ_NDX,gex_full,29606.96,29584.89->29569.08,,29512.49->29519.82,,
2026-08-27T19:21:40.329489Z,15:21:40,2026-08-27T19:21:39Z,NQ_NDX,gex_one,29606.96,29686.48->29651.99,,,,
2026-08-27T19:22:41.259180Z,15:22:41,2026-08-27T19:22:41Z,ES_SPX,gex_one,7733.05,7716.11->7724.77,,,,
2026-08-27T19:22:41.598017Z,15:22:41,2026-08-27T19:22:41Z,NQ_NDX,gex_zero,29607.55,29569.82->29587.29,,29519.82->29520.96,,
2026-08-27T19:22:41.964928Z,15:22:41,2026-08-27T19:22:41Z,NQ_NDX,gex_full,29607.55,29569.08->29585.29,,29519.82->29520.96,,
2026-08-27T19:23:42.555194Z,15:23:42,2026-08-27T19:23:42Z,ES_SPX,gex_zero,7733.16,7729.33->7729.77,7742.64->7742.46,,,
2026-08-27T19:23:42.946705Z,15:23:42,2026-08-27T19:23:42Z,ES_SPX,gex_full,7733.16,7729.33->7729.77,7742.64->7742.46,,,
2026-08-27T19:23:43.585535Z,15:23:43,2026-08-27T19:23:42Z,NQ_NDX,gex_zero,29608.69,,,29520.96->29521.48,,
2026-08-27T19:23:43.992392Z,15:23:43,2026-08-27T19:23:42Z,NQ_NDX,gex_full,29608.69,29585.29->29536.4,,29520.96->29521.48,29571.31->29571.48,
2026-08-27T19:24:44.519904Z,15:24:44,2026-08-27T19:24:44Z,ES_SPX,gex_zero,7732.41,7729.77->7729.33,7742.46->7737.8,,,
2026-08-27T19:24:44.892367Z,15:24:44,2026-08-27T19:24:47Z,ES_SPX,gex_full,7732.47,7729.77->7728.92,7742.46->7737.8,,,
2026-08-27T19:24:47.761989Z,15:24:47,2026-08-27T19:24:47Z,NQ_NDX,gex_zero,29608.13,29587.29->29585.29,29611.48->29661.48,29521.48->29561.48,,
2026-08-27T19:24:48.065984Z,15:24:48,2026-08-27T19:24:47Z,NQ_NDX,gex_full,29608.13,,,29521.48->29511.64,,
2026-08-27T19:25:49.069435Z,15:25:49,2026-08-27T19:25:48Z,ES_SPX,gex_zero,7731.02,7729.33->7728.55,7737.8->7737.72,,,
2026-08-27T19:25:49.426958Z,15:25:49,2026-08-27T19:25:48Z,ES_SPX,gex_full,7731.02,7728.92->7728.55,7737.8->7737.72,,7737.72->7812.72,
2026-08-27T19:25:49.992482Z,15:25:49,2026-08-27T19:25:49Z,NQ_NDX,gex_zero,29603.12,29585.29->29571.64,29661.48->29611.48,29561.48->29511.64,,
2026-08-27T19:25:50.233145Z,15:25:50,2026-08-27T19:25:49Z,NQ_NDX,gex_full,29603.12,29536.4->29571.48,,,29571.48->29569.82,
2026-08-27T19:26:50.889175Z,15:26:50,2026-08-27T19:26:50Z,ES_SPX,gex_zero,7731.32,7728.55->7730.22,7737.72->7737.8,,,
2026-08-27T19:26:51.239853Z,15:26:51,2026-08-27T19:26:50Z,ES_SPX,gex_full,7731.32,7728.55->7729.77,7737.72->7737.8,,,
2026-08-27T19:26:51.808283Z,15:26:51,2026-08-27T19:26:51Z,NQ_NDX,gex_zero,29608.77,29571.64->29571.31,29611.48->29661.48,29511.64->29521.31,,
2026-08-27T19:26:52.062453Z,15:26:52,2026-08-27T19:26:51Z,NQ_NDX,gex_full,29608.77,29571.48->29587.66,29611.48->29661.48,29511.64->29521.31,29569.82->29569.08,
2026-08-27T19:26:52.389473Z,15:26:52,2026-08-27T19:26:51Z,NQ_NDX,gex_one,29608.77,29651.99->29686.4,,,,
2026-08-27T19:27:52.643149Z,15:27:52,2026-08-27T19:27:53Z,ES_SPX,gex_zero,7730.11,7730.22->7728.92,7737.8->7737.72,,,
2026-08-27T19:27:52.988166Z,15:27:52,2026-08-27T19:27:51Z,ES_SPX,gex_full,7730.09,7729.77->7728.92,7737.8->7737.72,,7812.72->7912.72,
2026-08-27T19:27:53.614621Z,15:27:53,2026-08-27T19:27:53Z,NQ_NDX,gex_zero,29599.87,,29661.48->29611.48,,,
2026-08-27T19:27:53.860179Z,15:27:53,2026-08-27T19:27:53Z,NQ_NDX,gex_full,29599.87,29587.66->29570.96,29661.48->29611.48,,29569.08->29569.82,
2026-08-27T19:28:54.519210Z,15:28:54,2026-08-27T19:28:53Z,ES_SPX,gex_zero,7730.52,7728.92->7730.67,,,,
2026-08-27T19:28:54.909452Z,15:28:54,2026-08-27T19:28:53Z,ES_SPX,gex_full,7730.52,7728.92->7730.67,,,,
2026-08-27T19:28:55.177866Z,15:28:55,2026-08-27T19:28:55Z,ES_SPX,gex_one,7730.72,7724.77->7716.11,,,,
2026-08-27T19:28:55.500207Z,15:28:55,2026-08-27T19:28:54Z,NQ_NDX,gex_zero,29604.68,,,29521.31->29511.64,,
2026-08-27T19:28:55.749449Z,15:28:55,2026-08-27T19:28:56Z,NQ_NDX,gex_full,29605.07,29570.96->29584.89,,29521.31->29511.64,29569.82->29570.96,
2026-08-27T19:29:56.590105Z,15:29:56,2026-08-27T19:29:57Z,ES_SPX,gex_full,7730.41,,7737.72->7737.8,,,
2026-08-27T19:29:56.900669Z,15:29:56,2026-08-27T19:29:57Z,ES_SPX,gex_one,7730.41,7716.11->7719.77,,,,
2026-08-27T19:29:57.144681Z,15:29:57,2026-08-27T19:29:56Z,NQ_NDX,gex_zero,29603.1,29571.31->29571.48,,29511.64->29561.48,,
2026-08-27T19:29:57.485173Z,15:29:57,2026-08-27T19:29:56Z,NQ_NDX,gex_full,29603.1,29584.89->29571.31,,,29570.96->29571.31,
2026-08-27T19:30:58.077882Z,15:30:58,2026-08-27T19:30:57Z,ES_SPX,gex_zero,7731.41,,7737.72->7737.8,7722.72->7722.71,7737.72->7737.71,7727.72->7727.71
2026-08-27T19:30:58.420948Z,15:30:58,2026-08-27T19:30:58Z,ES_SPX,gex_full,7731.48,7730.67->7730.21,7737.8->7737.71,7722.72->7722.71,7912.72->7912.71,7512.72->7512.71
2026-08-27T19:30:58.796648Z,15:30:58,2026-08-27T19:30:58Z,ES_SPX,gex_one,7731.48,7719.77->7725.21,7762.72->7762.71,7662.72->7662.71,7742.72->7742.71,7662.72->7712.71
2026-08-27T19:30:59.168438Z,15:30:59,2026-08-27T19:30:59Z,NQ_NDX,gex_zero,29602.9,29571.48->29587.97,29611.48->29612.15,29561.48->29518.05,29571.48->29572.15,29341.48->29342.15
2026-08-27T19:30:59.450468Z,15:30:59,2026-08-27T19:30:59Z,NQ_NDX,gex_full,29602.9,29571.31->29585.56,29611.48->29612.15,29511.64->29518.05,29571.31->29571.64,29161.48->29162.15
2026-08-27T19:30:59.765777Z,15:30:59,2026-08-27T19:30:59Z,NQ_NDX,gex_one,29602.9,29686.4->29687.07,29821.48->29822.15,29361.48->29362.15,29561.48->29562.15,29236.48->29237.15
2026-08-27T19:32:00.030837Z,15:32:00,2026-08-27T19:32:00Z,ES_SPX,gex_zero,7734.25,,7737.8->7742.46,,,
2026-08-27T19:32:00.323276Z,15:32:00,2026-08-27T19:32:00Z,ES_SPX,gex_full,7734.25,7730.21->7730.67,7737.71->7742.63,,7912.71->7737.71,
2026-08-27T19:32:01.043861Z,15:32:01,2026-08-27T19:32:01Z,NQ_NDX,gex_zero,29617.63,29587.97->29572.15,29612.15->29662.15,29518.05->29512.31,,
2026-08-27T19:32:01.282568Z,15:32:01,2026-08-27T19:32:01Z,NQ_NDX,gex_full,29617.63,29585.56->29571.13,29612.15->29662.15,29518.05->29512.31,29571.64->29571.13,
2026-08-27T19:33:02.200942Z,15:33:02,2026-08-27T19:33:01Z,ES_SPX,gex_zero,7733.63,7730.67->7730.21,7742.46->7742.21,,,
2026-08-27T19:33:03.003769Z,15:33:03,2026-08-27T19:33:01Z,ES_SPX,gex_full,7733.63,7730.67->7730.21,7742.63->7742.21,,,
2026-08-27T19:33:03.964107Z,15:33:03,2026-08-27T19:33:04Z,NQ_NDX,gex_zero,29619.04,29572.15->29568.93,,29512.31->29512.66,,
2026-08-27T19:33:04.483315Z,15:33:04,2026-08-27T19:33:04Z,NQ_NDX,gex_full,29619.04,29571.13->29566.25,,29512.31->29512.66,,
2026-08-27T19:33:24.884405Z,15:33:24,2026-08-27T19:33:23Z,ES_SPX,gex_zero,7733.7,,7742.21->7737.97,,,
2026-08-27T19:33:28.497370Z,15:33:28,2026-08-27T19:33:31Z,NQ_NDX,gex_zero,29618.97,29568.93->29585.97,,29512.66->29562.15,,
2026-08-27T19:34:05.239215Z,15:34:05,2026-08-27T19:34:04Z,ES_SPX,gex_zero,7734.29,,7737.97->7741.89,,,
2026-08-27T19:34:05.554718Z,15:34:05,2026-08-27T19:34:04Z,ES_SPX,gex_full,7734.29,,7742.21->7741.89,,,
2026-08-27T19:34:06.205026Z,15:34:06,2026-08-27T19:34:05Z,NQ_NDX,gex_zero,29619.06,,,29562.15->29512.31,,
2026-08-27T19:34:06.575227Z,15:34:06,2026-08-27T19:34:05Z,NQ_NDX,gex_full,29619.06,29566.25->29569.75,29662.15->29612.15,29512.66->29512.31,29571.13->29571.99,
2026-08-27T19:35:07.180703Z,15:35:07,2026-08-27T19:35:06Z,ES_SPX,gex_zero,7735.59,7730.21->7729.76,7741.89->7738.22,,,
2026-08-27T19:35:07.558293Z,15:35:07,2026-08-27T19:35:08Z,ES_SPX,gex_full,7735.61,7730.21->7729.76,7741.89->7737.97,,,
2026-08-27T19:35:07.861087Z,15:35:07,2026-08-27T19:35:08Z,ES_SPX,gex_one,7735.61,7725.21->7716.51,,,,
2026-08-27T19:35:08.220524Z,15:35:08,2026-08-27T19:35:08Z,NQ_NDX,gex_zero,29624.48,29585.97->29537.23,,,,29342.15->29751.98
2026-08-27T19:35:08.474388Z,15:35:08,2026-08-27T19:35:08Z,NQ_NDX,gex_full,29624.48,29569.75->29536.65,29612.15->29662.15,,29571.99->29572.15,
2026-08-27T19:36:09.076430Z,15:36:09,2026-08-27T19:36:08Z,ES_SPX,gex_zero,7736.45,,7738.22->7742.63,7722.71->7727.46,,
2026-08-27T19:36:09.386028Z,15:36:09,2026-08-27T19:36:08Z,ES_SPX,gex_full,7736.45,,7737.97->7742.63,7722.71->7727.21,,
2026-08-27T19:36:09.740145Z,15:36:09,2026-08-27T19:36:10Z,ES_SPX,gex_one,7736.29,,,,,7712.71->7662.71
2026-08-27T19:36:10.094724Z,15:36:10,2026-08-27T19:36:09Z,NQ_NDX,gex_zero,29627.39,29537.23->29587.97,,29512.31->29562.15,,
2026-08-27T19:36:10.617028Z,15:36:10,2026-08-27T19:36:09Z,NQ_NDX,gex_full,29627.39,29536.65->29588.33,,29512.31->29562.15,,
2026-08-27T19:37:11.211000Z,15:37:11,2026-08-27T19:37:10Z,ES_SPX,gex_zero,7736.12,7729.76->7730.21,,7727.46->7722.8,,
2026-08-27T19:37:11.587430Z,15:37:11,2026-08-27T19:37:11Z,ES_SPX,gex_full,7736.29,,,7727.21->7723.91,,
2026-08-27T19:37:11.961444Z,15:37:11,2026-08-27T19:37:11Z,ES_SPX,gex_one,7736.29,7716.51->7719.76,,7662.71->7712.71,,
2026-08-27T19:37:12.207295Z,15:37:12,2026-08-27T19:37:11Z,NQ_NDX,gex_zero,29629.02,29587.97->29583.39,,,,
2026-08-27T19:37:12.551262Z,15:37:12,2026-08-27T19:37:11Z,NQ_NDX,gex_full,29629.02,29588.33->29583.39,,,,
2026-08-27T19:38:13.133392Z,15:38:13,2026-08-27T19:38:12Z,ES_SPX,gex_zero,7736.97,7730.21->7729.76,,7722.8->7727.46,,
2026-08-27T19:38:13.475605Z,15:38:13,2026-08-27T19:38:12Z,ES_SPX,gex_full,7736.97,,,7723.91->7727.21,,
2026-08-27T19:38:14.079267Z,15:38:14,2026-08-27T19:38:13Z,NQ_NDX,gex_zero,29631.44,29583.39->29587.97,,,,
2026-08-27T19:38:14.416632Z,15:38:14,2026-08-27T19:38:14Z,NQ_NDX,gex_full,29630.55,29583.39->29585.13,,,,
2026-08-27T19:38:14.872577Z,15:38:14,2026-08-27T19:38:14Z,NQ_NDX,gex_one,29630.55,29687.07->29687.15,,,,
2026-08-27T19:39:15.092951Z,15:39:15,2026-08-27T19:39:14Z,ES_SPX,gex_zero,7736.31,7729.76->7730.21,7742.63->7737.8,7727.46->7727.71,,
2026-08-27T19:39:15.586557Z,15:39:15,2026-08-27T19:39:14Z,ES_SPX,gex_full,7736.31,7729.76->7730.21,7742.63->7737.8,7727.21->7727.71,,
2026-08-27T19:39:16.532051Z,15:39:16,2026-08-27T19:39:15Z,NQ_NDX,gex_full,29629.69,29585.13->29579.79,,,,
2026-08-27T19:40:17.138359Z,15:40:17,2026-08-27T19:40:17Z,ES_SPX,gex_zero,7737.31,7730.21->7730.67,7737.8->7742.63,,,
2026-08-27T19:40:17.439130Z,15:40:17,2026-08-27T19:40:17Z,ES_SPX,gex_full,7737.31,7730.21->7730.67,7737.8->7742.63,,,
2026-08-27T19:40:18.337285Z,15:40:18,2026-08-27T19:40:18Z,NQ_NDX,gex_full,29631.64,29579.79->29588.33,,,,
2026-08-27T19:41:18.986221Z,15:41:18,2026-08-27T19:41:18Z,ES_SPX,gex_zero,7736.72,7730.67->7729.76,7742.63->7737.8,7727.71->7722.8,,
2026-08-27T19:41:19.280043Z,15:41:19,2026-08-27T19:41:19Z,ES_SPX,gex_full,7736.7,7730.67->7729.76,7742.63->7737.8,7727.71->7722.8,,
2026-08-27T19:41:19.647300Z,15:41:19,2026-08-27T19:41:19Z,ES_SPX,gex_one,7736.7,7719.76->7725.21,,,,
2026-08-27T19:41:19.956992Z,15:41:19,2026-08-27T19:41:19Z,NQ_NDX,gex_zero,29628.24,29587.97->29585.56,,,,
2026-08-27T19:41:20.218737Z,15:41:20,2026-08-27T19:41:19Z,NQ_NDX,gex_full,29628.24,29588.33->29585.13,,,,
2026-08-27T19:41:20.562052Z,15:41:20,2026-08-27T19:41:20Z,NQ_NDX,gex_one,29628.1,,,,,29237.15->29237.07
2026-08-27T19:42:20.881168Z,15:42:20,2026-08-27T19:42:20Z,ES_SPX,gex_zero,7736.79,7729.76->7730.67,7737.8->7738.22,7722.8->7727.63,,
2026-08-27T19:42:21.215619Z,15:42:21,2026-08-27T19:42:20Z,ES_SPX,gex_full,7736.79,7729.76->7730.67,7737.8->7738.22,7722.8->7727.63,,
2026-08-27T19:42:21.539487Z,15:42:21,2026-08-27T19:42:21Z,ES_SPX,gex_one,7737.03,7725.21->7716.89,,,,
2026-08-27T19:42:21.898657Z,15:42:21,2026-08-27T19:42:21Z,NQ_NDX,gex_zero,29629.81,29585.56->29569.75,,,,
2026-08-27T19:43:22.907647Z,15:43:22,2026-08-27T19:43:21Z,ES_SPX,gex_zero,7735.49,,7738.22->7737.71,7727.63->7727.71,,
2026-08-27T19:43:23.297943Z,15:43:23,2026-08-27T19:43:23Z,ES_SPX,gex_full,7735.75,7730.67->7729.76,7738.22->7737.71,7727.63->7726.1,,
2026-08-27T19:43:23.888850Z,15:43:23,2026-08-27T19:43:23Z,NQ_NDX,gex_zero,29625.53,29569.75->29570.49,,,,
2026-08-27T19:44:24.988633Z,15:44:24,2026-08-27T19:44:23Z,ES_SPX,gex_zero,7736.9,7730.67->7730.21,7737.71->7737.8,,,
2026-08-27T19:44:25.327985Z,15:44:25,2026-08-27T19:44:25Z,ES_SPX,gex_full,7736.77,7729.76->7730.21,7737.71->7737.8,7726.1->7727.71,,
2026-08-27T19:44:25.913191Z,15:44:25,2026-08-27T19:44:25Z,NQ_NDX,gex_zero,29630.16,29570.49->29585.13,,,,
2026-08-27T19:44:26.321474Z,15:44:26,2026-08-27T19:44:25Z,NQ_NDX,gex_full,29630.16,29585.13->29588.33,,,,
2026-08-27T19:45:26.896320Z,15:45:26,2026-08-27T19:45:26Z,ES_SPX,gex_zero,7737.51,7730.21->7730.28,7737.8->7737.87,7727.71->7727.78,7737.71->7737.78,7727.71->7727.78
2026-08-27T19:45:27.753269Z,15:45:27,2026-08-27T19:45:28Z,ES_SPX,gex_full,7737.69,7730.21->7730.28,7737.8->7737.87,7727.71->7727.78,7737.71->7737.78,7512.71->7512.78
2026-08-27T19:45:29.013018Z,15:45:29,2026-08-27T19:45:28Z,ES_SPX,gex_one,7737.69,7716.89->7716.96,7762.71->7762.78,7712.71->7712.78,7742.71->7742.78,7662.71->7662.78
2026-08-27T19:45:29.302864Z,15:45:29,2026-08-27T19:45:28Z,NQ_NDX,gex_zero,29633.81,29585.13->29589.38,29662.15->29661.46,29562.15->29561.46,29572.15->29571.46,29751.98->29751.3
2026-08-27T19:45:29.747137Z,15:45:29,2026-08-27T19:45:28Z,NQ_NDX,gex_full,29633.81,29588.33->29589.38,29662.15->29661.46,29562.15->29586.46,29572.15->29571.46,29162.15->29161.46
2026-08-27T19:45:30.086233Z,15:45:30,2026-08-27T19:45:30Z,NQ_NDX,gex_one,29632.98,29687.15->29618.24,29822.15->29821.46,29362.15->29361.46,29562.15->29561.46,29237.07->29236.38
2026-08-27T19:46:30.398661Z,15:46:30,2026-08-27T19:46:29Z,ES_SPX,gex_zero,7738.72,7730.28->7730.74,7737.87->7742.7,,,
2026-08-27T19:46:30.719822Z,15:46:30,2026-08-27T19:46:29Z,ES_SPX,gex_full,7738.72,7730.28->7730.74,7737.87->7742.7,,,
2026-08-27T19:46:31.294198Z,15:46:31,2026-08-27T19:46:30Z,NQ_NDX,gex_zero,29641.34,29589.38->29531.46,,29561.46->29521.46,,
2026-08-27T19:46:31.645363Z,15:46:31,2026-08-27T19:46:30Z,NQ_NDX,gex_full,29641.34,29589.38->29537.64,,29586.46->29521.46,,
2026-08-27T19:47:32.298231Z,15:47:32,2026-08-27T19:47:31Z,ES_SPX,gex_zero,7738.65,7730.74->7731.17,,,,
2026-08-27T19:47:32.587155Z,15:47:32,2026-08-27T19:47:31Z,ES_SPX,gex_full,7738.65,7730.74->7731.17,,,,
2026-08-27T19:47:32.943773Z,15:47:32,2026-08-27T19:47:33Z,ES_SPX,gex_one,7738.75,7716.96->7725.28,,,,
2026-08-27T19:47:33.267591Z,15:47:33,2026-08-27T19:47:33Z,NQ_NDX,gex_zero,29641.02,29531.46->29587.64,,29521.46->29561.46,29571.46->29661.46,
2026-08-27T19:47:33.539652Z,15:47:33,2026-08-27T19:47:33Z,NQ_NDX,gex_full,29641.02,29537.64->29536.71,,29521.46->29521.3,29571.46->29336.46,
2026-08-27T19:47:33.856982Z,15:47:33,2026-08-27T19:47:33Z,NQ_NDX,gex_one,29641.02,29618.24->29686.46,,,,
2026-08-27T19:48:34.125919Z,15:48:34,2026-08-27T19:48:34Z,ES_SPX,gex_zero,7738.97,,7742.7->7742.78,,,
2026-08-27T19:48:34.518651Z,15:48:34,2026-08-27T19:48:34Z,ES_SPX,gex_full,7738.97,,7742.7->7742.78,,,
2026-08-27T19:48:34.834971Z,15:48:34,2026-08-27T19:48:34Z,ES_SPX,gex_one,7738.97,7725.28->7719.4,,,,
2026-08-27T19:48:35.415152Z,15:48:35,2026-08-27T19:48:34Z,NQ_NDX,gex_full,29642.67,29536.71->29536.38,,,,
2026-08-27T19:48:35.719600Z,15:48:35,2026-08-27T19:48:35Z,NQ_NDX,gex_one,29643.83,29686.46->29641.95,,,,
2026-08-27T19:49:36.004230Z,15:49:36,2026-08-27T19:49:35Z,ES_SPX,gex_zero,7739.01,7731.17->7732.87,7742.78->7742.7,,,
2026-08-27T19:49:36.288404Z,15:49:36,2026-08-27T19:49:35Z,ES_SPX,gex_full,7739.01,7731.17->7732.87,7742.78->7742.7,,,
2026-08-27T19:49:36.831021Z,15:49:36,2026-08-27T19:49:36Z,NQ_NDX,gex_zero,29644.84,29587.64->29530.47,,29561.46->29521.46,,
2026-08-27T19:49:37.133859Z,15:49:37,2026-08-27T19:49:36Z,NQ_NDX,gex_full,29644.84,29536.38->29536.46,,29521.3->29521.46,29336.46->29661.46,
2026-08-27T19:50:37.731545Z,15:50:37,2026-08-27T19:50:37Z,ES_SPX,gex_zero,7735.74,7732.87->7730.28,7742.7->7737.78,7727.78->7727.7,,
2026-08-27T19:50:38.127082Z,15:50:38,2026-08-27T19:50:37Z,ES_SPX,gex_full,7735.74,7732.87->7730.28,7742.7->7737.78,7727.78->7727.7,,
2026-08-27T19:50:38.499659Z,15:50:38,2026-08-27T19:50:38Z,ES_SPX,gex_one,7735.7,7719.4->7716.96,,,,
2026-08-27T19:50:38.739418Z,15:50:38,2026-08-27T19:50:38Z,NQ_NDX,gex_zero,29629.94,29530.47->29588.05,,29521.46->29561.46,,
2026-08-27T19:50:39.061345Z,15:50:39,2026-08-27T19:50:38Z,NQ_NDX,gex_full,29629.94,29536.46->29588.05,,29521.46->29561.46,29661.46->29336.46,
2026-08-27T19:51:39.660706Z,15:51:39,2026-08-27T19:51:39Z,ES_SPX,gex_zero,7736.41,7730.28->7730.74,,7727.7->7727.78,,
2026-08-27T19:51:40.219635Z,15:51:40,2026-08-27T19:51:39Z,ES_SPX,gex_full,7736.41,7730.28->7730.74,,7727.7->7727.78,,
2026-08-27T19:51:40.585419Z,15:51:40,2026-08-27T19:51:39Z,ES_SPX,gex_one,7736.41,7716.96->7719.4,,,,
2026-08-27T19:51:41.131191Z,15:51:41,2026-08-27T19:51:41Z,NQ_NDX,gex_zero,29640.7,29588.05->29580.47,,,,
2026-08-27T19:51:41.967583Z,15:51:41,2026-08-27T19:51:41Z,NQ_NDX,gex_full,29640.7,29588.05->29531.56,,29561.46->29520.44,,
2026-08-27T19:52:42.863849Z,15:52:42,2026-08-27T19:52:43Z,ES_SPX,gex_zero,7740.52,7730.74->7731.17,7737.78->7742.78,,7737.78->7737.87,
2026-08-27T19:52:43.280440Z,15:52:43,2026-08-27T19:52:43Z,ES_SPX,gex_full,7740.52,7730.74->7731.17,7737.78->7742.78,,7737.78->7737.87,
2026-08-27T19:52:44.181528Z,15:52:44,2026-08-27T19:52:43Z,NQ_NDX,gex_zero,29661.99,29580.47->29555.56,,29561.46->29511.46,,
2026-08-27T19:52:44.452473Z,15:52:44,2026-08-27T19:52:44Z,NQ_NDX,gex_full,29661.53,29531.56->29532.32,,29520.44->29511.46,29336.46->29661.46,
2026-08-27T19:53:45.769137Z,15:53:45,2026-08-27T19:53:45Z,ES_SPX,gex_zero,7740.43,7731.17->7733.29,,7727.78->7732.7,7737.87->7742.28,
2026-08-27T19:53:46.197921Z,15:53:46,2026-08-27T19:53:45Z,ES_SPX,gex_full,7740.43,7731.17->7733.29,,7727.78->7732.7,7737.87->7742.28,
2026-08-27T19:53:46.580005Z,15:53:46,2026-08-27T19:53:45Z,ES_SPX,gex_one,7740.43,7719.4->7725.28,,,,
2026-08-27T19:53:46.899030Z,15:53:46,2026-08-27T19:53:46Z,NQ_NDX,gex_zero,29662.37,29555.56->29527.4,,,,
2026-08-27T19:53:47.264783Z,15:53:47,2026-08-27T19:53:46Z,NQ_NDX,gex_full,29662.37,29532.32->29527.4,,,,
2026-08-27T19:53:47.531594Z,15:53:47,2026-08-27T19:53:46Z,NQ_NDX,gex_one,29662.37,29641.95->29643.82,,,,
2026-08-27T19:54:47.962892Z,15:54:47,2026-08-27T19:54:48Z,ES_SPX,gex_zero,7744.02,7733.29->7738.61,,7732.7->7737.7,7742.28->7742.78,7727.78->7737.78
2026-08-27T19:54:48.277420Z,15:54:48,2026-08-27T19:54:48Z,ES_SPX,gex_full,7744.02,7733.29->7738.61,,7732.7->7737.7,7742.28->7742.78,
2026-08-27T19:54:48.821867Z,15:54:48,2026-08-27T19:54:47Z,NQ_NDX,gex_zero,29682.11,29527.4->29528.28,,,,29751.3->29750.95
2026-08-27T19:54:49.225339Z,15:54:49,2026-08-27T19:54:47Z,NQ_NDX,gex_full,29682.11,29527.4->29529.1,,,,
2026-08-27T19:54:49.571581Z,15:54:49,2026-08-27T19:54:49Z,NQ_NDX,gex_one,29681.64,29643.82->29641.46,,,,
2026-08-27T19:55:49.844890Z,15:55:49,2026-08-27T19:55:49Z,ES_SPX,gex_zero,7741.88,7738.61->7733.61,,7737.7->7732.7,,7737.78->7727.78
2026-08-27T19:55:50.163955Z,15:55:50,2026-08-27T19:55:49Z,ES_SPX,gex_full,7741.88,7738.61->7733.61,,7737.7->7732.7,,
2026-08-27T19:55:50.517093Z,15:55:50,2026-08-27T19:55:50Z,ES_SPX,gex_one,7741.56,7725.28->7719.4,,,,
2026-08-27T19:55:50.837953Z,15:55:50,2026-08-27T19:55:50Z,NQ_NDX,gex_zero,29679.21,29528.28->29556.46,,,,29750.95->29191.46
2026-08-27T19:56:51.744913Z,15:56:51,2026-08-27T19:56:50Z,ES_SPX,gex_zero,7741.67,7733.61->7720.74,,7732.7->7712.78,,
2026-08-27T19:56:52.063058Z,15:56:52,2026-08-27T19:56:52Z,ES_SPX,gex_full,7741.9,7733.61->7731.17,,7732.7->7727.78,,
2026-08-27T19:56:52.403557Z,15:56:52,2026-08-27T19:56:52Z,ES_SPX,gex_one,7741.9,7719.4->7716.96,,,,
2026-08-27T19:56:52.710213Z,15:56:52,2026-08-27T19:56:52Z,NQ_NDX,gex_zero,29684.7,29556.46->29528.28,,,,
2026-08-27T19:56:53.302321Z,15:56:53,2026-08-27T19:56:52Z,NQ_NDX,gex_one,29684.7,29641.46->29651.97,,,,
2026-08-27T19:57:53.602367Z,15:57:53,2026-08-27T19:57:53Z,ES_SPX,gex_zero,7741.36,7720.74->7733.61,,7712.78->7732.7,,7727.78->7712.78
2026-08-27T19:57:53.929625Z,15:57:53,2026-08-27T19:57:53Z,ES_SPX,gex_full,7741.36,7731.17->7733.61,,7727.78->7732.7,,
2026-08-27T19:57:54.214760Z,15:57:54,2026-08-27T19:57:53Z,ES_SPX,gex_one,7741.36,7716.96->7719.4,,,,
2026-08-27T19:57:54.581113Z,15:57:54,2026-08-27T19:57:53Z,NQ_NDX,gex_zero,29691.03,29528.28->29529.84,29661.46->29711.46,29511.46->29521.46,,
2026-08-27T19:57:54.812309Z,15:57:54,2026-08-27T19:57:53Z,NQ_NDX,gex_full,29691.03,29529.1->29585.65,29661.46->29711.46,29511.46->29521.46,29661.46->29336.46,
2026-08-27T19:58:55.396426Z,15:58:55,2026-08-27T19:58:55Z,ES_SPX,gex_zero,7742.45,7733.61->7728.98,,7732.7->7727.7,,7712.78->7727.78
2026-08-27T19:58:55.729146Z,15:58:55,2026-08-27T19:58:55Z,ES_SPX,gex_full,7742.45,7733.61->7728.98,,7732.7->7727.7,,
2026-08-27T19:58:56.518279Z,15:58:56,2026-08-27T19:58:56Z,NQ_NDX,gex_zero,29698.95,,,,,29191.46->29750.95
2026-08-27T19:58:58.417581Z,15:58:58,2026-08-27T19:58:58Z,NQ_NDX,gex_full,29698.16,29585.65->29586.21,,,,
2026-08-27T19:59:59.089453Z,15:59:59,2026-08-27T19:59:59Z,ES_SPX,gex_zero,7742.89,7728.98->7723.98,,7727.7->7722.7,,7727.78->7747.87
2026-08-27T19:59:59.450658Z,15:59:59,2026-08-27T19:59:59Z,ES_SPX,gex_full,7742.89,7728.98->7723.98,,7727.7->7712.78,,
2026-08-27T19:59:59.894995Z,15:59:59,2026-08-27T19:59:59Z,ES_SPX,gex_one,7742.89,7719.4->7724.83,,,,
2026-08-27T20:00:00.156652Z,16:00:00,2026-08-27T20:00:00Z,NQ_NDX,gex_zero,29702.81,,29711.46->29701.46,,,29750.95->29721.46
2026-08-27T20:00:00.549398Z,16:00:00,2026-08-27T20:00:00Z,NQ_NDX,gex_full,29702.81,29586.21->29530.47,29711.46->29701.46,,,
2026-08-27T20:00:00.809882Z,16:00:00,2026-08-27T20:00:00Z,NQ_NDX,gex_one,29702.81,29651.97->29480.47,,,,
